[0.000000] (-) TimerEvent: {}
[0.005469] (rf2o_laser_odometry) JobQueued: {'identifier': 'rf2o_laser_odometry', 'dependencies': OrderedDict()}
[0.005892] (sllidar_ros2) JobQueued: {'identifier': 'sllidar_ros2', 'dependencies': OrderedDict()}
[0.005934] (rf2o_laser_odometry) JobStarted: {'identifier': 'rf2o_laser_odometry'}
[0.054864] (sllidar_ros2) JobStarted: {'identifier': 'sllidar_ros2'}
[0.064428] (rf2o_laser_odometry) JobProgress: {'identifier': 'rf2o_laser_odometry', 'progress': 'cmake'}
[0.066545] (rf2o_laser_odometry) Command: {'cmd': ['/usr/bin/cmake', '/home/seeno04/inno_jazzy_ws/src/rf2o_laser_odometry', '-DAMENT_CMAKE_SYMLINK_INSTALL=1', '-DCMAKE_INSTALL_PREFIX=/home/seeno04/inno_jazzy_ws/install/rf2o_laser_odometry'], 'cwd': '/home/seeno04/inno_jazzy_ws/build/rf2o_laser_odometry', 'env': OrderedDict({'LESSOPEN': '| /usr/bin/lesspipe %s', 'CODEX_CI': '1', 'USER': 'seeno04', 'LC_TIME': 'ko_KR.UTF-8', 'XDG_SESSION_TYPE': 'wayland', 'CLUTTER_DISABLE_MIPMAPPED_TEXT': '1', 'SHLVL': '1', 'LD_LIBRARY_PATH': '/opt/ros/jazzy/opt/rviz_ogre_vendor/lib:/opt/ros/jazzy/opt/gz_math_vendor/lib:/opt/ros/jazzy/opt/gz_utils_vendor/lib:/opt/ros/jazzy/opt/gz_cmake_vendor/lib:/opt/ros/jazzy/lib/aarch64-linux-gnu:/opt/ros/jazzy/lib', 'HOME': '/home/seeno04', 'OLDPWD': '/home/seeno04/inno_jazzy_ws', 'DESKTOP_SESSION': 'ubuntu', 'ROS_PYTHON_VERSION': '3', 'GNOME_SHELL_SESSION_MODE': 'ubuntu', 'GTK_MODULES': 'gail:atk-bridge', 'PAGER': 'cat', 'LC_MONETARY': 'ko_KR.UTF-8', 'LC_CTYPE': 'C.UTF-8', 'SYSTEMD_EXEC_PID': '2916', 'IM_CONFIG_CHECK_ENV': '1', 'GSM_SKIP_SSH_AGENT_WORKAROUND': 'true', 'NO_COLOR': '1', 'DBUS_SESSION_BUS_ADDRESS': 'unix:path=/run/user/1000/bus', 'COLORTERM': 'truecolor', 'DEBUGINFOD_URLS': 'https://debuginfod.ubuntu.com', 'IM_CONFIG_PHASE': '1', 'WAYLAND_DISPLAY': 'wayland-0', 'COLCON_PREFIX_PATH': '/home/seeno04/inno_ws/install', 'ROS_DISTRO': 'jazzy', 'LOGNAME': 'seeno04', '_': '/usr/bin/colcon', 'ROS_VERSION': '2', 'MEMORY_PRESSURE_WATCH': '/sys/fs/cgroup/user.slice/user-1000.slice/user@1000.service/session.slice/org.gnome.Shell@wayland.service/memory.pressure', 'XDG_SESSION_CLASS': 'user', 'USERNAME': 'seeno04', 'TERM': 'xterm-256color', 'GNOME_DESKTOP_SESSION_ID': 'this-is-deprecated', 'ROS_LOCALHOST_ONLY': '0', 'PATH': '/home/seeno04/.codex/packages/standalone/releases/0.144.5-aarch64-unknown-linux-musl/codex-path:/home/seeno04/.local/bin:/home/seeno04/.codex/tmp/arg0/codex-arg0jXFD0L:/home/seeno04/.codex/packages/standalone/releases/0.144.5-aarch64-unknown-linux-musl/codex-path:/home/seeno04/.local/bin:/home/seeno04/.local/bin:/opt/ros/jazzy/bin:/usr/local/sbin:/usr/local/bin:/usr/sbin:/usr/bin:/sbin:/bin:/usr/games:/usr/local/games:/snap/bin:/snap/bin', 'SESSION_MANAGER': 'local/seeno04-desktop:@/tmp/.ICE-unix/2871,unix/seeno04-desktop:/tmp/.ICE-unix/2871', 'PAPERSIZE': 'a4', 'XDG_MENU_PREFIX': 'gnome-', 'LC_ADDRESS': 'ko_KR.UTF-8', 'GNOME_TERMINAL_SCREEN': '/org/gnome/Terminal/screen/5c7332fd_98ba_4fbc_b336_d01ae670d30a', 'GNOME_SETUP_DISPLAY': ':1', 'XDG_RUNTIME_DIR': '/run/user/1000', 'DISPLAY': ':0', 'CODEX_SANDBOX_NETWORK_DISABLED': '1', 'LANG': 'ko_KR.UTF-8', 'XDG_CURRENT_DESKTOP': 'ubuntu:GNOME', 'LC_TELEPHONE': 'ko_KR.UTF-8', 'XMODIFIERS': '@im=ibus', 'GH_PAGER': 'cat', 'XDG_SESSION_DESKTOP': 'ubuntu', 'XAUTHORITY': '/run/user/1000/.mutter-Xwaylandauth.6YVGS3', 'LS_COLORS': 'rs=0:di=01;34:ln=01;36:mh=00:pi=40;33:so=01;35:do=01;35:bd=40;33;01:cd=40;33;01:or=40;31;01:mi=00:su=37;41:sg=30;43:ca=00:tw=30;42:ow=34;42:st=37;44:ex=01;32:*.tar=01;31:*.tgz=01;31:*.arc=01;31:*.arj=01;31:*.taz=01;31:*.lha=01;31:*.lz4=01;31:*.lzh=01;31:*.lzma=01;31:*.tlz=01;31:*.txz=01;31:*.tzo=01;31:*.t7z=01;31:*.zip=01;31:*.z=01;31:*.dz=01;31:*.gz=01;31:*.lrz=01;31:*.lz=01;31:*.lzo=01;31:*.xz=01;31:*.zst=01;31:*.tzst=01;31:*.bz2=01;31:*.bz=01;31:*.tbz=01;31:*.tbz2=01;31:*.tz=01;31:*.deb=01;31:*.rpm=01;31:*.jar=01;31:*.war=01;31:*.ear=01;31:*.sar=01;31:*.rar=01;31:*.alz=01;31:*.ace=01;31:*.zoo=01;31:*.cpio=01;31:*.7z=01;31:*.rz=01;31:*.cab=01;31:*.wim=01;31:*.swm=01;31:*.dwm=01;31:*.esd=01;31:*.avif=01;35:*.jpg=01;35:*.jpeg=01;35:*.mjpg=01;35:*.mjpeg=01;35:*.gif=01;35:*.bmp=01;35:*.pbm=01;35:*.pgm=01;35:*.ppm=01;35:*.tga=01;35:*.xbm=01;35:*.xpm=01;35:*.tif=01;35:*.tiff=01;35:*.png=01;35:*.svg=01;35:*.svgz=01;35:*.mng=01;35:*.pcx=01;35:*.mov=01;35:*.mpg=01;35:*.mpeg=01;35:*.m2v=01;35:*.mkv=01;35:*.webm=01;35:*.webp=01;35:*.ogm=01;35:*.mp4=01;35:*.m4v=01;35:*.mp4v=01;35:*.vob=01;35:*.qt=01;35:*.nuv=01;35:*.wmv=01;35:*.asf=01;35:*.rm=01;35:*.rmvb=01;35:*.flc=01;35:*.avi=01;35:*.fli=01;35:*.flv=01;35:*.gl=01;35:*.dl=01;35:*.xcf=01;35:*.xwd=01;35:*.yuv=01;35:*.cgm=01;35:*.emf=01;35:*.ogv=01;35:*.ogx=01;35:*.aac=00;36:*.au=00;36:*.flac=00;36:*.m4a=00;36:*.mid=00;36:*.midi=00;36:*.mka=00;36:*.mp3=00;36:*.mpc=00;36:*.ogg=00;36:*.ra=00;36:*.wav=00;36:*.oga=00;36:*.opus=00;36:*.spx=00;36:*.xspf=00;36:*~=00;90:*#=00;90:*.bak=00;90:*.crdownload=00;90:*.dpkg-dist=00;90:*.dpkg-new=00;90:*.dpkg-old=00;90:*.dpkg-tmp=00;90:*.old=00;90:*.orig=00;90:*.part=00;90:*.rej=00;90:*.rpmnew=00;90:*.rpmorig=00;90:*.rpmsave=00;90:*.swp=00;90:*.tmp=00;90:*.ucf-dist=00;90:*.ucf-new=00;90:*.ucf-old=00;90:', 'GNOME_TERMINAL_SERVICE': ':1.116', 'SSH_AUTH_SOCK': '/run/user/1000/keyring/ssh', 'ROS_DOMAIN_ID': '3', 'AMENT_PREFIX_PATH': '/home/seeno04/inno_ws/install/sllidar_ros2:/opt/ros/jazzy', 'SHELL': '/bin/bash', 'LC_NAME': 'ko_KR.UTF-8', 'QT_ACCESSIBILITY': '1', 'GDMSESSION': 'ubuntu', 'LESSCLOSE': '/usr/bin/lesspipe %s %s', 'CODEX_THREAD_ID': '019f6b2d-3d29-7af2-a662-72937497f76d', 'LC_MEASUREMENT': 'ko_KR.UTF-8', 'LC_IDENTIFICATION': 'ko_KR.UTF-8', 'ROS_AUTOMATIC_DISCOVERY_RANGE': 'SUBNET', 'GIT_PAGER': 'cat', 'QT_IM_MODULE': 'ibus', 'PWD': '/home/seeno04/inno_jazzy_ws/build/rf2o_laser_odometry', 'LC_ALL': 'ko_KR.UTF-8', 'XDG_CONFIG_DIRS': '/etc/xdg/xdg-ubuntu:/etc/xdg', 'XDG_DATA_DIRS': '/usr/share/ubuntu:/usr/share/gnome:/usr/local/share/:/usr/share/:/var/lib/snapd/desktop', 'PYTHONPATH': '/opt/ros/jazzy/lib/python3.12/site-packages', 'LC_NUMERIC': 'ko_KR.UTF-8', 'LC_PAPER': 'ko_KR.UTF-8', 'COLCON': '1', 'MEMORY_PRESSURE_WRITE': 'c29tZSAyMDAwMDAgMjAwMDAwMAA=', 'VTE_VERSION': '7600', 'CMAKE_PREFIX_PATH': '/opt/ros/jazzy/opt/gz_math_vendor:/opt/ros/jazzy/opt/gz_utils_vendor:/opt/ros/jazzy/opt/gz_cmake_vendor:/home/seeno04/inno_ws/install/sllidar_ros2:/opt/ros/jazzy'}), 'shell': False}
[0.072823] (sllidar_ros2) JobProgress: {'identifier': 'sllidar_ros2', 'progress': 'cmake'}
[0.072872] (sllidar_ros2) Command: {'cmd': ['/usr/bin/cmake', '/home/seeno04/inno_jazzy_ws/src/sllidar_ros2', '-DAMENT_CMAKE_SYMLINK_INSTALL=1', '-DCMAKE_INSTALL_PREFIX=/home/seeno04/inno_jazzy_ws/install/sllidar_ros2'], 'cwd': '/home/seeno04/inno_jazzy_ws/build/sllidar_ros2', 'env': OrderedDict({'LESSOPEN': '| /usr/bin/lesspipe %s', 'CODEX_CI': '1', 'USER': 'seeno04', 'LC_TIME': 'ko_KR.UTF-8', 'XDG_SESSION_TYPE': 'wayland', 'CLUTTER_DISABLE_MIPMAPPED_TEXT': '1', 'SHLVL': '1', 'LD_LIBRARY_PATH': '/opt/ros/jazzy/opt/rviz_ogre_vendor/lib:/opt/ros/jazzy/opt/gz_math_vendor/lib:/opt/ros/jazzy/opt/gz_utils_vendor/lib:/opt/ros/jazzy/opt/gz_cmake_vendor/lib:/opt/ros/jazzy/lib/aarch64-linux-gnu:/opt/ros/jazzy/lib', 'HOME': '/home/seeno04', 'OLDPWD': '/home/seeno04/inno_jazzy_ws', 'DESKTOP_SESSION': 'ubuntu', 'ROS_PYTHON_VERSION': '3', 'GNOME_SHELL_SESSION_MODE': 'ubuntu', 'GTK_MODULES': 'gail:atk-bridge', 'PAGER': 'cat', 'LC_MONETARY': 'ko_KR.UTF-8', 'LC_CTYPE': 'C.UTF-8', 'SYSTEMD_EXEC_PID': '2916', 'IM_CONFIG_CHECK_ENV': '1', 'GSM_SKIP_SSH_AGENT_WORKAROUND': 'true', 'NO_COLOR': '1', 'DBUS_SESSION_BUS_ADDRESS': 'unix:path=/run/user/1000/bus', 'COLORTERM': 'truecolor', 'DEBUGINFOD_URLS': 'https://debuginfod.ubuntu.com', 'IM_CONFIG_PHASE': '1', 'WAYLAND_DISPLAY': 'wayland-0', 'COLCON_PREFIX_PATH': '/home/seeno04/inno_ws/install', 'ROS_DISTRO': 'jazzy', 'LOGNAME': 'seeno04', '_': '/usr/bin/colcon', 'ROS_VERSION': '2', 'MEMORY_PRESSURE_WATCH': '/sys/fs/cgroup/user.slice/user-1000.slice/user@1000.service/session.slice/org.gnome.Shell@wayland.service/memory.pressure', 'XDG_SESSION_CLASS': 'user', 'USERNAME': 'seeno04', 'TERM': 'xterm-256color', 'GNOME_DESKTOP_SESSION_ID': 'this-is-deprecated', 'ROS_LOCALHOST_ONLY': '0', 'PATH': '/home/seeno04/.codex/packages/standalone/releases/0.144.5-aarch64-unknown-linux-musl/codex-path:/home/seeno04/.local/bin:/home/seeno04/.codex/tmp/arg0/codex-arg0jXFD0L:/home/seeno04/.codex/packages/standalone/releases/0.144.5-aarch64-unknown-linux-musl/codex-path:/home/seeno04/.local/bin:/home/seeno04/.local/bin:/opt/ros/jazzy/bin:/usr/local/sbin:/usr/local/bin:/usr/sbin:/usr/bin:/sbin:/bin:/usr/games:/usr/local/games:/snap/bin:/snap/bin', 'SESSION_MANAGER': 'local/seeno04-desktop:@/tmp/.ICE-unix/2871,unix/seeno04-desktop:/tmp/.ICE-unix/2871', 'PAPERSIZE': 'a4', 'XDG_MENU_PREFIX': 'gnome-', 'LC_ADDRESS': 'ko_KR.UTF-8', 'GNOME_TERMINAL_SCREEN': '/org/gnome/Terminal/screen/5c7332fd_98ba_4fbc_b336_d01ae670d30a', 'GNOME_SETUP_DISPLAY': ':1', 'XDG_RUNTIME_DIR': '/run/user/1000', 'DISPLAY': ':0', 'CODEX_SANDBOX_NETWORK_DISABLED': '1', 'LANG': 'ko_KR.UTF-8', 'XDG_CURRENT_DESKTOP': 'ubuntu:GNOME', 'LC_TELEPHONE': 'ko_KR.UTF-8', 'XMODIFIERS': '@im=ibus', 'GH_PAGER': 'cat', 'XDG_SESSION_DESKTOP': 'ubuntu', 'XAUTHORITY': '/run/user/1000/.mutter-Xwaylandauth.6YVGS3', 'LS_COLORS': 'rs=0:di=01;34:ln=01;36:mh=00:pi=40;33:so=01;35:do=01;35:bd=40;33;01:cd=40;33;01:or=40;31;01:mi=00:su=37;41:sg=30;43:ca=00:tw=30;42:ow=34;42:st=37;44:ex=01;32:*.tar=01;31:*.tgz=01;31:*.arc=01;31:*.arj=01;31:*.taz=01;31:*.lha=01;31:*.lz4=01;31:*.lzh=01;31:*.lzma=01;31:*.tlz=01;31:*.txz=01;31:*.tzo=01;31:*.t7z=01;31:*.zip=01;31:*.z=01;31:*.dz=01;31:*.gz=01;31:*.lrz=01;31:*.lz=01;31:*.lzo=01;31:*.xz=01;31:*.zst=01;31:*.tzst=01;31:*.bz2=01;31:*.bz=01;31:*.tbz=01;31:*.tbz2=01;31:*.tz=01;31:*.deb=01;31:*.rpm=01;31:*.jar=01;31:*.war=01;31:*.ear=01;31:*.sar=01;31:*.rar=01;31:*.alz=01;31:*.ace=01;31:*.zoo=01;31:*.cpio=01;31:*.7z=01;31:*.rz=01;31:*.cab=01;31:*.wim=01;31:*.swm=01;31:*.dwm=01;31:*.esd=01;31:*.avif=01;35:*.jpg=01;35:*.jpeg=01;35:*.mjpg=01;35:*.mjpeg=01;35:*.gif=01;35:*.bmp=01;35:*.pbm=01;35:*.pgm=01;35:*.ppm=01;35:*.tga=01;35:*.xbm=01;35:*.xpm=01;35:*.tif=01;35:*.tiff=01;35:*.png=01;35:*.svg=01;35:*.svgz=01;35:*.mng=01;35:*.pcx=01;35:*.mov=01;35:*.mpg=01;35:*.mpeg=01;35:*.m2v=01;35:*.mkv=01;35:*.webm=01;35:*.webp=01;35:*.ogm=01;35:*.mp4=01;35:*.m4v=01;35:*.mp4v=01;35:*.vob=01;35:*.qt=01;35:*.nuv=01;35:*.wmv=01;35:*.asf=01;35:*.rm=01;35:*.rmvb=01;35:*.flc=01;35:*.avi=01;35:*.fli=01;35:*.flv=01;35:*.gl=01;35:*.dl=01;35:*.xcf=01;35:*.xwd=01;35:*.yuv=01;35:*.cgm=01;35:*.emf=01;35:*.ogv=01;35:*.ogx=01;35:*.aac=00;36:*.au=00;36:*.flac=00;36:*.m4a=00;36:*.mid=00;36:*.midi=00;36:*.mka=00;36:*.mp3=00;36:*.mpc=00;36:*.ogg=00;36:*.ra=00;36:*.wav=00;36:*.oga=00;36:*.opus=00;36:*.spx=00;36:*.xspf=00;36:*~=00;90:*#=00;90:*.bak=00;90:*.crdownload=00;90:*.dpkg-dist=00;90:*.dpkg-new=00;90:*.dpkg-old=00;90:*.dpkg-tmp=00;90:*.old=00;90:*.orig=00;90:*.part=00;90:*.rej=00;90:*.rpmnew=00;90:*.rpmorig=00;90:*.rpmsave=00;90:*.swp=00;90:*.tmp=00;90:*.ucf-dist=00;90:*.ucf-new=00;90:*.ucf-old=00;90:', 'GNOME_TERMINAL_SERVICE': ':1.116', 'SSH_AUTH_SOCK': '/run/user/1000/keyring/ssh', 'ROS_DOMAIN_ID': '3', 'AMENT_PREFIX_PATH': '/home/seeno04/inno_ws/install/sllidar_ros2:/opt/ros/jazzy', 'SHELL': '/bin/bash', 'LC_NAME': 'ko_KR.UTF-8', 'QT_ACCESSIBILITY': '1', 'GDMSESSION': 'ubuntu', 'LESSCLOSE': '/usr/bin/lesspipe %s %s', 'CODEX_THREAD_ID': '019f6b2d-3d29-7af2-a662-72937497f76d', 'LC_MEASUREMENT': 'ko_KR.UTF-8', 'LC_IDENTIFICATION': 'ko_KR.UTF-8', 'ROS_AUTOMATIC_DISCOVERY_RANGE': 'SUBNET', 'GIT_PAGER': 'cat', 'QT_IM_MODULE': 'ibus', 'PWD': '/home/seeno04/inno_jazzy_ws/build/sllidar_ros2', 'LC_ALL': 'ko_KR.UTF-8', 'XDG_CONFIG_DIRS': '/etc/xdg/xdg-ubuntu:/etc/xdg', 'XDG_DATA_DIRS': '/usr/share/ubuntu:/usr/share/gnome:/usr/local/share/:/usr/share/:/var/lib/snapd/desktop', 'PYTHONPATH': '/opt/ros/jazzy/lib/python3.12/site-packages', 'LC_NUMERIC': 'ko_KR.UTF-8', 'LC_PAPER': 'ko_KR.UTF-8', 'COLCON': '1', 'MEMORY_PRESSURE_WRITE': 'c29tZSAyMDAwMDAgMjAwMDAwMAA=', 'VTE_VERSION': '7600', 'CMAKE_PREFIX_PATH': '/opt/ros/jazzy/opt/gz_math_vendor:/opt/ros/jazzy/opt/gz_utils_vendor:/opt/ros/jazzy/opt/gz_cmake_vendor:/home/seeno04/inno_ws/install/sllidar_ros2:/opt/ros/jazzy'}), 'shell': False}
[0.099295] (-) TimerEvent: {}
[0.199533] (-) TimerEvent: {}
[0.300223] (-) TimerEvent: {}
[0.400600] (-) TimerEvent: {}
[0.500985] (-) TimerEvent: {}
[0.601520] (-) TimerEvent: {}
[0.701828] (-) TimerEvent: {}
[0.802179] (-) TimerEvent: {}
[0.904525] (-) TimerEvent: {}
[1.005736] (-) TimerEvent: {}
[1.070749] (sllidar_ros2) StdoutLine: {'line': b'-- The C compiler identification is GNU 13.3.0\n'}
[1.071055] (rf2o_laser_odometry) StdoutLine: {'line': b'-- The C compiler identification is GNU 13.3.0\n'}
[1.106090] (-) TimerEvent: {}
[1.208077] (-) TimerEvent: {}
[1.309532] (-) TimerEvent: {}
[1.409781] (-) TimerEvent: {}
[1.511607] (-) TimerEvent: {}
[1.615264] (sllidar_ros2) StdoutLine: {'line': b'-- The CXX compiler identification is GNU 13.3.0\n'}
[1.615585] (-) TimerEvent: {}
[1.618299] (rf2o_laser_odometry) StdoutLine: {'line': b'-- The CXX compiler identification is GNU 13.3.0\n'}
[1.683591] (sllidar_ros2) StdoutLine: {'line': b'-- Detecting C compiler ABI info\n'}
[1.688525] (rf2o_laser_odometry) StdoutLine: {'line': b'-- Detecting C compiler ABI info\n'}
[1.715723] (-) TimerEvent: {}
[1.816499] (-) TimerEvent: {}
[1.916804] (-) TimerEvent: {}
[1.965587] (rf2o_laser_odometry) StdoutLine: {'line': b'-- Detecting C compiler ABI info - done\n'}
[1.977610] (sllidar_ros2) StdoutLine: {'line': b'-- Detecting C compiler ABI info - done\n'}
[1.982756] (rf2o_laser_odometry) StdoutLine: {'line': b'-- Check for working C compiler: /usr/bin/cc - skipped\n'}
[1.983774] (rf2o_laser_odometry) StdoutLine: {'line': b'-- Detecting C compile features\n'}
[1.988835] (rf2o_laser_odometry) StdoutLine: {'line': b'-- Detecting C compile features - done\n'}
[2.000564] (sllidar_ros2) StdoutLine: {'line': b'-- Check for working C compiler: /usr/bin/cc - skipped\n'}
[2.000858] (sllidar_ros2) StdoutLine: {'line': b'-- Detecting C compile features\n'}
[2.001095] (sllidar_ros2) StdoutLine: {'line': b'-- Detecting C compile features - done\n'}
[2.011964] (rf2o_laser_odometry) StdoutLine: {'line': b'-- Detecting CXX compiler ABI info\n'}
[2.016932] (-) TimerEvent: {}
[2.037636] (sllidar_ros2) StdoutLine: {'line': b'-- Detecting CXX compiler ABI info\n'}
[2.119522] (-) TimerEvent: {}
[2.219768] (-) TimerEvent: {}
[2.294121] (sllidar_ros2) StdoutLine: {'line': b'-- Detecting CXX compiler ABI info - done\n'}
[2.312562] (sllidar_ros2) StdoutLine: {'line': b'-- Check for working CXX compiler: /usr/bin/c++ - skipped\n'}
[2.312878] (sllidar_ros2) StdoutLine: {'line': b'-- Detecting CXX compile features\n'}
[2.313516] (rf2o_laser_odometry) StdoutLine: {'line': b'-- Detecting CXX compiler ABI info - done\n'}
[2.313694] (sllidar_ros2) StdoutLine: {'line': b'-- Detecting CXX compile features - done\n'}
[2.320198] (-) TimerEvent: {}
[2.321964] (sllidar_ros2) StdoutLine: {'line': b'-- Found ament_cmake: 2.5.6 (/opt/ros/jazzy/share/ament_cmake/cmake)\n'}
[2.335541] (rf2o_laser_odometry) StdoutLine: {'line': b'-- Check for working CXX compiler: /usr/bin/c++ - skipped\n'}
[2.335808] (rf2o_laser_odometry) StdoutLine: {'line': b'-- Detecting CXX compile features\n'}
[2.336068] (rf2o_laser_odometry) StdoutLine: {'line': b'-- Detecting CXX compile features - done\n'}
[2.338852] (rf2o_laser_odometry) StdoutLine: {'line': b'-- Found ament_cmake: 2.5.6 (/opt/ros/jazzy/share/ament_cmake/cmake)\n'}
[2.420272] (-) TimerEvent: {}
[2.520545] (-) TimerEvent: {}
[2.621116] (-) TimerEvent: {}
[2.622338] (sllidar_ros2) StdoutLine: {'line': b'-- Found Python3: /usr/bin/python3 (found version "3.12.3") found components: Interpreter \n'}
[2.623130] (rf2o_laser_odometry) StdoutLine: {'line': b'-- Found Python3: /usr/bin/python3 (found version "3.12.3") found components: Interpreter \n'}
[2.721608] (-) TimerEvent: {}
[2.823539] (-) TimerEvent: {}
[2.859473] (sllidar_ros2) StdoutLine: {'line': b'-- Override CMake install command with custom implementation using symlinks instead of copying resources\n'}
[2.860323] (rf2o_laser_odometry) StdoutLine: {'line': b'-- Override CMake install command with custom implementation using symlinks instead of copying resources\n'}
[2.923665] (-) TimerEvent: {}
[3.000349] (sllidar_ros2) StdoutLine: {'line': b'-- Found rclcpp: 28.1.21 (/opt/ros/jazzy/share/rclcpp/cmake)\n'}
[3.000589] (rf2o_laser_odometry) StdoutLine: {'line': b'-- Found rclcpp: 28.1.21 (/opt/ros/jazzy/share/rclcpp/cmake)\n'}
[3.024382] (-) TimerEvent: {}
[3.125158] (-) TimerEvent: {}
[3.149764] (rf2o_laser_odometry) StdoutLine: {'line': b'-- Found rosidl_generator_c: 4.6.9 (/opt/ros/jazzy/share/rosidl_generator_c/cmake)\n'}
[3.150047] (sllidar_ros2) StdoutLine: {'line': b'-- Found rosidl_generator_c: 4.6.9 (/opt/ros/jazzy/share/rosidl_generator_c/cmake)\n'}
[3.200583] (sllidar_ros2) StdoutLine: {'line': b'-- Found rosidl_generator_cpp: 4.6.9 (/opt/ros/jazzy/share/rosidl_generator_cpp/cmake)\n'}
[3.202084] (rf2o_laser_odometry) StdoutLine: {'line': b'-- Found rosidl_generator_cpp: 4.6.9 (/opt/ros/jazzy/share/rosidl_generator_cpp/cmake)\n'}
[3.225239] (-) TimerEvent: {}
[3.271632] (rf2o_laser_odometry) StdoutLine: {'line': b'-- Using all available rosidl_typesupport_c: rosidl_typesupport_fastrtps_c;rosidl_typesupport_introspection_c\n'}
[3.272430] (sllidar_ros2) StdoutLine: {'line': b'-- Using all available rosidl_typesupport_c: rosidl_typesupport_fastrtps_c;rosidl_typesupport_introspection_c\n'}
[3.325349] (-) TimerEvent: {}
[3.341534] (sllidar_ros2) StdoutLine: {'line': b'-- Using all available rosidl_typesupport_cpp: rosidl_typesupport_fastrtps_cpp;rosidl_typesupport_introspection_cpp\n'}
[3.344745] (rf2o_laser_odometry) StdoutLine: {'line': b'-- Using all available rosidl_typesupport_cpp: rosidl_typesupport_fastrtps_cpp;rosidl_typesupport_introspection_cpp\n'}
[3.425483] (-) TimerEvent: {}
[3.526955] (-) TimerEvent: {}
[3.587611] (rf2o_laser_odometry) StdoutLine: {'line': b'-- Found rmw_implementation_cmake: 7.3.3 (/opt/ros/jazzy/share/rmw_implementation_cmake/cmake)\n'}
[3.588381] (sllidar_ros2) StdoutLine: {'line': b'-- Found rmw_implementation_cmake: 7.3.3 (/opt/ros/jazzy/share/rmw_implementation_cmake/cmake)\n'}
[3.596000] (rf2o_laser_odometry) StdoutLine: {'line': b'-- Found rmw_fastrtps_cpp: 8.4.4 (/opt/ros/jazzy/share/rmw_fastrtps_cpp/cmake)\n'}
[3.596469] (sllidar_ros2) StdoutLine: {'line': b'-- Found rmw_fastrtps_cpp: 8.4.4 (/opt/ros/jazzy/share/rmw_fastrtps_cpp/cmake)\n'}
[3.627535] (-) TimerEvent: {}
[3.727821] (-) TimerEvent: {}
[3.828068] (-) TimerEvent: {}
[3.890170] (rf2o_laser_odometry) StdoutLine: {'line': b'-- Found OpenSSL: /usr/lib/aarch64-linux-gnu/libcrypto.so (found version "3.0.13")  \n'}
[3.902275] (sllidar_ros2) StdoutLine: {'line': b'-- Found OpenSSL: /usr/lib/aarch64-linux-gnu/libcrypto.so (found version "3.0.13")  \n'}
[3.930487] (-) TimerEvent: {}
[3.937511] (rf2o_laser_odometry) StdoutLine: {'line': b'-- Found FastRTPS: /opt/ros/jazzy/include (Required is at least version "2.13") \n'}
[3.942206] (sllidar_ros2) StdoutLine: {'line': b'-- Found FastRTPS: /opt/ros/jazzy/include (Required is at least version "2.13") \n'}
[3.990953] (sllidar_ros2) StdoutLine: {'line': b"-- Using RMW implementation 'rmw_fastrtps_cpp' as default\n"}
[3.998627] (rf2o_laser_odometry) StdoutLine: {'line': b"-- Using RMW implementation 'rmw_fastrtps_cpp' as default\n"}
[4.031599] (-) TimerEvent: {}
[4.132071] (-) TimerEvent: {}
[4.237528] (-) TimerEvent: {}
[4.241501] (rf2o_laser_odometry) StdoutLine: {'line': b'-- Found std_msgs: 5.3.8 (/opt/ros/jazzy/share/std_msgs/cmake)\n'}
[4.242910] (sllidar_ros2) StdoutLine: {'line': b'-- Found sensor_msgs: 5.3.8 (/opt/ros/jazzy/share/sensor_msgs/cmake)\n'}
[4.298387] (rf2o_laser_odometry) StdoutLine: {'line': b'-- Found geometry_msgs: 5.3.8 (/opt/ros/jazzy/share/geometry_msgs/cmake)\n'}
[4.337662] (-) TimerEvent: {}
[4.392512] (rf2o_laser_odometry) StdoutLine: {'line': b'-- Found tf2_geometry_msgs: 0.36.21 (/opt/ros/jazzy/share/tf2_geometry_msgs/cmake)\n'}
[4.437798] (-) TimerEvent: {}
[4.450173] (rf2o_laser_odometry) StdoutLine: {'line': b'-- Found eigen3_cmake_module: 0.3.1 (/opt/ros/jazzy/share/eigen3_cmake_module/cmake)\n'}
[4.452868] (sllidar_ros2) StdoutLine: {'line': b'-- Found std_srvs: 5.3.8 (/opt/ros/jazzy/share/std_srvs/cmake)\n'}
[4.454202] (rf2o_laser_odometry) StdoutLine: {'line': b'-- Found Eigen3: TRUE (found version "3.4.0") \n'}
[4.454548] (rf2o_laser_odometry) StdoutLine: {'line': b'-- Ensuring Eigen3 include directory is part of orocos-kdl CMake target\n'}
[4.537903] (-) TimerEvent: {}
[4.638316] (-) TimerEvent: {}
[4.742501] (-) TimerEvent: {}
[4.842738] (-) TimerEvent: {}
[4.909988] (sllidar_ros2) StdoutLine: {'line': b'-- Configuring done (4.7s)\n'}
[4.943144] (-) TimerEvent: {}
[4.964790] (sllidar_ros2) StdoutLine: {'line': b'-- Generating done (0.0s)\n'}
[4.982560] (sllidar_ros2) StdoutLine: {'line': b'-- Build files have been written to: /home/seeno04/inno_jazzy_ws/build/sllidar_ros2\n'}
[5.001671] (sllidar_ros2) CommandEnded: {'returncode': 0}
[5.002599] (sllidar_ros2) JobProgress: {'identifier': 'sllidar_ros2', 'progress': 'build'}
[5.004005] (sllidar_ros2) Command: {'cmd': ['/usr/bin/cmake', '--build', '/home/seeno04/inno_jazzy_ws/build/sllidar_ros2', '--', '-j4', '-l4'], 'cwd': '/home/seeno04/inno_jazzy_ws/build/sllidar_ros2', 'env': OrderedDict({'LESSOPEN': '| /usr/bin/lesspipe %s', 'CODEX_CI': '1', 'USER': 'seeno04', 'LC_TIME': 'ko_KR.UTF-8', 'XDG_SESSION_TYPE': 'wayland', 'CLUTTER_DISABLE_MIPMAPPED_TEXT': '1', 'SHLVL': '1', 'LD_LIBRARY_PATH': '/opt/ros/jazzy/opt/rviz_ogre_vendor/lib:/opt/ros/jazzy/opt/gz_math_vendor/lib:/opt/ros/jazzy/opt/gz_utils_vendor/lib:/opt/ros/jazzy/opt/gz_cmake_vendor/lib:/opt/ros/jazzy/lib/aarch64-linux-gnu:/opt/ros/jazzy/lib', 'HOME': '/home/seeno04', 'OLDPWD': '/home/seeno04/inno_jazzy_ws', 'DESKTOP_SESSION': 'ubuntu', 'ROS_PYTHON_VERSION': '3', 'GNOME_SHELL_SESSION_MODE': 'ubuntu', 'GTK_MODULES': 'gail:atk-bridge', 'PAGER': 'cat', 'LC_MONETARY': 'ko_KR.UTF-8', 'LC_CTYPE': 'C.UTF-8', 'SYSTEMD_EXEC_PID': '2916', 'IM_CONFIG_CHECK_ENV': '1', 'GSM_SKIP_SSH_AGENT_WORKAROUND': 'true', 'NO_COLOR': '1', 'DBUS_SESSION_BUS_ADDRESS': 'unix:path=/run/user/1000/bus', 'COLORTERM': 'truecolor', 'DEBUGINFOD_URLS': 'https://debuginfod.ubuntu.com', 'IM_CONFIG_PHASE': '1', 'WAYLAND_DISPLAY': 'wayland-0', 'COLCON_PREFIX_PATH': '/home/seeno04/inno_ws/install', 'ROS_DISTRO': 'jazzy', 'LOGNAME': 'seeno04', '_': '/usr/bin/colcon', 'ROS_VERSION': '2', 'MEMORY_PRESSURE_WATCH': '/sys/fs/cgroup/user.slice/user-1000.slice/user@1000.service/session.slice/org.gnome.Shell@wayland.service/memory.pressure', 'XDG_SESSION_CLASS': 'user', 'USERNAME': 'seeno04', 'TERM': 'xterm-256color', 'GNOME_DESKTOP_SESSION_ID': 'this-is-deprecated', 'ROS_LOCALHOST_ONLY': '0', 'PATH': '/home/seeno04/.codex/packages/standalone/releases/0.144.5-aarch64-unknown-linux-musl/codex-path:/home/seeno04/.local/bin:/home/seeno04/.codex/tmp/arg0/codex-arg0jXFD0L:/home/seeno04/.codex/packages/standalone/releases/0.144.5-aarch64-unknown-linux-musl/codex-path:/home/seeno04/.local/bin:/home/seeno04/.local/bin:/opt/ros/jazzy/bin:/usr/local/sbin:/usr/local/bin:/usr/sbin:/usr/bin:/sbin:/bin:/usr/games:/usr/local/games:/snap/bin:/snap/bin', 'SESSION_MANAGER': 'local/seeno04-desktop:@/tmp/.ICE-unix/2871,unix/seeno04-desktop:/tmp/.ICE-unix/2871', 'PAPERSIZE': 'a4', 'XDG_MENU_PREFIX': 'gnome-', 'LC_ADDRESS': 'ko_KR.UTF-8', 'GNOME_TERMINAL_SCREEN': '/org/gnome/Terminal/screen/5c7332fd_98ba_4fbc_b336_d01ae670d30a', 'GNOME_SETUP_DISPLAY': ':1', 'XDG_RUNTIME_DIR': '/run/user/1000', 'DISPLAY': ':0', 'CODEX_SANDBOX_NETWORK_DISABLED': '1', 'LANG': 'ko_KR.UTF-8', 'XDG_CURRENT_DESKTOP': 'ubuntu:GNOME', 'LC_TELEPHONE': 'ko_KR.UTF-8', 'XMODIFIERS': '@im=ibus', 'GH_PAGER': 'cat', 'XDG_SESSION_DESKTOP': 'ubuntu', 'XAUTHORITY': '/run/user/1000/.mutter-Xwaylandauth.6YVGS3', 'LS_COLORS': 'rs=0:di=01;34:ln=01;36:mh=00:pi=40;33:so=01;35:do=01;35:bd=40;33;01:cd=40;33;01:or=40;31;01:mi=00:su=37;41:sg=30;43:ca=00:tw=30;42:ow=34;42:st=37;44:ex=01;32:*.tar=01;31:*.tgz=01;31:*.arc=01;31:*.arj=01;31:*.taz=01;31:*.lha=01;31:*.lz4=01;31:*.lzh=01;31:*.lzma=01;31:*.tlz=01;31:*.txz=01;31:*.tzo=01;31:*.t7z=01;31:*.zip=01;31:*.z=01;31:*.dz=01;31:*.gz=01;31:*.lrz=01;31:*.lz=01;31:*.lzo=01;31:*.xz=01;31:*.zst=01;31:*.tzst=01;31:*.bz2=01;31:*.bz=01;31:*.tbz=01;31:*.tbz2=01;31:*.tz=01;31:*.deb=01;31:*.rpm=01;31:*.jar=01;31:*.war=01;31:*.ear=01;31:*.sar=01;31:*.rar=01;31:*.alz=01;31:*.ace=01;31:*.zoo=01;31:*.cpio=01;31:*.7z=01;31:*.rz=01;31:*.cab=01;31:*.wim=01;31:*.swm=01;31:*.dwm=01;31:*.esd=01;31:*.avif=01;35:*.jpg=01;35:*.jpeg=01;35:*.mjpg=01;35:*.mjpeg=01;35:*.gif=01;35:*.bmp=01;35:*.pbm=01;35:*.pgm=01;35:*.ppm=01;35:*.tga=01;35:*.xbm=01;35:*.xpm=01;35:*.tif=01;35:*.tiff=01;35:*.png=01;35:*.svg=01;35:*.svgz=01;35:*.mng=01;35:*.pcx=01;35:*.mov=01;35:*.mpg=01;35:*.mpeg=01;35:*.m2v=01;35:*.mkv=01;35:*.webm=01;35:*.webp=01;35:*.ogm=01;35:*.mp4=01;35:*.m4v=01;35:*.mp4v=01;35:*.vob=01;35:*.qt=01;35:*.nuv=01;35:*.wmv=01;35:*.asf=01;35:*.rm=01;35:*.rmvb=01;35:*.flc=01;35:*.avi=01;35:*.fli=01;35:*.flv=01;35:*.gl=01;35:*.dl=01;35:*.xcf=01;35:*.xwd=01;35:*.yuv=01;35:*.cgm=01;35:*.emf=01;35:*.ogv=01;35:*.ogx=01;35:*.aac=00;36:*.au=00;36:*.flac=00;36:*.m4a=00;36:*.mid=00;36:*.midi=00;36:*.mka=00;36:*.mp3=00;36:*.mpc=00;36:*.ogg=00;36:*.ra=00;36:*.wav=00;36:*.oga=00;36:*.opus=00;36:*.spx=00;36:*.xspf=00;36:*~=00;90:*#=00;90:*.bak=00;90:*.crdownload=00;90:*.dpkg-dist=00;90:*.dpkg-new=00;90:*.dpkg-old=00;90:*.dpkg-tmp=00;90:*.old=00;90:*.orig=00;90:*.part=00;90:*.rej=00;90:*.rpmnew=00;90:*.rpmorig=00;90:*.rpmsave=00;90:*.swp=00;90:*.tmp=00;90:*.ucf-dist=00;90:*.ucf-new=00;90:*.ucf-old=00;90:', 'GNOME_TERMINAL_SERVICE': ':1.116', 'SSH_AUTH_SOCK': '/run/user/1000/keyring/ssh', 'ROS_DOMAIN_ID': '3', 'AMENT_PREFIX_PATH': '/home/seeno04/inno_ws/install/sllidar_ros2:/opt/ros/jazzy', 'SHELL': '/bin/bash', 'LC_NAME': 'ko_KR.UTF-8', 'QT_ACCESSIBILITY': '1', 'GDMSESSION': 'ubuntu', 'LESSCLOSE': '/usr/bin/lesspipe %s %s', 'CODEX_THREAD_ID': '019f6b2d-3d29-7af2-a662-72937497f76d', 'LC_MEASUREMENT': 'ko_KR.UTF-8', 'LC_IDENTIFICATION': 'ko_KR.UTF-8', 'ROS_AUTOMATIC_DISCOVERY_RANGE': 'SUBNET', 'GIT_PAGER': 'cat', 'QT_IM_MODULE': 'ibus', 'PWD': '/home/seeno04/inno_jazzy_ws/build/sllidar_ros2', 'LC_ALL': 'ko_KR.UTF-8', 'XDG_CONFIG_DIRS': '/etc/xdg/xdg-ubuntu:/etc/xdg', 'XDG_DATA_DIRS': '/usr/share/ubuntu:/usr/share/gnome:/usr/local/share/:/usr/share/:/var/lib/snapd/desktop', 'PYTHONPATH': '/opt/ros/jazzy/lib/python3.12/site-packages', 'LC_NUMERIC': 'ko_KR.UTF-8', 'LC_PAPER': 'ko_KR.UTF-8', 'COLCON': '1', 'MEMORY_PRESSURE_WRITE': 'c29tZSAyMDAwMDAgMjAwMDAwMAA=', 'VTE_VERSION': '7600', 'CMAKE_PREFIX_PATH': '/opt/ros/jazzy/opt/gz_math_vendor:/opt/ros/jazzy/opt/gz_utils_vendor:/opt/ros/jazzy/opt/gz_cmake_vendor:/home/seeno04/inno_ws/install/sllidar_ros2:/opt/ros/jazzy'}), 'shell': False}
[5.040962] (rf2o_laser_odometry) StdoutLine: {'line': b'-- Found sensor_msgs: 5.3.8 (/opt/ros/jazzy/share/sensor_msgs/cmake)\n'}
[5.043522] (-) TimerEvent: {}
[5.093701] (rf2o_laser_odometry) StdoutLine: {'line': b'-- Found nav_msgs: 5.3.8 (/opt/ros/jazzy/share/nav_msgs/cmake)\n'}
[5.146222] (-) TimerEvent: {}
[5.174129] (sllidar_ros2) StdoutLine: {'line': b'[  5%] Building CXX object CMakeFiles/sllidar_node.dir/src/sllidar_node.cpp.o\n'}
[5.200895] (rf2o_laser_odometry) StdoutLine: {'line': b'-- Found Boost: /usr/lib/aarch64-linux-gnu/cmake/Boost-1.83.0/BoostConfig.cmake (found version "1.83.0")  \n'}
[5.248724] (-) TimerEvent: {}
[5.349013] (-) TimerEvent: {}
[5.451552] (-) TimerEvent: {}
[5.462697] (rf2o_laser_odometry) StdoutLine: {'line': b'-- Configuring done (5.2s)\n'}
[5.509048] (rf2o_laser_odometry) StdoutLine: {'line': b'-- Generating done (0.0s)\n'}
[5.518904] (rf2o_laser_odometry) StdoutLine: {'line': b'-- Build files have been written to: /home/seeno04/inno_jazzy_ws/build/rf2o_laser_odometry\n'}
[5.551681] (-) TimerEvent: {}
[5.555990] (rf2o_laser_odometry) CommandEnded: {'returncode': 0}
[5.557406] (rf2o_laser_odometry) JobProgress: {'identifier': 'rf2o_laser_odometry', 'progress': 'build'}
[5.558237] (rf2o_laser_odometry) Command: {'cmd': ['/usr/bin/cmake', '--build', '/home/seeno04/inno_jazzy_ws/build/rf2o_laser_odometry', '--', '-j4', '-l4'], 'cwd': '/home/seeno04/inno_jazzy_ws/build/rf2o_laser_odometry', 'env': OrderedDict({'LESSOPEN': '| /usr/bin/lesspipe %s', 'CODEX_CI': '1', 'USER': 'seeno04', 'LC_TIME': 'ko_KR.UTF-8', 'XDG_SESSION_TYPE': 'wayland', 'CLUTTER_DISABLE_MIPMAPPED_TEXT': '1', 'SHLVL': '1', 'LD_LIBRARY_PATH': '/opt/ros/jazzy/opt/rviz_ogre_vendor/lib:/opt/ros/jazzy/opt/gz_math_vendor/lib:/opt/ros/jazzy/opt/gz_utils_vendor/lib:/opt/ros/jazzy/opt/gz_cmake_vendor/lib:/opt/ros/jazzy/lib/aarch64-linux-gnu:/opt/ros/jazzy/lib', 'HOME': '/home/seeno04', 'OLDPWD': '/home/seeno04/inno_jazzy_ws', 'DESKTOP_SESSION': 'ubuntu', 'ROS_PYTHON_VERSION': '3', 'GNOME_SHELL_SESSION_MODE': 'ubuntu', 'GTK_MODULES': 'gail:atk-bridge', 'PAGER': 'cat', 'LC_MONETARY': 'ko_KR.UTF-8', 'LC_CTYPE': 'C.UTF-8', 'SYSTEMD_EXEC_PID': '2916', 'IM_CONFIG_CHECK_ENV': '1', 'GSM_SKIP_SSH_AGENT_WORKAROUND': 'true', 'NO_COLOR': '1', 'DBUS_SESSION_BUS_ADDRESS': 'unix:path=/run/user/1000/bus', 'COLORTERM': 'truecolor', 'DEBUGINFOD_URLS': 'https://debuginfod.ubuntu.com', 'IM_CONFIG_PHASE': '1', 'WAYLAND_DISPLAY': 'wayland-0', 'COLCON_PREFIX_PATH': '/home/seeno04/inno_ws/install', 'ROS_DISTRO': 'jazzy', 'LOGNAME': 'seeno04', '_': '/usr/bin/colcon', 'ROS_VERSION': '2', 'MEMORY_PRESSURE_WATCH': '/sys/fs/cgroup/user.slice/user-1000.slice/user@1000.service/session.slice/org.gnome.Shell@wayland.service/memory.pressure', 'XDG_SESSION_CLASS': 'user', 'USERNAME': 'seeno04', 'TERM': 'xterm-256color', 'GNOME_DESKTOP_SESSION_ID': 'this-is-deprecated', 'ROS_LOCALHOST_ONLY': '0', 'PATH': '/home/seeno04/.codex/packages/standalone/releases/0.144.5-aarch64-unknown-linux-musl/codex-path:/home/seeno04/.local/bin:/home/seeno04/.codex/tmp/arg0/codex-arg0jXFD0L:/home/seeno04/.codex/packages/standalone/releases/0.144.5-aarch64-unknown-linux-musl/codex-path:/home/seeno04/.local/bin:/home/seeno04/.local/bin:/opt/ros/jazzy/bin:/usr/local/sbin:/usr/local/bin:/usr/sbin:/usr/bin:/sbin:/bin:/usr/games:/usr/local/games:/snap/bin:/snap/bin', 'SESSION_MANAGER': 'local/seeno04-desktop:@/tmp/.ICE-unix/2871,unix/seeno04-desktop:/tmp/.ICE-unix/2871', 'PAPERSIZE': 'a4', 'XDG_MENU_PREFIX': 'gnome-', 'LC_ADDRESS': 'ko_KR.UTF-8', 'GNOME_TERMINAL_SCREEN': '/org/gnome/Terminal/screen/5c7332fd_98ba_4fbc_b336_d01ae670d30a', 'GNOME_SETUP_DISPLAY': ':1', 'XDG_RUNTIME_DIR': '/run/user/1000', 'DISPLAY': ':0', 'CODEX_SANDBOX_NETWORK_DISABLED': '1', 'LANG': 'ko_KR.UTF-8', 'XDG_CURRENT_DESKTOP': 'ubuntu:GNOME', 'LC_TELEPHONE': 'ko_KR.UTF-8', 'XMODIFIERS': '@im=ibus', 'GH_PAGER': 'cat', 'XDG_SESSION_DESKTOP': 'ubuntu', 'XAUTHORITY': '/run/user/1000/.mutter-Xwaylandauth.6YVGS3', 'LS_COLORS': 'rs=0:di=01;34:ln=01;36:mh=00:pi=40;33:so=01;35:do=01;35:bd=40;33;01:cd=40;33;01:or=40;31;01:mi=00:su=37;41:sg=30;43:ca=00:tw=30;42:ow=34;42:st=37;44:ex=01;32:*.tar=01;31:*.tgz=01;31:*.arc=01;31:*.arj=01;31:*.taz=01;31:*.lha=01;31:*.lz4=01;31:*.lzh=01;31:*.lzma=01;31:*.tlz=01;31:*.txz=01;31:*.tzo=01;31:*.t7z=01;31:*.zip=01;31:*.z=01;31:*.dz=01;31:*.gz=01;31:*.lrz=01;31:*.lz=01;31:*.lzo=01;31:*.xz=01;31:*.zst=01;31:*.tzst=01;31:*.bz2=01;31:*.bz=01;31:*.tbz=01;31:*.tbz2=01;31:*.tz=01;31:*.deb=01;31:*.rpm=01;31:*.jar=01;31:*.war=01;31:*.ear=01;31:*.sar=01;31:*.rar=01;31:*.alz=01;31:*.ace=01;31:*.zoo=01;31:*.cpio=01;31:*.7z=01;31:*.rz=01;31:*.cab=01;31:*.wim=01;31:*.swm=01;31:*.dwm=01;31:*.esd=01;31:*.avif=01;35:*.jpg=01;35:*.jpeg=01;35:*.mjpg=01;35:*.mjpeg=01;35:*.gif=01;35:*.bmp=01;35:*.pbm=01;35:*.pgm=01;35:*.ppm=01;35:*.tga=01;35:*.xbm=01;35:*.xpm=01;35:*.tif=01;35:*.tiff=01;35:*.png=01;35:*.svg=01;35:*.svgz=01;35:*.mng=01;35:*.pcx=01;35:*.mov=01;35:*.mpg=01;35:*.mpeg=01;35:*.m2v=01;35:*.mkv=01;35:*.webm=01;35:*.webp=01;35:*.ogm=01;35:*.mp4=01;35:*.m4v=01;35:*.mp4v=01;35:*.vob=01;35:*.qt=01;35:*.nuv=01;35:*.wmv=01;35:*.asf=01;35:*.rm=01;35:*.rmvb=01;35:*.flc=01;35:*.avi=01;35:*.fli=01;35:*.flv=01;35:*.gl=01;35:*.dl=01;35:*.xcf=01;35:*.xwd=01;35:*.yuv=01;35:*.cgm=01;35:*.emf=01;35:*.ogv=01;35:*.ogx=01;35:*.aac=00;36:*.au=00;36:*.flac=00;36:*.m4a=00;36:*.mid=00;36:*.midi=00;36:*.mka=00;36:*.mp3=00;36:*.mpc=00;36:*.ogg=00;36:*.ra=00;36:*.wav=00;36:*.oga=00;36:*.opus=00;36:*.spx=00;36:*.xspf=00;36:*~=00;90:*#=00;90:*.bak=00;90:*.crdownload=00;90:*.dpkg-dist=00;90:*.dpkg-new=00;90:*.dpkg-old=00;90:*.dpkg-tmp=00;90:*.old=00;90:*.orig=00;90:*.part=00;90:*.rej=00;90:*.rpmnew=00;90:*.rpmorig=00;90:*.rpmsave=00;90:*.swp=00;90:*.tmp=00;90:*.ucf-dist=00;90:*.ucf-new=00;90:*.ucf-old=00;90:', 'GNOME_TERMINAL_SERVICE': ':1.116', 'SSH_AUTH_SOCK': '/run/user/1000/keyring/ssh', 'ROS_DOMAIN_ID': '3', 'AMENT_PREFIX_PATH': '/home/seeno04/inno_ws/install/sllidar_ros2:/opt/ros/jazzy', 'SHELL': '/bin/bash', 'LC_NAME': 'ko_KR.UTF-8', 'QT_ACCESSIBILITY': '1', 'GDMSESSION': 'ubuntu', 'LESSCLOSE': '/usr/bin/lesspipe %s %s', 'CODEX_THREAD_ID': '019f6b2d-3d29-7af2-a662-72937497f76d', 'LC_MEASUREMENT': 'ko_KR.UTF-8', 'LC_IDENTIFICATION': 'ko_KR.UTF-8', 'ROS_AUTOMATIC_DISCOVERY_RANGE': 'SUBNET', 'GIT_PAGER': 'cat', 'QT_IM_MODULE': 'ibus', 'PWD': '/home/seeno04/inno_jazzy_ws/build/rf2o_laser_odometry', 'LC_ALL': 'ko_KR.UTF-8', 'XDG_CONFIG_DIRS': '/etc/xdg/xdg-ubuntu:/etc/xdg', 'XDG_DATA_DIRS': '/usr/share/ubuntu:/usr/share/gnome:/usr/local/share/:/usr/share/:/var/lib/snapd/desktop', 'PYTHONPATH': '/opt/ros/jazzy/lib/python3.12/site-packages', 'LC_NUMERIC': 'ko_KR.UTF-8', 'LC_PAPER': 'ko_KR.UTF-8', 'COLCON': '1', 'MEMORY_PRESSURE_WRITE': 'c29tZSAyMDAwMDAgMjAwMDAwMAA=', 'VTE_VERSION': '7600', 'CMAKE_PREFIX_PATH': '/opt/ros/jazzy/opt/gz_math_vendor:/opt/ros/jazzy/opt/gz_utils_vendor:/opt/ros/jazzy/opt/gz_cmake_vendor:/home/seeno04/inno_ws/install/sllidar_ros2:/opt/ros/jazzy'}), 'shell': False}
[5.651836] (-) TimerEvent: {}
[5.691045] (rf2o_laser_odometry) StdoutLine: {'line': b'[ 20%] Building CXX object CMakeFiles/rf2o_laser_odometry_node.dir/src/CLaserOdometry2DNode.cpp.o\n'}
[5.752296] (-) TimerEvent: {}
[5.852651] (-) TimerEvent: {}
[5.954872] (-) TimerEvent: {}
[6.056509] (-) TimerEvent: {}
[6.156818] (-) TimerEvent: {}
[6.258513] (-) TimerEvent: {}
[6.361061] (-) TimerEvent: {}
[6.462544] (-) TimerEvent: {}
[6.562877] (-) TimerEvent: {}
[6.663273] (-) TimerEvent: {}
[6.763631] (-) TimerEvent: {}
[6.865171] (-) TimerEvent: {}
[6.965434] (-) TimerEvent: {}
[7.065796] (-) TimerEvent: {}
[7.168567] (-) TimerEvent: {}
[7.268895] (-) TimerEvent: {}
[7.369800] (-) TimerEvent: {}
[7.470410] (-) TimerEvent: {}
[7.573532] (-) TimerEvent: {}
[7.673796] (-) TimerEvent: {}
[7.774073] (-) TimerEvent: {}
[7.874329] (-) TimerEvent: {}
[7.974576] (-) TimerEvent: {}
[8.077531] (-) TimerEvent: {}
[8.177823] (-) TimerEvent: {}
[8.278114] (-) TimerEvent: {}
[8.378406] (-) TimerEvent: {}
[8.478758] (-) TimerEvent: {}
[8.579020] (-) TimerEvent: {}
[8.679286] (-) TimerEvent: {}
[8.779539] (-) TimerEvent: {}
[8.879804] (-) TimerEvent: {}
[8.980144] (-) TimerEvent: {}
[9.080623] (-) TimerEvent: {}
[9.181587] (-) TimerEvent: {}
[9.283556] (-) TimerEvent: {}
[9.383816] (-) TimerEvent: {}
[9.484262] (-) TimerEvent: {}
[9.584785] (-) TimerEvent: {}
[9.685555] (-) TimerEvent: {}
[9.786223] (-) TimerEvent: {}
[9.886713] (-) TimerEvent: {}
[9.988536] (-) TimerEvent: {}
[10.088917] (-) TimerEvent: {}
[10.189570] (-) TimerEvent: {}
[10.289831] (-) TimerEvent: {}
[10.390532] (-) TimerEvent: {}
[10.492531] (-) TimerEvent: {}
[10.592763] (-) TimerEvent: {}
[10.695545] (-) TimerEvent: {}
[10.798696] (-) TimerEvent: {}
[10.900540] (-) TimerEvent: {}
[11.000799] (-) TimerEvent: {}
[11.101764] (-) TimerEvent: {}
[11.202104] (-) TimerEvent: {}
[11.302415] (-) TimerEvent: {}
[11.405540] (-) TimerEvent: {}
[11.505781] (-) TimerEvent: {}
[11.609640] (-) TimerEvent: {}
[11.709869] (-) TimerEvent: {}
[11.810105] (-) TimerEvent: {}
[11.896296] (sllidar_ros2) StderrLine: {'line': b'In file included from /home/seeno04/inno_jazzy_ws/src/sllidar_ros2/./sdk/include/sl_lidar_cmd.h:41,\n'}
[11.897004] (sllidar_ros2) StderrLine: {'line': b'                 from /home/seeno04/inno_jazzy_ws/src/sllidar_ros2/./sdk/include/sl_lidar_driver.h:54,\n'}
[11.897135] (sllidar_ros2) StderrLine: {'line': b'                 from /home/seeno04/inno_jazzy_ws/src/sllidar_ros2/./sdk/include/sl_lidar.h:36,\n'}
[11.897236] (sllidar_ros2) StderrLine: {'line': b'                 from /home/seeno04/inno_jazzy_ws/src/sllidar_ros2/src/sllidar_node.cpp:38:\n'}
[11.897348] (sllidar_ros2) StderrLine: {'line': b'/home/seeno04/inno_jazzy_ws/src/sllidar_ros2/./sdk/include/sl_lidar_protocol.h:66:16: warning: ISO C++ forbids zero-size array \xe2\x80\x98data\xe2\x80\x99 [-Wpedantic]\n'}
[11.897504] (sllidar_ros2) StderrLine: {'line': b'   66 |     sl_u8 data[0];\n'}
[11.897620] (sllidar_ros2) StderrLine: {'line': b'      |                ^\n'}
[11.903550] (sllidar_ros2) StderrLine: {'line': b'/home/seeno04/inno_jazzy_ws/src/sllidar_ros2/./sdk/include/sl_lidar_cmd.h:324:20: warning: ISO C++ forbids zero-size array \xe2\x80\x98payload\xe2\x80\x99 [-Wpedantic]\n'}
[11.903886] (sllidar_ros2) StderrLine: {'line': b'  324 |     sl_u8  payload[0];\n'}
[11.903995] (sllidar_ros2) StderrLine: {'line': b'      |                    ^\n'}
[11.910340] (-) TimerEvent: {}
[12.013549] (-) TimerEvent: {}
[12.115579] (-) TimerEvent: {}
[12.215968] (-) TimerEvent: {}
[12.316250] (-) TimerEvent: {}
[12.416677] (-) TimerEvent: {}
[12.516913] (-) TimerEvent: {}
[12.617565] (-) TimerEvent: {}
[12.717829] (-) TimerEvent: {}
[12.818088] (-) TimerEvent: {}
[12.918719] (-) TimerEvent: {}
[13.019094] (-) TimerEvent: {}
[13.120538] (-) TimerEvent: {}
[13.220800] (-) TimerEvent: {}
[13.321544] (-) TimerEvent: {}
[13.424566] (-) TimerEvent: {}
[13.524827] (-) TimerEvent: {}
[13.625074] (-) TimerEvent: {}
[13.725349] (-) TimerEvent: {}
[13.826547] (-) TimerEvent: {}
[13.926789] (-) TimerEvent: {}
[14.027559] (-) TimerEvent: {}
[14.127964] (-) TimerEvent: {}
[14.230550] (-) TimerEvent: {}
[14.330810] (-) TimerEvent: {}
[14.431177] (-) TimerEvent: {}
[14.533542] (-) TimerEvent: {}
[14.635525] (-) TimerEvent: {}
[14.735754] (-) TimerEvent: {}
[14.836027] (-) TimerEvent: {}
[14.936279] (-) TimerEvent: {}
[15.036533] (-) TimerEvent: {}
[15.136761] (-) TimerEvent: {}
[15.240993] (-) TimerEvent: {}
[15.341231] (-) TimerEvent: {}
[15.441663] (-) TimerEvent: {}
[15.541923] (-) TimerEvent: {}
[15.643536] (-) TimerEvent: {}
[15.743774] (-) TimerEvent: {}
[15.844052] (-) TimerEvent: {}
[15.944304] (-) TimerEvent: {}
[16.044672] (-) TimerEvent: {}
[16.147520] (-) TimerEvent: {}
[16.247742] (-) TimerEvent: {}
[16.347978] (-) TimerEvent: {}
[16.453535] (-) TimerEvent: {}
[16.553817] (-) TimerEvent: {}
[16.655581] (-) TimerEvent: {}
[16.758550] (-) TimerEvent: {}
[16.859914] (-) TimerEvent: {}
[16.961831] (-) TimerEvent: {}
[17.062495] (-) TimerEvent: {}
[17.162734] (-) TimerEvent: {}
[17.265532] (-) TimerEvent: {}
[17.367858] (-) TimerEvent: {}
[17.470559] (-) TimerEvent: {}
[17.570814] (-) TimerEvent: {}
[17.672690] (-) TimerEvent: {}
[17.773503] (-) TimerEvent: {}
[17.874028] (-) TimerEvent: {}
[17.975538] (-) TimerEvent: {}
[18.075755] (-) TimerEvent: {}
[18.178544] (-) TimerEvent: {}
[18.278780] (-) TimerEvent: {}
[18.380572] (-) TimerEvent: {}
[18.481152] (-) TimerEvent: {}
[18.581683] (-) TimerEvent: {}
[18.683558] (-) TimerEvent: {}
[18.785742] (-) TimerEvent: {}
[18.886025] (-) TimerEvent: {}
[18.987517] (-) TimerEvent: {}
[19.090544] (-) TimerEvent: {}
[19.191611] (-) TimerEvent: {}
[19.292893] (-) TimerEvent: {}
[19.401979] (-) TimerEvent: {}
[19.505600] (-) TimerEvent: {}
[19.605955] (-) TimerEvent: {}
[19.706288] (-) TimerEvent: {}
[19.806693] (-) TimerEvent: {}
[19.906944] (-) TimerEvent: {}
[20.007254] (-) TimerEvent: {}
[20.040549] (sllidar_ros2) StdoutLine: {'line': b'[ 10%] Building CXX object CMakeFiles/sllidar_node.dir/sdk/src/arch/linux/net_socket.cpp.o\n'}
[20.107392] (-) TimerEvent: {}
[20.210528] (-) TimerEvent: {}
[20.312523] (-) TimerEvent: {}
[20.414416] (-) TimerEvent: {}
[20.514669] (-) TimerEvent: {}
[20.614913] (-) TimerEvent: {}
[20.715146] (-) TimerEvent: {}
[20.815679] (-) TimerEvent: {}
[20.914181] (sllidar_ros2) StderrLine: {'line': b'In file included from /home/seeno04/inno_jazzy_ws/src/sllidar_ros2/./sdk/include/rplidar_protocol.h:36,\n'}
[20.914477] (sllidar_ros2) StderrLine: {'line': b'                 from /home/seeno04/inno_jazzy_ws/src/sllidar_ros2/./sdk/include/rplidar.h:39,\n'}
[20.914609] (sllidar_ros2) StderrLine: {'line': b'                 from /home/seeno04/inno_jazzy_ws/src/sllidar_ros2/./sdk/src/sdkcommon.h:49,\n'}
[20.914707] (sllidar_ros2) StderrLine: {'line': b'                 from /home/seeno04/inno_jazzy_ws/src/sllidar_ros2/sdk/src/arch/linux/net_socket.cpp:10:\n'}
[20.914849] (sllidar_ros2) StderrLine: {'line': b'/home/seeno04/inno_jazzy_ws/src/sllidar_ros2/./sdk/include/sl_lidar_protocol.h:66:16: warning: ISO C++ forbids zero-size array \xe2\x80\x98data\xe2\x80\x99 [-Wpedantic]\n'}
[20.915151] (sllidar_ros2) StderrLine: {'line': b'   66 |     sl_u8 data[0];\n'}
[20.915254] (sllidar_ros2) StderrLine: {'line': b'      |                ^\n'}
[20.915341] (sllidar_ros2) StderrLine: {'line': b'In file included from /home/seeno04/inno_jazzy_ws/src/sllidar_ros2/./sdk/include/rplidar_cmd.h:36,\n'}
[20.915425] (sllidar_ros2) StderrLine: {'line': b'                 from /home/seeno04/inno_jazzy_ws/src/sllidar_ros2/./sdk/include/rplidar.h:40:\n'}
[20.915558] (sllidar_ros2) StderrLine: {'line': b'/home/seeno04/inno_jazzy_ws/src/sllidar_ros2/./sdk/include/sl_lidar_cmd.h:324:20: warning: ISO C++ forbids zero-size array \xe2\x80\x98payload\xe2\x80\x99 [-Wpedantic]\n'}
[20.915654] (-) TimerEvent: {}
[20.915673] (sllidar_ros2) StderrLine: {'line': b'  324 |     sl_u8  payload[0];\n'}
[20.915757] (sllidar_ros2) StderrLine: {'line': b'      |                    ^\n'}
[20.996551] (sllidar_ros2) StderrLine: {'line': b'In file included from /home/seeno04/inno_jazzy_ws/src/sllidar_ros2/./sdk/src/arch/linux/arch_linux.h:42,\n'}
[20.996890] (sllidar_ros2) StderrLine: {'line': b'                 from /home/seeno04/inno_jazzy_ws/src/sllidar_ros2/./sdk/src/sdkcommon.h:41:\n'}
[20.997036] (sllidar_ros2) StderrLine: {'line': b'/home/seeno04/inno_jazzy_ws/src/sllidar_ros2/sdk/src/arch/linux/net_socket.cpp: In member function \xe2\x80\x98virtual u_result rp::arch::net::DGramSocketImpl::sendTo(const rp::net::SocketAddress*, const void*, size_t)\xe2\x80\x99:\n'}
[20.997178] (sllidar_ros2) StderrLine: {'line': b'/home/seeno04/inno_jazzy_ws/src/sllidar_ros2/sdk/src/arch/linux/net_socket.cpp:733:24: warning: comparison of integer expressions of different signedness: \xe2\x80\x98int\xe2\x80\x99 and \xe2\x80\x98size_t\xe2\x80\x99 {aka \xe2\x80\x98long unsigned int\xe2\x80\x99} [-Wsign-compare]\n'}
[20.997288] (sllidar_ros2) StderrLine: {'line': b'  733 |             assert(ans == len);\n'}
[20.997379] (sllidar_ros2) StderrLine: {'line': b'      |                    ~~~~^~~~~~\n'}
[21.017693] (-) TimerEvent: {}
[21.119537] (-) TimerEvent: {}
[21.219789] (-) TimerEvent: {}
[21.320023] (-) TimerEvent: {}
[21.333990] (sllidar_ros2) StdoutLine: {'line': b'[ 15%] Building CXX object CMakeFiles/sllidar_node.dir/sdk/src/arch/linux/timer.cpp.o\n'}
[21.420184] (-) TimerEvent: {}
[21.520509] (-) TimerEvent: {}
[21.621557] (-) TimerEvent: {}
[21.723535] (-) TimerEvent: {}
[21.823785] (-) TimerEvent: {}
[21.924006] (-) TimerEvent: {}
[22.024239] (-) TimerEvent: {}
[22.124495] (-) TimerEvent: {}
[22.224711] (-) TimerEvent: {}
[22.254335] (sllidar_ros2) StdoutLine: {'line': b'[ 20%] Building CXX object CMakeFiles/sllidar_node.dir/sdk/src/dataunpacker/dataunpacker.cpp.o\n'}
[22.324871] (-) TimerEvent: {}
[22.425137] (-) TimerEvent: {}
[22.525487] (-) TimerEvent: {}
[22.625751] (-) TimerEvent: {}
[22.727540] (-) TimerEvent: {}
[22.827787] (-) TimerEvent: {}
[22.928125] (-) TimerEvent: {}
[23.028529] (-) TimerEvent: {}
[23.096608] (sllidar_ros2) StderrLine: {'line': b'In file included from /home/seeno04/inno_jazzy_ws/src/sllidar_ros2/./sdk/include/rplidar_protocol.h:36,\n'}
[23.096968] (sllidar_ros2) StderrLine: {'line': b'                 from /home/seeno04/inno_jazzy_ws/src/sllidar_ros2/./sdk/include/rplidar.h:39,\n'}
[23.097061] (sllidar_ros2) StderrLine: {'line': b'                 from /home/seeno04/inno_jazzy_ws/src/sllidar_ros2/./sdk/src/sdkcommon.h:49,\n'}
[23.097139] (sllidar_ros2) StderrLine: {'line': b'                 from /home/seeno04/inno_jazzy_ws/src/sllidar_ros2/sdk/src/dataunpacker/dataunnpacker_commondef.h:41,\n'}
[23.097218] (sllidar_ros2) StderrLine: {'line': b'                 from /home/seeno04/inno_jazzy_ws/src/sllidar_ros2/sdk/src/dataunpacker/dataunpacker.cpp:39:\n'}
[23.097292] (sllidar_ros2) StderrLine: {'line': b'/home/seeno04/inno_jazzy_ws/src/sllidar_ros2/./sdk/include/sl_lidar_protocol.h:66:16: warning: ISO C++ forbids zero-size array \xe2\x80\x98data\xe2\x80\x99 [-Wpedantic]\n'}
[23.097396] (sllidar_ros2) StderrLine: {'line': b'   66 |     sl_u8 data[0];\n'}
[23.097492] (sllidar_ros2) StderrLine: {'line': b'      |                ^\n'}
[23.097572] (sllidar_ros2) StderrLine: {'line': b'In file included from /home/seeno04/inno_jazzy_ws/src/sllidar_ros2/./sdk/include/rplidar_cmd.h:36,\n'}
[23.097646] (sllidar_ros2) StderrLine: {'line': b'                 from /home/seeno04/inno_jazzy_ws/src/sllidar_ros2/./sdk/include/rplidar.h:40:\n'}
[23.097720] (sllidar_ros2) StderrLine: {'line': b'/home/seeno04/inno_jazzy_ws/src/sllidar_ros2/./sdk/include/sl_lidar_cmd.h:324:20: warning: ISO C++ forbids zero-size array \xe2\x80\x98payload\xe2\x80\x99 [-Wpedantic]\n'}
[23.097793] (sllidar_ros2) StderrLine: {'line': b'  324 |     sl_u8  payload[0];\n'}
[23.097866] (sllidar_ros2) StderrLine: {'line': b'      |                    ^\n'}
[23.131527] (-) TimerEvent: {}
[23.233531] (-) TimerEvent: {}
[23.296529] (sllidar_ros2) StderrLine: {'line': b'In file included from /home/seeno04/inno_jazzy_ws/src/sllidar_ros2/sdk/src/dataunpacker/dataunpacker.cpp:40:\n'}
[23.296836] (sllidar_ros2) StderrLine: {'line': b'/home/seeno04/inno_jazzy_ws/src/sllidar_ros2/sdk/src/dataunpacker/dataunpacker.h: In member function \xe2\x80\x98virtual void sl::internal::LIDARSampleDataListener::onCustomSampleDataDecoded(_u8, _u32, const void*, size_t)\xe2\x80\x99:\n'}
[23.296979] (sllidar_ros2) StderrLine: {'line': b'/home/seeno04/inno_jazzy_ws/src/sllidar_ros2/sdk/src/dataunpacker/dataunpacker.h:54:52: warning: unused parameter \xe2\x80\x98ansType\xe2\x80\x99 [-Wunused-parameter]\n'}
[23.297098] (sllidar_ros2) StderrLine: {'line': b'   54 |         virtual void onCustomSampleDataDecoded(_u8 ansType, _u32 customCode, const void* data, size_t size) {}\n'}
[23.297202] (sllidar_ros2) StderrLine: {'line': b'      |                                                ~~~~^~~~~~~\n'}
[23.297296] (sllidar_ros2) StderrLine: {'line': b'/home/seeno04/inno_jazzy_ws/src/sllidar_ros2/sdk/src/dataunpacker/dataunpacker.h:54:66: warning: unused parameter \xe2\x80\x98customCode\xe2\x80\x99 [-Wunused-parameter]\n'}
[23.297390] (sllidar_ros2) StderrLine: {'line': b'   54 |         virtual void onCustomSampleDataDecoded(_u8 ansType, _u32 customCode, const void* data, size_t size) {}\n'}
[23.297528] (sllidar_ros2) StderrLine: {'line': b'      |                                                             ~~~~~^~~~~~~~~~\n'}
[23.297629] (sllidar_ros2) StderrLine: {'line': b'/home/seeno04/inno_jazzy_ws/src/sllidar_ros2/sdk/src/dataunpacker/dataunpacker.h:54:90: warning: unused parameter \xe2\x80\x98data\xe2\x80\x99 [-Wunused-parameter]\n'}
[23.297727] (sllidar_ros2) StderrLine: {'line': b'   54 |         virtual void onCustomSampleDataDecoded(_u8 ansType, _u32 customCode, const void* data, size_t size) {}\n'}
[23.297827] (sllidar_ros2) StderrLine: {'line': b'      |                                                                              ~~~~~~~~~~~~^~~~\n'}
[23.297920] (sllidar_ros2) StderrLine: {'line': b'/home/seeno04/inno_jazzy_ws/src/sllidar_ros2/sdk/src/dataunpacker/dataunpacker.h:54:103: warning: unused parameter \xe2\x80\x98size\xe2\x80\x99 [-Wunused-parameter]\n'}
[23.298007] (sllidar_ros2) StderrLine: {'line': b'   54 |         virtual void onCustomSampleDataDecoded(_u8 ansType, _u32 customCode, const void* data, size_t size) {}\n'}
[23.298091] (sllidar_ros2) StderrLine: {'line': b'      |                                                                                                ~~~~~~~^~~~\n'}
[23.298170] (sllidar_ros2) StderrLine: {'line': b'/home/seeno04/inno_jazzy_ws/src/sllidar_ros2/sdk/src/dataunpacker/dataunpacker.h: In member function \xe2\x80\x98virtual void sl::internal::LIDARSampleDataListener::onDecodingError(int, _u8, const void*, size_t)\xe2\x80\x99:\n'}
[23.298248] (sllidar_ros2) StderrLine: {'line': b'/home/seeno04/inno_jazzy_ws/src/sllidar_ros2/sdk/src/dataunpacker/dataunpacker.h:56:42: warning: unused parameter \xe2\x80\x98errMsg\xe2\x80\x99 [-Wunused-parameter]\n'}
[23.298354] (sllidar_ros2) StderrLine: {'line': b'   56 |         virtual void onDecodingError(int errMsg, _u8 ansType, const void* payload, size_t size) {}\n'}
[23.298436] (sllidar_ros2) StderrLine: {'line': b'      |                                      ~~~~^~~~~~\n'}
[23.298558] (sllidar_ros2) StderrLine: {'line': b'/home/seeno04/inno_jazzy_ws/src/sllidar_ros2/sdk/src/dataunpacker/dataunpacker.h:56:54: warning: unused parameter \xe2\x80\x98ansType\xe2\x80\x99 [-Wunused-parameter]\n'}
[23.298655] (sllidar_ros2) StderrLine: {'line': b'   56 |         virtual void onDecodingError(int errMsg, _u8 ansType, const void* payload, size_t size) {}\n'}
[23.298740] (sllidar_ros2) StderrLine: {'line': b'      |                                                  ~~~~^~~~~~~\n'}
[23.298819] (sllidar_ros2) StderrLine: {'line': b'/home/seeno04/inno_jazzy_ws/src/sllidar_ros2/sdk/src/dataunpacker/dataunpacker.h:56:75: warning: unused parameter \xe2\x80\x98payload\xe2\x80\x99 [-Wunused-parameter]\n'}
[23.298904] (sllidar_ros2) StderrLine: {'line': b'   56 |         virtual void onDecodingError(int errMsg, _u8 ansType, const void* payload, size_t size) {}\n'}
[23.298990] (sllidar_ros2) StderrLine: {'line': b'      |                                                               ~~~~~~~~~~~~^~~~~~~\n'}
[23.299085] (sllidar_ros2) StderrLine: {'line': b'/home/seeno04/inno_jazzy_ws/src/sllidar_ros2/sdk/src/dataunpacker/dataunpacker.h:56:91: warning: unused parameter \xe2\x80\x98size\xe2\x80\x99 [-Wunused-parameter]\n'}
[23.299173] (sllidar_ros2) StderrLine: {'line': b'   56 |         virtual void onDecodingError(int errMsg, _u8 ansType, const void* payload, size_t size) {}\n'}
[23.299261] (sllidar_ros2) StderrLine: {'line': b'      |                                                                                    ~~~~~~~^~~~\n'}
[23.335567] (-) TimerEvent: {}
[23.435813] (-) TimerEvent: {}
[23.538531] (-) TimerEvent: {}
[23.638780] (-) TimerEvent: {}
[23.739400] (-) TimerEvent: {}
[23.771524] (sllidar_ros2) StdoutLine: {'line': b'[ 25%] Building CXX object CMakeFiles/sllidar_node.dir/sdk/src/dataunpacker/unpacker/handler_capsules.cpp.o\n'}
[23.841548] (-) TimerEvent: {}
[23.941810] (-) TimerEvent: {}
[24.042045] (-) TimerEvent: {}
[24.142271] (-) TimerEvent: {}
[24.242511] (-) TimerEvent: {}
[24.342874] (-) TimerEvent: {}
[24.443210] (-) TimerEvent: {}
[24.543437] (-) TimerEvent: {}
[24.643685] (-) TimerEvent: {}
[24.723594] (sllidar_ros2) StderrLine: {'line': b'In file included from /home/seeno04/inno_jazzy_ws/src/sllidar_ros2/./sdk/include/rplidar_protocol.h:36,\n'}
[24.723840] (sllidar_ros2) StderrLine: {'line': b'                 from /home/seeno04/inno_jazzy_ws/src/sllidar_ros2/./sdk/include/rplidar.h:39,\n'}
[24.723946] (sllidar_ros2) StderrLine: {'line': b'                 from /home/seeno04/inno_jazzy_ws/src/sllidar_ros2/./sdk/src/sdkcommon.h:49,\n'}
[24.724038] (sllidar_ros2) StderrLine: {'line': b'                 from /home/seeno04/inno_jazzy_ws/src/sllidar_ros2/sdk/src/dataunpacker/unpacker/../dataunnpacker_commondef.h:41,\n'}
[24.724125] (sllidar_ros2) StderrLine: {'line': b'                 from /home/seeno04/inno_jazzy_ws/src/sllidar_ros2/sdk/src/dataunpacker/unpacker/handler_capsules.cpp:39:\n'}
[24.724212] (sllidar_ros2) StderrLine: {'line': b'/home/seeno04/inno_jazzy_ws/src/sllidar_ros2/./sdk/include/sl_lidar_protocol.h:66:16: warning: ISO C++ forbids zero-size array \xe2\x80\x98data\xe2\x80\x99 [-Wpedantic]\n'}
[24.724297] (sllidar_ros2) StderrLine: {'line': b'   66 |     sl_u8 data[0];\n'}
[24.724374] (sllidar_ros2) StderrLine: {'line': b'      |                ^\n'}
[24.724476] (sllidar_ros2) StderrLine: {'line': b'In file included from /home/seeno04/inno_jazzy_ws/src/sllidar_ros2/./sdk/include/rplidar_cmd.h:36,\n'}
[24.724585] (sllidar_ros2) StderrLine: {'line': b'                 from /home/seeno04/inno_jazzy_ws/src/sllidar_ros2/./sdk/include/rplidar.h:40:\n'}
[24.724684] (sllidar_ros2) StderrLine: {'line': b'/home/seeno04/inno_jazzy_ws/src/sllidar_ros2/./sdk/include/sl_lidar_cmd.h:324:20: warning: ISO C++ forbids zero-size array \xe2\x80\x98payload\xe2\x80\x99 [-Wpedantic]\n'}
[24.724773] (sllidar_ros2) StderrLine: {'line': b'  324 |     sl_u8  payload[0];\n'}
[24.724847] (sllidar_ros2) StderrLine: {'line': b'      |                    ^\n'}
[24.743816] (-) TimerEvent: {}
[24.844400] (-) TimerEvent: {}
[24.874546] (sllidar_ros2) StderrLine: {'line': b'In file included from /home/seeno04/inno_jazzy_ws/src/sllidar_ros2/sdk/src/dataunpacker/unpacker/handler_capsules.cpp:40:\n'}
[24.874887] (sllidar_ros2) StderrLine: {'line': b'/home/seeno04/inno_jazzy_ws/src/sllidar_ros2/sdk/src/dataunpacker/unpacker/../dataunpacker.h: In member function \xe2\x80\x98virtual void sl::internal::LIDARSampleDataListener::onCustomSampleDataDecoded(_u8, _u32, const void*, size_t)\xe2\x80\x99:\n'}
[24.875002] (sllidar_ros2) StderrLine: {'line': b'/home/seeno04/inno_jazzy_ws/src/sllidar_ros2/sdk/src/dataunpacker/unpacker/../dataunpacker.h:54:52: warning: unused parameter \xe2\x80\x98ansType\xe2\x80\x99 [-Wunused-parameter]\n'}
[24.875088] (sllidar_ros2) StderrLine: {'line': b'   54 |         virtual void onCustomSampleDataDecoded(_u8 ansType, _u32 customCode, const void* data, size_t size) {}\n'}
[24.875174] (sllidar_ros2) StderrLine: {'line': b'      |                                                ~~~~^~~~~~~\n'}
[24.875255] (sllidar_ros2) StderrLine: {'line': b'/home/seeno04/inno_jazzy_ws/src/sllidar_ros2/sdk/src/dataunpacker/unpacker/../dataunpacker.h:54:66: warning: unused parameter \xe2\x80\x98customCode\xe2\x80\x99 [-Wunused-parameter]\n'}
[24.875338] (sllidar_ros2) StderrLine: {'line': b'   54 |         virtual void onCustomSampleDataDecoded(_u8 ansType, _u32 customCode, const void* data, size_t size) {}\n'}
[24.875422] (sllidar_ros2) StderrLine: {'line': b'      |                                                             ~~~~~^~~~~~~~~~\n'}
[24.875785] (sllidar_ros2) StderrLine: {'line': b'/home/seeno04/inno_jazzy_ws/src/sllidar_ros2/sdk/src/dataunpacker/unpacker/../dataunpacker.h:54:90: warning: unused parameter \xe2\x80\x98data\xe2\x80\x99 [-Wunused-parameter]\n'}
[24.875886] (sllidar_ros2) StderrLine: {'line': b'   54 |         virtual void onCustomSampleDataDecoded(_u8 ansType, _u32 customCode, const void* data, size_t size) {}\n'}
[24.875978] (sllidar_ros2) StderrLine: {'line': b'      |                                                                              ~~~~~~~~~~~~^~~~\n'}
[24.876061] (sllidar_ros2) StderrLine: {'line': b'/home/seeno04/inno_jazzy_ws/src/sllidar_ros2/sdk/src/dataunpacker/unpacker/../dataunpacker.h:54:103: warning: unused parameter \xe2\x80\x98size\xe2\x80\x99 [-Wunused-parameter]\n'}
[24.876149] (sllidar_ros2) StderrLine: {'line': b'   54 |         virtual void onCustomSampleDataDecoded(_u8 ansType, _u32 customCode, const void* data, size_t size) {}\n'}
[24.876246] (sllidar_ros2) StderrLine: {'line': b'      |                                                                                                ~~~~~~~^~~~\n'}
[24.876361] (sllidar_ros2) StderrLine: {'line': b'/home/seeno04/inno_jazzy_ws/src/sllidar_ros2/sdk/src/dataunpacker/unpacker/../dataunpacker.h: In member function \xe2\x80\x98virtual void sl::internal::LIDARSampleDataListener::onDecodingError(int, _u8, const void*, size_t)\xe2\x80\x99:\n'}
[24.876483] (sllidar_ros2) StderrLine: {'line': b'/home/seeno04/inno_jazzy_ws/src/sllidar_ros2/sdk/src/dataunpacker/unpacker/../dataunpacker.h:56:42: warning: unused parameter \xe2\x80\x98errMsg\xe2\x80\x99 [-Wunused-parameter]\n'}
[24.876583] (sllidar_ros2) StderrLine: {'line': b'   56 |         virtual void onDecodingError(int errMsg, _u8 ansType, const void* payload, size_t size) {}\n'}
[24.876664] (sllidar_ros2) StderrLine: {'line': b'      |                                      ~~~~^~~~~~\n'}
[24.876740] (sllidar_ros2) StderrLine: {'line': b'/home/seeno04/inno_jazzy_ws/src/sllidar_ros2/sdk/src/dataunpacker/unpacker/../dataunpacker.h:56:54: warning: unused parameter \xe2\x80\x98ansType\xe2\x80\x99 [-Wunused-parameter]\n'}
[24.876821] (sllidar_ros2) StderrLine: {'line': b'   56 |         virtual void onDecodingError(int errMsg, _u8 ansType, const void* payload, size_t size) {}\n'}
[24.876914] (sllidar_ros2) StderrLine: {'line': b'      |                                                  ~~~~^~~~~~~\n'}
[24.876998] (sllidar_ros2) StderrLine: {'line': b'/home/seeno04/inno_jazzy_ws/src/sllidar_ros2/sdk/src/dataunpacker/unpacker/../dataunpacker.h:56:75: warning: unused parameter \xe2\x80\x98payload\xe2\x80\x99 [-Wunused-parameter]\n'}
[24.877077] (sllidar_ros2) StderrLine: {'line': b'   56 |         virtual void onDecodingError(int errMsg, _u8 ansType, const void* payload, size_t size) {}\n'}
[24.877154] (sllidar_ros2) StderrLine: {'line': b'      |                                                               ~~~~~~~~~~~~^~~~~~~\n'}
[24.877232] (sllidar_ros2) StderrLine: {'line': b'/home/seeno04/inno_jazzy_ws/src/sllidar_ros2/sdk/src/dataunpacker/unpacker/../dataunpacker.h:56:91: warning: unused parameter \xe2\x80\x98size\xe2\x80\x99 [-Wunused-parameter]\n'}
[24.877309] (sllidar_ros2) StderrLine: {'line': b'   56 |         virtual void onDecodingError(int errMsg, _u8 ansType, const void* payload, size_t size) {}\n'}
[24.877393] (sllidar_ros2) StderrLine: {'line': b'      |                                                                                    ~~~~~~~^~~~\n'}
[24.891489] (sllidar_ros2) StderrLine: {'line': b'/home/seeno04/inno_jazzy_ws/src/sllidar_ros2/sdk/src/dataunpacker/unpacker/handler_capsules.cpp: In member function \xe2\x80\x98void sl::internal::unpacker::UnpackerHandler_DenseCapsuleNode::_onScanNodeDenseCapsuleData(rplidar_response_dense_capsule_measurement_nodes_t&, sl::internal::LIDARSampleDataUnpackerInner*)\xe2\x80\x99:\n'}
[24.891770] (sllidar_ros2) StderrLine: {'line': b'/home/seeno04/inno_jazzy_ws/src/sllidar_ros2/sdk/src/dataunpacker/unpacker/handler_capsules.cpp:763:30: warning: type qualifiers ignored on cast result type [-Wignored-qualifiers]\n'}
[24.891873] (sllidar_ros2) StderrLine: {'line': b'  763 |             const int dist = static_cast<const int>(_cached_previous_dense_capsuledata.cabins[pos].distance);\n'}
[24.891956] (sllidar_ros2) StderrLine: {'line': b'      |                              ^~~~~~~~~~~~~~~~~~~~~~~~~~~~~~~~~~~~~~~~~~~~~~~~~~~~~~~~~~~~~~~~~~~~~~~~~~~~~~~\n'}
[24.944758] (-) TimerEvent: {}
[25.045069] (-) TimerEvent: {}
[25.145295] (-) TimerEvent: {}
[25.235128] (sllidar_ros2) StdoutLine: {'line': b'[ 30%] Building CXX object CMakeFiles/sllidar_node.dir/sdk/src/dataunpacker/unpacker/handler_hqnode.cpp.o\n'}
[25.245435] (-) TimerEvent: {}
[25.345849] (-) TimerEvent: {}
[25.447705] (-) TimerEvent: {}
[25.548218] (-) TimerEvent: {}
[25.648818] (-) TimerEvent: {}
[25.750566] (-) TimerEvent: {}
[25.850805] (-) TimerEvent: {}
[25.951153] (-) TimerEvent: {}
[26.051526] (-) TimerEvent: {}
[26.151808] (-) TimerEvent: {}
[26.197963] (sllidar_ros2) StderrLine: {'line': b'In file included from /home/seeno04/inno_jazzy_ws/src/sllidar_ros2/./sdk/include/rplidar_protocol.h:36,\n'}
[26.198233] (sllidar_ros2) StderrLine: {'line': b'                 from /home/seeno04/inno_jazzy_ws/src/sllidar_ros2/./sdk/include/rplidar.h:39,\n'}
[26.198339] (sllidar_ros2) StderrLine: {'line': b'                 from /home/seeno04/inno_jazzy_ws/src/sllidar_ros2/./sdk/src/sdkcommon.h:49,\n'}
[26.198461] (sllidar_ros2) StderrLine: {'line': b'                 from /home/seeno04/inno_jazzy_ws/src/sllidar_ros2/sdk/src/dataunpacker/unpacker/../dataunnpacker_commondef.h:41,\n'}
[26.198570] (sllidar_ros2) StderrLine: {'line': b'                 from /home/seeno04/inno_jazzy_ws/src/sllidar_ros2/sdk/src/dataunpacker/unpacker/handler_hqnode.cpp:39:\n'}
[26.198654] (sllidar_ros2) StderrLine: {'line': b'/home/seeno04/inno_jazzy_ws/src/sllidar_ros2/./sdk/include/sl_lidar_protocol.h:66:16: warning: ISO C++ forbids zero-size array \xe2\x80\x98data\xe2\x80\x99 [-Wpedantic]\n'}
[26.198745] (sllidar_ros2) StderrLine: {'line': b'   66 |     sl_u8 data[0];\n'}
[26.198830] (sllidar_ros2) StderrLine: {'line': b'      |                ^\n'}
[26.200690] (sllidar_ros2) StderrLine: {'line': b'In file included from /home/seeno04/inno_jazzy_ws/src/sllidar_ros2/./sdk/include/rplidar_cmd.h:36,\n'}
[26.200947] (sllidar_ros2) StderrLine: {'line': b'                 from /home/seeno04/inno_jazzy_ws/src/sllidar_ros2/./sdk/include/rplidar.h:40:\n'}
[26.201042] (sllidar_ros2) StderrLine: {'line': b'/home/seeno04/inno_jazzy_ws/src/sllidar_ros2/./sdk/include/sl_lidar_cmd.h:324:20: warning: ISO C++ forbids zero-size array \xe2\x80\x98payload\xe2\x80\x99 [-Wpedantic]\n'}
[26.201126] (sllidar_ros2) StderrLine: {'line': b'  324 |     sl_u8  payload[0];\n'}
[26.201203] (sllidar_ros2) StderrLine: {'line': b'      |                    ^\n'}
[26.251924] (-) TimerEvent: {}
[26.352162] (-) TimerEvent: {}
[26.411494] (sllidar_ros2) StderrLine: {'line': b'In file included from /home/seeno04/inno_jazzy_ws/src/sllidar_ros2/sdk/src/dataunpacker/unpacker/handler_hqnode.cpp:40:\n'}
[26.411771] (sllidar_ros2) StderrLine: {'line': b'/home/seeno04/inno_jazzy_ws/src/sllidar_ros2/sdk/src/dataunpacker/unpacker/../dataunpacker.h: In member function \xe2\x80\x98virtual void sl::internal::LIDARSampleDataListener::onCustomSampleDataDecoded(_u8, _u32, const void*, size_t)\xe2\x80\x99:\n'}
[26.411881] (sllidar_ros2) StderrLine: {'line': b'/home/seeno04/inno_jazzy_ws/src/sllidar_ros2/sdk/src/dataunpacker/unpacker/../dataunpacker.h:54:52: warning: unused parameter \xe2\x80\x98ansType\xe2\x80\x99 [-Wunused-parameter]\n'}
[26.411990] (sllidar_ros2) StderrLine: {'line': b'   54 |         virtual void onCustomSampleDataDecoded(_u8 ansType, _u32 customCode, const void* data, size_t size) {}\n'}
[26.412074] (sllidar_ros2) StderrLine: {'line': b'      |                                                ~~~~^~~~~~~\n'}
[26.412354] (sllidar_ros2) StderrLine: {'line': b'/home/seeno04/inno_jazzy_ws/src/sllidar_ros2/sdk/src/dataunpacker/unpacker/../dataunpacker.h:54:66: warning: unused parameter \xe2\x80\x98customCode\xe2\x80\x99 [-Wunused-parameter]\n'}
[26.412513] (sllidar_ros2) StderrLine: {'line': b'   54 |         virtual void onCustomSampleDataDecoded(_u8 ansType, _u32 customCode, const void* data, size_t size) {}\n'}
[26.412625] (sllidar_ros2) StderrLine: {'line': b'      |                                                             ~~~~~^~~~~~~~~~\n'}
[26.412874] (sllidar_ros2) StderrLine: {'line': b'/home/seeno04/inno_jazzy_ws/src/sllidar_ros2/sdk/src/dataunpacker/unpacker/../dataunpacker.h:54:90: warning: unused parameter \xe2\x80\x98data\xe2\x80\x99 [-Wunused-parameter]\n'}
[26.412994] (sllidar_ros2) StderrLine: {'line': b'   54 |         virtual void onCustomSampleDataDecoded(_u8 ansType, _u32 customCode, const void* data, size_t size) {}\n'}
[26.413077] (sllidar_ros2) StderrLine: {'line': b'      |                                                                              ~~~~~~~~~~~~^~~~\n'}
[26.413312] (sllidar_ros2) StderrLine: {'line': b'/home/seeno04/inno_jazzy_ws/src/sllidar_ros2/sdk/src/dataunpacker/unpacker/../dataunpacker.h:54:103: warning: unused parameter \xe2\x80\x98size\xe2\x80\x99 [-Wunused-parameter]\n'}
[26.413436] (sllidar_ros2) StderrLine: {'line': b'   54 |         virtual void onCustomSampleDataDecoded(_u8 ansType, _u32 customCode, const void* data, size_t size) {}\n'}
[26.413551] (sllidar_ros2) StderrLine: {'line': b'      |                                                                                                ~~~~~~~^~~~\n'}
[26.413854] (sllidar_ros2) StderrLine: {'line': b'/home/seeno04/inno_jazzy_ws/src/sllidar_ros2/sdk/src/dataunpacker/unpacker/../dataunpacker.h: In member function \xe2\x80\x98virtual void sl::internal::LIDARSampleDataListener::onDecodingError(int, _u8, const void*, size_t)\xe2\x80\x99:\n'}
[26.413998] (sllidar_ros2) StderrLine: {'line': b'/home/seeno04/inno_jazzy_ws/src/sllidar_ros2/sdk/src/dataunpacker/unpacker/../dataunpacker.h:56:42: warning: unused parameter \xe2\x80\x98errMsg\xe2\x80\x99 [-Wunused-parameter]\n'}
[26.414086] (sllidar_ros2) StderrLine: {'line': b'   56 |         virtual void onDecodingError(int errMsg, _u8 ansType, const void* payload, size_t size) {}\n'}
[26.414165] (sllidar_ros2) StderrLine: {'line': b'      |                                      ~~~~^~~~~~\n'}
[26.414404] (sllidar_ros2) StderrLine: {'line': b'/home/seeno04/inno_jazzy_ws/src/sllidar_ros2/sdk/src/dataunpacker/unpacker/../dataunpacker.h:56:54: warning: unused parameter \xe2\x80\x98ansType\xe2\x80\x99 [-Wunused-parameter]\n'}
[26.414552] (sllidar_ros2) StderrLine: {'line': b'   56 |         virtual void onDecodingError(int errMsg, _u8 ansType, const void* payload, size_t size) {}\n'}
[26.414644] (sllidar_ros2) StderrLine: {'line': b'      |                                                  ~~~~^~~~~~~\n'}
[26.415649] (sllidar_ros2) StderrLine: {'line': b'/home/seeno04/inno_jazzy_ws/src/sllidar_ros2/sdk/src/dataunpacker/unpacker/../dataunpacker.h:56:75: warning: unused parameter \xe2\x80\x98payload\xe2\x80\x99 [-Wunused-parameter]\n'}
[26.415850] (sllidar_ros2) StderrLine: {'line': b'   56 |         virtual void onDecodingError(int errMsg, _u8 ansType, const void* payload, size_t size) {}\n'}
[26.415961] (sllidar_ros2) StderrLine: {'line': b'      |                                                               ~~~~~~~~~~~~^~~~~~~\n'}
[26.416043] (sllidar_ros2) StderrLine: {'line': b'/home/seeno04/inno_jazzy_ws/src/sllidar_ros2/sdk/src/dataunpacker/unpacker/../dataunpacker.h:56:91: warning: unused parameter \xe2\x80\x98size\xe2\x80\x99 [-Wunused-parameter]\n'}
[26.416120] (sllidar_ros2) StderrLine: {'line': b'   56 |         virtual void onDecodingError(int errMsg, _u8 ansType, const void* payload, size_t size) {}\n'}
[26.416197] (sllidar_ros2) StderrLine: {'line': b'      |                                                                                    ~~~~~~~^~~~\n'}
[26.455156] (-) TimerEvent: {}
[26.555394] (-) TimerEvent: {}
[26.655649] (-) TimerEvent: {}
[26.677816] (sllidar_ros2) StdoutLine: {'line': b'[ 35%] Building CXX object CMakeFiles/sllidar_node.dir/sdk/src/dataunpacker/unpacker/handler_normalnode.cpp.o\n'}
[26.756010] (-) TimerEvent: {}
[26.856655] (-) TimerEvent: {}
[26.958690] (-) TimerEvent: {}
[27.058941] (-) TimerEvent: {}
[27.159207] (-) TimerEvent: {}
[27.263535] (-) TimerEvent: {}
[27.363901] (-) TimerEvent: {}
[27.464591] (-) TimerEvent: {}
[27.564855] (-) TimerEvent: {}
[27.665097] (-) TimerEvent: {}
[27.679378] (sllidar_ros2) StderrLine: {'line': b'In file included from /home/seeno04/inno_jazzy_ws/src/sllidar_ros2/./sdk/include/rplidar_protocol.h:36,\n'}
[27.679635] (sllidar_ros2) StderrLine: {'line': b'                 from /home/seeno04/inno_jazzy_ws/src/sllidar_ros2/./sdk/include/rplidar.h:39,\n'}
[27.679737] (sllidar_ros2) StderrLine: {'line': b'                 from /home/seeno04/inno_jazzy_ws/src/sllidar_ros2/./sdk/src/sdkcommon.h:49,\n'}
[27.679822] (sllidar_ros2) StderrLine: {'line': b'                 from /home/seeno04/inno_jazzy_ws/src/sllidar_ros2/sdk/src/dataunpacker/unpacker/../dataunnpacker_commondef.h:41,\n'}
[27.679908] (sllidar_ros2) StderrLine: {'line': b'                 from /home/seeno04/inno_jazzy_ws/src/sllidar_ros2/sdk/src/dataunpacker/unpacker/handler_normalnode.cpp:39:\n'}
[27.679988] (sllidar_ros2) StderrLine: {'line': b'/home/seeno04/inno_jazzy_ws/src/sllidar_ros2/./sdk/include/sl_lidar_protocol.h:66:16: warning: ISO C++ forbids zero-size array \xe2\x80\x98data\xe2\x80\x99 [-Wpedantic]\n'}
[27.680070] (sllidar_ros2) StderrLine: {'line': b'   66 |     sl_u8 data[0];\n'}
[27.680150] (sllidar_ros2) StderrLine: {'line': b'      |                ^\n'}
[27.683758] (sllidar_ros2) StderrLine: {'line': b'In file included from /home/seeno04/inno_jazzy_ws/src/sllidar_ros2/./sdk/include/rplidar_cmd.h:36,\n'}
[27.684022] (sllidar_ros2) StderrLine: {'line': b'                 from /home/seeno04/inno_jazzy_ws/src/sllidar_ros2/./sdk/include/rplidar.h:40:\n'}
[27.684125] (sllidar_ros2) StderrLine: {'line': b'/home/seeno04/inno_jazzy_ws/src/sllidar_ros2/./sdk/include/sl_lidar_cmd.h:324:20: warning: ISO C++ forbids zero-size array \xe2\x80\x98payload\xe2\x80\x99 [-Wpedantic]\n'}
[27.684230] (sllidar_ros2) StderrLine: {'line': b'  324 |     sl_u8  payload[0];\n'}
[27.684321] (sllidar_ros2) StderrLine: {'line': b'      |                    ^\n'}
[27.765328] (-) TimerEvent: {}
[27.865630] (-) TimerEvent: {}
[27.924234] (sllidar_ros2) StderrLine: {'line': b'In file included from /home/seeno04/inno_jazzy_ws/src/sllidar_ros2/sdk/src/dataunpacker/unpacker/handler_normalnode.cpp:40:\n'}
[27.924513] (sllidar_ros2) StderrLine: {'line': b'/home/seeno04/inno_jazzy_ws/src/sllidar_ros2/sdk/src/dataunpacker/unpacker/../dataunpacker.h: In member function \xe2\x80\x98virtual void sl::internal::LIDARSampleDataListener::onCustomSampleDataDecoded(_u8, _u32, const void*, size_t)\xe2\x80\x99:\n'}
[27.924633] (sllidar_ros2) StderrLine: {'line': b'/home/seeno04/inno_jazzy_ws/src/sllidar_ros2/sdk/src/dataunpacker/unpacker/../dataunpacker.h:54:52: warning: unused parameter \xe2\x80\x98ansType\xe2\x80\x99 [-Wunused-parameter]\n'}
[27.924721] (sllidar_ros2) StderrLine: {'line': b'   54 |         virtual void onCustomSampleDataDecoded(_u8 ansType, _u32 customCode, const void* data, size_t size) {}\n'}
[27.924803] (sllidar_ros2) StderrLine: {'line': b'      |                                                ~~~~^~~~~~~\n'}
[27.925132] (sllidar_ros2) StderrLine: {'line': b'/home/seeno04/inno_jazzy_ws/src/sllidar_ros2/sdk/src/dataunpacker/unpacker/../dataunpacker.h:54:66: warning: unused parameter \xe2\x80\x98customCode\xe2\x80\x99 [-Wunused-parameter]\n'}
[27.925268] (sllidar_ros2) StderrLine: {'line': b'   54 |         virtual void onCustomSampleDataDecoded(_u8 ansType, _u32 customCode, const void* data, size_t size) {}\n'}
[27.925377] (sllidar_ros2) StderrLine: {'line': b'      |                                                             ~~~~~^~~~~~~~~~\n'}
[27.925679] (sllidar_ros2) StderrLine: {'line': b'/home/seeno04/inno_jazzy_ws/src/sllidar_ros2/sdk/src/dataunpacker/unpacker/../dataunpacker.h:54:90: warning: unused parameter \xe2\x80\x98data\xe2\x80\x99 [-Wunused-parameter]\n'}
[27.925817] (sllidar_ros2) StderrLine: {'line': b'   54 |         virtual void onCustomSampleDataDecoded(_u8 ansType, _u32 customCode, const void* data, size_t size) {}\n'}
[27.925903] (sllidar_ros2) StderrLine: {'line': b'      |                                                                              ~~~~~~~~~~~~^~~~\n'}
[27.926147] (sllidar_ros2) StderrLine: {'line': b'/home/seeno04/inno_jazzy_ws/src/sllidar_ros2/sdk/src/dataunpacker/unpacker/../dataunpacker.h:54:103: warning: unused parameter \xe2\x80\x98size\xe2\x80\x99 [-Wunused-parameter]\n'}
[27.926265] (sllidar_ros2) StderrLine: {'line': b'   54 |         virtual void onCustomSampleDataDecoded(_u8 ansType, _u32 customCode, const void* data, size_t size) {}\n'}
[27.926346] (sllidar_ros2) StderrLine: {'line': b'      |                                                                                                ~~~~~~~^~~~\n'}
[27.926690] (sllidar_ros2) StderrLine: {'line': b'/home/seeno04/inno_jazzy_ws/src/sllidar_ros2/sdk/src/dataunpacker/unpacker/../dataunpacker.h: In member function \xe2\x80\x98virtual void sl::internal::LIDARSampleDataListener::onDecodingError(int, _u8, const void*, size_t)\xe2\x80\x99:\n'}
[27.926837] (sllidar_ros2) StderrLine: {'line': b'/home/seeno04/inno_jazzy_ws/src/sllidar_ros2/sdk/src/dataunpacker/unpacker/../dataunpacker.h:56:42: warning: unused parameter \xe2\x80\x98errMsg\xe2\x80\x99 [-Wunused-parameter]\n'}
[27.926922] (sllidar_ros2) StderrLine: {'line': b'   56 |         virtual void onDecodingError(int errMsg, _u8 ansType, const void* payload, size_t size) {}\n'}
[27.926998] (sllidar_ros2) StderrLine: {'line': b'      |                                      ~~~~^~~~~~\n'}
[27.927657] (sllidar_ros2) StderrLine: {'line': b'/home/seeno04/inno_jazzy_ws/src/sllidar_ros2/sdk/src/dataunpacker/unpacker/../dataunpacker.h:56:54: warning: unused parameter \xe2\x80\x98ansType\xe2\x80\x99 [-Wunused-parameter]\n'}
[27.927829] (sllidar_ros2) StderrLine: {'line': b'   56 |         virtual void onDecodingError(int errMsg, _u8 ansType, const void* payload, size_t size) {}\n'}
[27.927917] (sllidar_ros2) StderrLine: {'line': b'      |                                                  ~~~~^~~~~~~\n'}
[27.928004] (sllidar_ros2) StderrLine: {'line': b'/home/seeno04/inno_jazzy_ws/src/sllidar_ros2/sdk/src/dataunpacker/unpacker/../dataunpacker.h:56:75: warning: unused parameter \xe2\x80\x98payload\xe2\x80\x99 [-Wunused-parameter]\n'}
[27.928078] (sllidar_ros2) StderrLine: {'line': b'   56 |         virtual void onDecodingError(int errMsg, _u8 ansType, const void* payload, size_t size) {}\n'}
[27.928152] (sllidar_ros2) StderrLine: {'line': b'      |                                                               ~~~~~~~~~~~~^~~~~~~\n'}
[27.928223] (sllidar_ros2) StderrLine: {'line': b'/home/seeno04/inno_jazzy_ws/src/sllidar_ros2/sdk/src/dataunpacker/unpacker/../dataunpacker.h:56:91: warning: unused parameter \xe2\x80\x98size\xe2\x80\x99 [-Wunused-parameter]\n'}
[27.928298] (sllidar_ros2) StderrLine: {'line': b'   56 |         virtual void onDecodingError(int errMsg, _u8 ansType, const void* payload, size_t size) {}\n'}
[27.928371] (sllidar_ros2) StderrLine: {'line': b'      |                                                                                    ~~~~~~~^~~~\n'}
[27.968555] (-) TimerEvent: {}
[28.068806] (-) TimerEvent: {}
[28.169042] (-) TimerEvent: {}
[28.209698] (sllidar_ros2) StdoutLine: {'line': b'[ 40%] Building CXX object CMakeFiles/sllidar_node.dir/sdk/src/hal/thread.cpp.o\n'}
[28.269254] (-) TimerEvent: {}
[28.369614] (-) TimerEvent: {}
[28.469855] (-) TimerEvent: {}
[28.570117] (-) TimerEvent: {}
[28.670407] (-) TimerEvent: {}
[28.770661] (-) TimerEvent: {}
[28.874647] (-) TimerEvent: {}
[28.975052] (-) TimerEvent: {}
[29.075323] (-) TimerEvent: {}
[29.180583] (sllidar_ros2) StderrLine: {'line': b'In file included from /home/seeno04/inno_jazzy_ws/src/sllidar_ros2/./sdk/include/rplidar_protocol.h:36,\n'}
[29.180888] (-) TimerEvent: {}
[29.180918] (sllidar_ros2) StderrLine: {'line': b'                 from /home/seeno04/inno_jazzy_ws/src/sllidar_ros2/./sdk/include/rplidar.h:39,\n'}
[29.181028] (sllidar_ros2) StderrLine: {'line': b'                 from /home/seeno04/inno_jazzy_ws/src/sllidar_ros2/./sdk/src/sdkcommon.h:49,\n'}
[29.181122] (sllidar_ros2) StderrLine: {'line': b'                 from /home/seeno04/inno_jazzy_ws/src/sllidar_ros2/sdk/src/hal/thread.cpp:35:\n'}
[29.181203] (sllidar_ros2) StderrLine: {'line': b'/home/seeno04/inno_jazzy_ws/src/sllidar_ros2/./sdk/include/sl_lidar_protocol.h:66:16: warning: ISO C++ forbids zero-size array \xe2\x80\x98data\xe2\x80\x99 [-Wpedantic]\n'}
[29.181320] (sllidar_ros2) StderrLine: {'line': b'   66 |     sl_u8 data[0];\n'}
[29.181402] (sllidar_ros2) StderrLine: {'line': b'      |                ^\n'}
[29.181518] (sllidar_ros2) StderrLine: {'line': b'In file included from /home/seeno04/inno_jazzy_ws/src/sllidar_ros2/./sdk/include/rplidar_cmd.h:36,\n'}
[29.181611] (sllidar_ros2) StderrLine: {'line': b'                 from /home/seeno04/inno_jazzy_ws/src/sllidar_ros2/./sdk/include/rplidar.h:40:\n'}
[29.181702] (sllidar_ros2) StderrLine: {'line': b'/home/seeno04/inno_jazzy_ws/src/sllidar_ros2/./sdk/include/sl_lidar_cmd.h:324:20: warning: ISO C++ forbids zero-size array \xe2\x80\x98payload\xe2\x80\x99 [-Wpedantic]\n'}
[29.181793] (sllidar_ros2) StderrLine: {'line': b'  324 |     sl_u8  payload[0];\n'}
[29.181878] (sllidar_ros2) StderrLine: {'line': b'      |                    ^\n'}
[29.241604] (sllidar_ros2) StderrLine: {'line': b'In file included from /home/seeno04/inno_jazzy_ws/src/sllidar_ros2/sdk/src/hal/thread.cpp:43:\n'}
[29.241877] (sllidar_ros2) StderrLine: {'line': b'/home/seeno04/inno_jazzy_ws/src/sllidar_ros2/./sdk/src/arch/linux/thread.hpp: In static member function \xe2\x80\x98static rp::hal::Thread rp::hal::Thread::create(thread_proc_t, void*)\xe2\x80\x99:\n'}
[29.242019] (sllidar_ros2) StderrLine: {'line': b'/home/seeno04/inno_jazzy_ws/src/sllidar_ros2/./sdk/src/arch/linux/thread.hpp:52:57: warning: cast between incompatible function types from \xe2\x80\x98thread_proc_t\xe2\x80\x99 {aka \xe2\x80\x98long unsigned int (*)(void*)\xe2\x80\x99} to \xe2\x80\x98void* (*)(void*)\xe2\x80\x99 [-Wcast-function-type]\n'}
[29.242125] (sllidar_ros2) StderrLine: {'line': b'   52 |     pthread_create((pthread_t *)&newborn._handle, NULL, (void * (*)(void *))proc, data);\n'}
[29.242228] (sllidar_ros2) StderrLine: {'line': b'      |                                                         ^~~~~~~~~~~~~~~~~~~~~~~~\n'}
[29.244261] (sllidar_ros2) StderrLine: {'line': b'/home/seeno04/inno_jazzy_ws/src/sllidar_ros2/./sdk/src/arch/linux/thread.hpp: In member function \xe2\x80\x98u_result rp::hal::Thread::join(long unsigned int)\xe2\x80\x99:\n'}
[29.244603] (sllidar_ros2) StderrLine: {'line': b'/home/seeno04/inno_jazzy_ws/src/sllidar_ros2/./sdk/src/arch/linux/thread.hpp:176:37: warning: unused parameter \xe2\x80\x98timeout\xe2\x80\x99 [-Wunused-parameter]\n'}
[29.244743] (sllidar_ros2) StderrLine: {'line': b'  176 | u_result Thread::join(unsigned long timeout)\n'}
[29.244845] (sllidar_ros2) StderrLine: {'line': b'      |                       ~~~~~~~~~~~~~~^~~~~~~\n'}
[29.281033] (-) TimerEvent: {}
[29.381309] (-) TimerEvent: {}
[29.441009] (sllidar_ros2) StdoutLine: {'line': b'[ 45%] Building CXX object CMakeFiles/sllidar_node.dir/sdk/src/rplidar_driver.cpp.o\n'}
[29.481532] (-) TimerEvent: {}
[29.584530] (-) TimerEvent: {}
[29.684746] (-) TimerEvent: {}
[29.785178] (-) TimerEvent: {}
[29.885570] (-) TimerEvent: {}
[29.985820] (-) TimerEvent: {}
[30.086049] (-) TimerEvent: {}
[30.188552] (-) TimerEvent: {}
[30.288833] (-) TimerEvent: {}
[30.389126] (-) TimerEvent: {}
[30.462203] (sllidar_ros2) StderrLine: {'line': b'In file included from /home/seeno04/inno_jazzy_ws/src/sllidar_ros2/./sdk/include/rplidar_protocol.h:36,\n'}
[30.462485] (sllidar_ros2) StderrLine: {'line': b'                 from /home/seeno04/inno_jazzy_ws/src/sllidar_ros2/./sdk/include/rplidar.h:39,\n'}
[30.462584] (sllidar_ros2) StderrLine: {'line': b'                 from /home/seeno04/inno_jazzy_ws/src/sllidar_ros2/sdk/src/sdkcommon.h:49,\n'}
[30.462667] (sllidar_ros2) StderrLine: {'line': b'                 from /home/seeno04/inno_jazzy_ws/src/sllidar_ros2/sdk/src/rplidar_driver.cpp:33:\n'}
[30.462743] (sllidar_ros2) StderrLine: {'line': b'/home/seeno04/inno_jazzy_ws/src/sllidar_ros2/./sdk/include/sl_lidar_protocol.h:66:16: warning: ISO C++ forbids zero-size array \xe2\x80\x98data\xe2\x80\x99 [-Wpedantic]\n'}
[30.462818] (sllidar_ros2) StderrLine: {'line': b'   66 |     sl_u8 data[0];\n'}
[30.462890] (sllidar_ros2) StderrLine: {'line': b'      |                ^\n'}
[30.467778] (sllidar_ros2) StderrLine: {'line': b'In file included from /home/seeno04/inno_jazzy_ws/src/sllidar_ros2/./sdk/include/rplidar_cmd.h:36,\n'}
[30.468096] (sllidar_ros2) StderrLine: {'line': b'                 from /home/seeno04/inno_jazzy_ws/src/sllidar_ros2/./sdk/include/rplidar.h:40:\n'}
[30.468211] (sllidar_ros2) StderrLine: {'line': b'/home/seeno04/inno_jazzy_ws/src/sllidar_ros2/./sdk/include/sl_lidar_cmd.h:324:20: warning: ISO C++ forbids zero-size array \xe2\x80\x98payload\xe2\x80\x99 [-Wpedantic]\n'}
[30.468303] (sllidar_ros2) StderrLine: {'line': b'  324 |     sl_u8  payload[0];\n'}
[30.468389] (sllidar_ros2) StderrLine: {'line': b'      |                    ^\n'}
[30.489228] (-) TimerEvent: {}
[30.565789] (sllidar_ros2) StderrLine: {'line': b'/home/seeno04/inno_jazzy_ws/src/sllidar_ros2/sdk/src/rplidar_driver.cpp: In member function \xe2\x80\x98u_result rp::standalone::rplidar::RPlidarDriver::connect(const char*, _u32, _u32)\xe2\x80\x99:\n'}
[30.567625] (sllidar_ros2) StderrLine: {'line': b'/home/seeno04/inno_jazzy_ws/src/sllidar_ros2/sdk/src/rplidar_driver.cpp:67:77: warning: unused parameter \xe2\x80\x98flag\xe2\x80\x99 [-Wunused-parameter]\n'}
[30.568213] (sllidar_ros2) StderrLine: {'line': b'   67 |     u_result RPlidarDriver::connect(const char *path, _u32 portOrBaud, _u32 flag)\n'}
[30.568687] (sllidar_ros2) StderrLine: {'line': b'      |                                                                        ~~~~~^~~~\n'}
[30.569415] (sllidar_ros2) StderrLine: {'line': b'/home/seeno04/inno_jazzy_ws/src/sllidar_ros2/sdk/src/rplidar_driver.cpp: In member function \xe2\x80\x98u_result rp::standalone::rplidar::RPlidarDriver::reset(_u32)\xe2\x80\x99:\n'}
[30.570171] (sllidar_ros2) StderrLine: {'line': b'/home/seeno04/inno_jazzy_ws/src/sllidar_ros2/sdk/src/rplidar_driver.cpp:101:40: warning: unused parameter \xe2\x80\x98timeout\xe2\x80\x99 [-Wunused-parameter]\n'}
[30.570915] (sllidar_ros2) StderrLine: {'line': b'  101 |     u_result RPlidarDriver::reset(_u32 timeout)\n'}
[30.571276] (sllidar_ros2) StderrLine: {'line': b'      |                                   ~~~~~^~~~~~~\n'}
[30.574810] (sllidar_ros2) StderrLine: {'line': b'/home/seeno04/inno_jazzy_ws/src/sllidar_ros2/sdk/src/rplidar_driver.cpp: In member function \xe2\x80\x98u_result rp::standalone::rplidar::RPlidarDriver::getScanDataWithInterval(rplidar_response_measurement_node_t*, size_t&)\xe2\x80\x99:\n'}
[30.575158] (sllidar_ros2) StderrLine: {'line': b'/home/seeno04/inno_jazzy_ws/src/sllidar_ros2/sdk/src/rplidar_driver.cpp:180:91: warning: unused parameter \xe2\x80\x98nodebuffer\xe2\x80\x99 [-Wunused-parameter]\n'}
[30.575309] (sllidar_ros2) StderrLine: {'line': b'  180 |     u_result RPlidarDriver::getScanDataWithInterval(rplidar_response_measurement_node_t * nodebuffer, size_t & count)\n'}
[30.575525] (sllidar_ros2) StderrLine: {'line': b'      |                                                     ~~~~~~~~~~~~~~~~~~~~~~~~~~~~~~~~~~~~~~^~~~~~~~~~\n'}
[30.575887] (sllidar_ros2) StderrLine: {'line': b'/home/seeno04/inno_jazzy_ws/src/sllidar_ros2/sdk/src/rplidar_driver.cpp:180:112: warning: unused parameter \xe2\x80\x98count\xe2\x80\x99 [-Wunused-parameter]\n'}
[30.576152] (sllidar_ros2) StderrLine: {'line': b'  180 |     u_result RPlidarDriver::getScanDataWithInterval(rplidar_response_measurement_node_t * nodebuffer, size_t & count)\n'}
[30.576404] (sllidar_ros2) StderrLine: {'line': b'      |                                                                                                       ~~~~~~~~~^~~~~\n'}
[30.590670] (-) TimerEvent: {}
[30.690891] (-) TimerEvent: {}
[30.791147] (-) TimerEvent: {}
[30.816539] (sllidar_ros2) StdoutLine: {'line': b'[ 50%] Building CXX object CMakeFiles/sllidar_node.dir/sdk/src/sl_async_transceiver.cpp.o\n'}
[30.891266] (-) TimerEvent: {}
[30.993357] (-) TimerEvent: {}
[31.093705] (-) TimerEvent: {}
[31.194229] (-) TimerEvent: {}
[31.295545] (-) TimerEvent: {}
[31.395794] (-) TimerEvent: {}
[31.496152] (-) TimerEvent: {}
[31.599198] (-) TimerEvent: {}
[31.699913] (-) TimerEvent: {}
[31.801986] (-) TimerEvent: {}
[31.851478] (sllidar_ros2) StderrLine: {'line': b'In file included from /home/seeno04/inno_jazzy_ws/src/sllidar_ros2/./sdk/include/rplidar_protocol.h:36,\n'}
[31.851775] (sllidar_ros2) StderrLine: {'line': b'                 from /home/seeno04/inno_jazzy_ws/src/sllidar_ros2/./sdk/include/rplidar.h:39,\n'}
[31.851899] (sllidar_ros2) StderrLine: {'line': b'                 from /home/seeno04/inno_jazzy_ws/src/sllidar_ros2/sdk/src/sdkcommon.h:49,\n'}
[31.852008] (sllidar_ros2) StderrLine: {'line': b'                 from /home/seeno04/inno_jazzy_ws/src/sllidar_ros2/sdk/src/sl_async_transceiver.cpp:35:\n'}
[31.852103] (sllidar_ros2) StderrLine: {'line': b'/home/seeno04/inno_jazzy_ws/src/sllidar_ros2/./sdk/include/sl_lidar_protocol.h:66:16: warning: ISO C++ forbids zero-size array \xe2\x80\x98data\xe2\x80\x99 [-Wpedantic]\n'}
[31.852205] (sllidar_ros2) StderrLine: {'line': b'   66 |     sl_u8 data[0];\n'}
[31.852315] (sllidar_ros2) StderrLine: {'line': b'      |                ^\n'}
[31.854869] (sllidar_ros2) StderrLine: {'line': b'In file included from /home/seeno04/inno_jazzy_ws/src/sllidar_ros2/./sdk/include/rplidar_cmd.h:36,\n'}
[31.855019] (sllidar_ros2) StderrLine: {'line': b'                 from /home/seeno04/inno_jazzy_ws/src/sllidar_ros2/./sdk/include/rplidar.h:40:\n'}
[31.855112] (sllidar_ros2) StderrLine: {'line': b'/home/seeno04/inno_jazzy_ws/src/sllidar_ros2/./sdk/include/sl_lidar_cmd.h:324:20: warning: ISO C++ forbids zero-size array \xe2\x80\x98payload\xe2\x80\x99 [-Wpedantic]\n'}
[31.855207] (sllidar_ros2) StderrLine: {'line': b'  324 |     sl_u8  payload[0];\n'}
[31.855296] (sllidar_ros2) StderrLine: {'line': b'      |                    ^\n'}
[31.904536] (-) TimerEvent: {}
[32.004762] (-) TimerEvent: {}
[32.068667] (sllidar_ros2) StderrLine: {'line': b'In file included from /home/seeno04/inno_jazzy_ws/src/sllidar_ros2/sdk/src/sl_async_transceiver.cpp:44:\n'}
[32.068985] (sllidar_ros2) StderrLine: {'line': b'/home/seeno04/inno_jazzy_ws/src/sllidar_ros2/sdk/src/sl_async_transceiver.h: In member function \xe2\x80\x98virtual void sl::internal::IAsyncProtocolCodec::onChannelError(u_result)\xe2\x80\x99:\n'}
[32.069115] (sllidar_ros2) StderrLine: {'line': b'/home/seeno04/inno_jazzy_ws/src/sllidar_ros2/sdk/src/sl_async_transceiver.h:90:48: warning: unused parameter \xe2\x80\x98errCode\xe2\x80\x99 [-Wunused-parameter]\n'}
[32.069227] (sllidar_ros2) StderrLine: {'line': b'   90 |         virtual void   onChannelError(u_result errCode) {}\n'}
[32.069326] (sllidar_ros2) StderrLine: {'line': b'      |                                       ~~~~~~~~~^~~~~~~\n'}
[32.104882] (-) TimerEvent: {}
[32.205105] (-) TimerEvent: {}
[32.305360] (-) TimerEvent: {}
[32.399436] (sllidar_ros2) StdoutLine: {'line': b'[ 55%] Building CXX object CMakeFiles/sllidar_node.dir/sdk/src/sl_crc.cpp.o\n'}
[32.405943] (-) TimerEvent: {}
[32.443567] (sllidar_ros2) StderrLine: {'line': b'In file included from /home/seeno04/inno_jazzy_ws/src/sllidar_ros2/./sdk/include/sl_lidar_cmd.h:41,\n'}
[32.443841] (sllidar_ros2) StderrLine: {'line': b'                 from /home/seeno04/inno_jazzy_ws/src/sllidar_ros2/./sdk/include/sl_crc.h:36,\n'}
[32.443956] (sllidar_ros2) StderrLine: {'line': b'                 from /home/seeno04/inno_jazzy_ws/src/sllidar_ros2/sdk/src/sl_crc.cpp:33:\n'}
[32.444047] (sllidar_ros2) StderrLine: {'line': b'/home/seeno04/inno_jazzy_ws/src/sllidar_ros2/./sdk/include/sl_lidar_protocol.h:66:16: warning: ISO C++ forbids zero-size array \xe2\x80\x98data\xe2\x80\x99 [-Wpedantic]\n'}
[32.444139] (sllidar_ros2) StderrLine: {'line': b'   66 |     sl_u8 data[0];\n'}
[32.444225] (sllidar_ros2) StderrLine: {'line': b'      |                ^\n'}
[32.446545] (sllidar_ros2) StderrLine: {'line': b'/home/seeno04/inno_jazzy_ws/src/sllidar_ros2/./sdk/include/sl_lidar_cmd.h:324:20: warning: ISO C++ forbids zero-size array \xe2\x80\x98payload\xe2\x80\x99 [-Wpedantic]\n'}
[32.446848] (sllidar_ros2) StderrLine: {'line': b'  324 |     sl_u8  payload[0];\n'}
[32.447001] (sllidar_ros2) StderrLine: {'line': b'      |                    ^\n'}
[32.499663] (sllidar_ros2) StdoutLine: {'line': b'[ 60%] Building CXX object CMakeFiles/sllidar_node.dir/sdk/src/sl_lidar_driver.cpp.o\n'}
[32.506061] (-) TimerEvent: {}
[32.606286] (-) TimerEvent: {}
[32.706552] (-) TimerEvent: {}
[32.808544] (-) TimerEvent: {}
[32.908779] (-) TimerEvent: {}
[33.009082] (-) TimerEvent: {}
[33.109337] (-) TimerEvent: {}
[33.212597] (-) TimerEvent: {}
[33.312842] (-) TimerEvent: {}
[33.413846] (-) TimerEvent: {}
[33.514151] (sllidar_ros2) StderrLine: {'line': b'In file included from /home/seeno04/inno_jazzy_ws/src/sllidar_ros2/./sdk/include/rplidar_protocol.h:36,\n'}
[33.514428] (-) TimerEvent: {}
[33.514481] (sllidar_ros2) StderrLine: {'line': b'                 from /home/seeno04/inno_jazzy_ws/src/sllidar_ros2/./sdk/include/rplidar.h:39,\n'}
[33.514727] (sllidar_ros2) StderrLine: {'line': b'                 from /home/seeno04/inno_jazzy_ws/src/sllidar_ros2/sdk/src/sdkcommon.h:49,\n'}
[33.514921] (sllidar_ros2) StderrLine: {'line': b'                 from /home/seeno04/inno_jazzy_ws/src/sllidar_ros2/sdk/src/sl_lidar_driver.cpp:33:\n'}
[33.515057] (sllidar_ros2) StderrLine: {'line': b'/home/seeno04/inno_jazzy_ws/src/sllidar_ros2/./sdk/include/sl_lidar_protocol.h:66:16: warning: ISO C++ forbids zero-size array \xe2\x80\x98data\xe2\x80\x99 [-Wpedantic]\n'}
[33.515199] (sllidar_ros2) StderrLine: {'line': b'   66 |     sl_u8 data[0];\n'}
[33.515328] (sllidar_ros2) StderrLine: {'line': b'      |                ^\n'}
[33.519536] (sllidar_ros2) StderrLine: {'line': b'In file included from /home/seeno04/inno_jazzy_ws/src/sllidar_ros2/./sdk/include/rplidar_cmd.h:36,\n'}
[33.519801] (sllidar_ros2) StderrLine: {'line': b'                 from /home/seeno04/inno_jazzy_ws/src/sllidar_ros2/./sdk/include/rplidar.h:40:\n'}
[33.519912] (sllidar_ros2) StderrLine: {'line': b'/home/seeno04/inno_jazzy_ws/src/sllidar_ros2/./sdk/include/sl_lidar_cmd.h:324:20: warning: ISO C++ forbids zero-size array \xe2\x80\x98payload\xe2\x80\x99 [-Wpedantic]\n'}
[33.519992] (sllidar_ros2) StderrLine: {'line': b'  324 |     sl_u8  payload[0];\n'}
[33.520068] (sllidar_ros2) StderrLine: {'line': b'      |                    ^\n'}
[33.614851] (-) TimerEvent: {}
[33.717544] (-) TimerEvent: {}
[33.812524] (sllidar_ros2) StderrLine: {'line': b'In file included from /home/seeno04/inno_jazzy_ws/src/sllidar_ros2/sdk/src/sl_lidar_driver.cpp:50:\n'}
[33.812921] (sllidar_ros2) StderrLine: {'line': b'/home/seeno04/inno_jazzy_ws/src/sllidar_ros2/sdk/src/dataunpacker/dataunpacker.h: In member function \xe2\x80\x98virtual void sl::internal::LIDARSampleDataListener::onCustomSampleDataDecoded(_u8, _u32, const void*, size_t)\xe2\x80\x99:\n'}
[33.813142] (sllidar_ros2) StderrLine: {'line': b'/home/seeno04/inno_jazzy_ws/src/sllidar_ros2/sdk/src/dataunpacker/dataunpacker.h:54:52: warning: unused parameter \xe2\x80\x98ansType\xe2\x80\x99 [-Wunused-parameter]\n'}
[33.813300] (sllidar_ros2) StderrLine: {'line': b'   54 |         virtual void onCustomSampleDataDecoded(_u8 ansType, _u32 customCode, const void* data, size_t size) {}\n'}
[33.813432] (sllidar_ros2) StderrLine: {'line': b'      |                                                ~~~~^~~~~~~\n'}
[33.813636] (sllidar_ros2) StderrLine: {'line': b'/home/seeno04/inno_jazzy_ws/src/sllidar_ros2/sdk/src/dataunpacker/dataunpacker.h:54:66: warning: unused parameter \xe2\x80\x98customCode\xe2\x80\x99 [-Wunused-parameter]\n'}
[33.813774] (sllidar_ros2) StderrLine: {'line': b'   54 |         virtual void onCustomSampleDataDecoded(_u8 ansType, _u32 customCode, const void* data, size_t size) {}\n'}
[33.813926] (sllidar_ros2) StderrLine: {'line': b'      |                                                             ~~~~~^~~~~~~~~~\n'}
[33.814058] (sllidar_ros2) StderrLine: {'line': b'/home/seeno04/inno_jazzy_ws/src/sllidar_ros2/sdk/src/dataunpacker/dataunpacker.h:54:90: warning: unused parameter \xe2\x80\x98data\xe2\x80\x99 [-Wunused-parameter]\n'}
[33.814173] (sllidar_ros2) StderrLine: {'line': b'   54 |         virtual void onCustomSampleDataDecoded(_u8 ansType, _u32 customCode, const void* data, size_t size) {}\n'}
[33.814313] (sllidar_ros2) StderrLine: {'line': b'      |                                                                              ~~~~~~~~~~~~^~~~\n'}
[33.814464] (sllidar_ros2) StderrLine: {'line': b'/home/seeno04/inno_jazzy_ws/src/sllidar_ros2/sdk/src/dataunpacker/dataunpacker.h:54:103: warning: unused parameter \xe2\x80\x98size\xe2\x80\x99 [-Wunused-parameter]\n'}
[33.814642] (sllidar_ros2) StderrLine: {'line': b'   54 |         virtual void onCustomSampleDataDecoded(_u8 ansType, _u32 customCode, const void* data, size_t size) {}\n'}
[33.814773] (sllidar_ros2) StderrLine: {'line': b'      |                                                                                                ~~~~~~~^~~~\n'}
[33.814900] (sllidar_ros2) StderrLine: {'line': b'/home/seeno04/inno_jazzy_ws/src/sllidar_ros2/sdk/src/dataunpacker/dataunpacker.h: In member function \xe2\x80\x98virtual void sl::internal::LIDARSampleDataListener::onDecodingError(int, _u8, const void*, size_t)\xe2\x80\x99:\n'}
[33.815020] (sllidar_ros2) StderrLine: {'line': b'/home/seeno04/inno_jazzy_ws/src/sllidar_ros2/sdk/src/dataunpacker/dataunpacker.h:56:42: warning: unused parameter \xe2\x80\x98errMsg\xe2\x80\x99 [-Wunused-parameter]\n'}
[33.815149] (sllidar_ros2) StderrLine: {'line': b'   56 |         virtual void onDecodingError(int errMsg, _u8 ansType, const void* payload, size_t size) {}\n'}
[33.815274] (sllidar_ros2) StderrLine: {'line': b'      |                                      ~~~~^~~~~~\n'}
[33.815374] (sllidar_ros2) StderrLine: {'line': b'/home/seeno04/inno_jazzy_ws/src/sllidar_ros2/sdk/src/dataunpacker/dataunpacker.h:56:54: warning: unused parameter \xe2\x80\x98ansType\xe2\x80\x99 [-Wunused-parameter]\n'}
[33.822795] (-) TimerEvent: {}
[33.822855] (sllidar_ros2) StderrLine: {'line': b'   56 |         virtual void onDecodingError(int errMsg, _u8 ansType, const void* payload, size_t size) {}\n'}
[33.823014] (sllidar_ros2) StderrLine: {'line': b'      |                                                  ~~~~^~~~~~~\n'}
[33.823116] (sllidar_ros2) StderrLine: {'line': b'/home/seeno04/inno_jazzy_ws/src/sllidar_ros2/sdk/src/dataunpacker/dataunpacker.h:56:75: warning: unused parameter \xe2\x80\x98payload\xe2\x80\x99 [-Wunused-parameter]\n'}
[33.823207] (sllidar_ros2) StderrLine: {'line': b'   56 |         virtual void onDecodingError(int errMsg, _u8 ansType, const void* payload, size_t size) {}\n'}
[33.823295] (sllidar_ros2) StderrLine: {'line': b'      |                                                               ~~~~~~~~~~~~^~~~~~~\n'}
[33.823390] (sllidar_ros2) StderrLine: {'line': b'/home/seeno04/inno_jazzy_ws/src/sllidar_ros2/sdk/src/dataunpacker/dataunpacker.h:56:91: warning: unused parameter \xe2\x80\x98size\xe2\x80\x99 [-Wunused-parameter]\n'}
[33.823564] (sllidar_ros2) StderrLine: {'line': b'   56 |         virtual void onDecodingError(int errMsg, _u8 ansType, const void* payload, size_t size) {}\n'}
[33.823687] (sllidar_ros2) StderrLine: {'line': b'      |                                                                                    ~~~~~~~^~~~\n'}
[33.832538] (sllidar_ros2) StderrLine: {'line': b'In file included from /home/seeno04/inno_jazzy_ws/src/sllidar_ros2/sdk/src/sl_lidar_driver.cpp:51:\n'}
[33.832838] (sllidar_ros2) StderrLine: {'line': b'/home/seeno04/inno_jazzy_ws/src/sllidar_ros2/sdk/src/sl_async_transceiver.h: In member function \xe2\x80\x98virtual void sl::internal::IAsyncProtocolCodec::onChannelError(u_result)\xe2\x80\x99:\n'}
[33.832953] (sllidar_ros2) StderrLine: {'line': b'/home/seeno04/inno_jazzy_ws/src/sllidar_ros2/sdk/src/sl_async_transceiver.h:90:48: warning: unused parameter \xe2\x80\x98errCode\xe2\x80\x99 [-Wunused-parameter]\n'}
[33.833043] (sllidar_ros2) StderrLine: {'line': b'   90 |         virtual void   onChannelError(u_result errCode) {}\n'}
[33.833128] (sllidar_ros2) StderrLine: {'line': b'      |                                       ~~~~~~~~~^~~~~~~\n'}
[33.894523] (sllidar_ros2) StderrLine: {'line': b'/home/seeno04/inno_jazzy_ws/src/sllidar_ros2/sdk/src/sl_lidar_driver.cpp: In member function \xe2\x80\x98virtual sl_result sl::SlamtecLidarDriver::reset(sl_u32)\xe2\x80\x99:\n'}
[33.894800] (sllidar_ros2) StderrLine: {'line': b'/home/seeno04/inno_jazzy_ws/src/sllidar_ros2/sdk/src/sl_lidar_driver.cpp:511:32: warning: unused parameter \xe2\x80\x98timeoutInMs\xe2\x80\x99 [-Wunused-parameter]\n'}
[33.894907] (sllidar_ros2) StderrLine: {'line': b'  511 |         sl_result reset(sl_u32 timeoutInMs = DEFAULT_TIMEOUT)\n'}
[33.895022] (sllidar_ros2) StderrLine: {'line': b'      |                         ~~~~~~~^~~~~~~~~~~~~~~~~~~~~~~~~~~~~\n'}
[33.902741] (sllidar_ros2) StderrLine: {'line': b'/home/seeno04/inno_jazzy_ws/src/sllidar_ros2/sdk/src/sl_lidar_driver.cpp: In member function \xe2\x80\x98virtual sl_result sl::SlamtecLidarDriver::startScan(bool, bool, sl_u32, sl::LidarScanMode*)\xe2\x80\x99:\n'}
[33.903019] (sllidar_ros2) StderrLine: {'line': b'/home/seeno04/inno_jazzy_ws/src/sllidar_ros2/sdk/src/sl_lidar_driver.cpp:586:69: warning: unused parameter \xe2\x80\x98options\xe2\x80\x99 [-Wunused-parameter]\n'}
[33.903137] (sllidar_ros2) StderrLine: {'line': b'  586 |         sl_result startScan(bool force, bool useTypicalScan, sl_u32 options = 0, LidarScanMode* outUsedScanMode = nullptr)\n'}
[33.903227] (sllidar_ros2) StderrLine: {'line': b'      |                                                              ~~~~~~~^~~~~~~~~~~\n'}
[33.904476] (sllidar_ros2) StderrLine: {'line': b'/home/seeno04/inno_jazzy_ws/src/sllidar_ros2/sdk/src/sl_lidar_driver.cpp: In member function \xe2\x80\x98virtual sl_result sl::SlamtecLidarDriver::stop(sl_u32)\xe2\x80\x99:\n'}
[33.904736] (sllidar_ros2) StderrLine: {'line': b'/home/seeno04/inno_jazzy_ws/src/sllidar_ros2/sdk/src/sl_lidar_driver.cpp:763:31: warning: unused parameter \xe2\x80\x98timeout\xe2\x80\x99 [-Wunused-parameter]\n'}
[33.904870] (sllidar_ros2) StderrLine: {'line': b'  763 |         sl_result stop(sl_u32 timeout = DEFAULT_TIMEOUT)\n'}
[33.904964] (sllidar_ros2) StderrLine: {'line': b'      |                        ~~~~~~~^~~~~~~~~~~~~~~~~~~~~~~~~\n'}
[33.909137] (sllidar_ros2) StderrLine: {'line': b'/home/seeno04/inno_jazzy_ws/src/sllidar_ros2/sdk/src/sl_lidar_driver.cpp: In member function \xe2\x80\x98virtual sl_result sl::SlamtecLidarDriver::getFrequency(const sl::LidarScanMode&, const sl_lidar_response_measurement_node_hq_t*, size_t, float&)\xe2\x80\x99:\n'}
[33.909404] (sllidar_ros2) StderrLine: {'line': b'/home/seeno04/inno_jazzy_ws/src/sllidar_ros2/sdk/src/sl_lidar_driver.cpp:880:110: warning: unused parameter \xe2\x80\x98nodes\xe2\x80\x99 [-Wunused-parameter]\n'}
[33.909554] (sllidar_ros2) StderrLine: {'line': b'  880 |         sl_result getFrequency(const LidarScanMode& scanMode, const sl_lidar_response_measurement_node_hq_t* nodes, size_t count, float& frequency)\n'}
[33.909655] (sllidar_ros2) StderrLine: {'line': b'      |                                                               ~~~~~~~~~~~~~~~~~~~~~~~~~~~~~~~~~~~~~~~~~~~~~~~^~~~~\n'}
[33.914739] (sllidar_ros2) StderrLine: {'line': b'/home/seeno04/inno_jazzy_ws/src/sllidar_ros2/sdk/src/sl_lidar_driver.cpp: In member function \xe2\x80\x98virtual sl_result sl::SlamtecLidarDriver::getMotorInfo(sl::LidarMotorInfo&, sl_u32)\xe2\x80\x99:\n'}
[33.915006] (sllidar_ros2) StderrLine: {'line': b'/home/seeno04/inno_jazzy_ws/src/sllidar_ros2/sdk/src/sl_lidar_driver.cpp:1023:66: warning: unused parameter \xe2\x80\x98timeoutInMs\xe2\x80\x99 [-Wunused-parameter]\n'}
[33.915112] (sllidar_ros2) StderrLine: {'line': b' 1023 |         sl_result getMotorInfo(LidarMotorInfo &motorInfo, sl_u32 timeoutInMs)\n'}
[33.915201] (sllidar_ros2) StderrLine: {'line': b'      |                                                           ~~~~~~~^~~~~~~~~~~\n'}
[33.920793] (sllidar_ros2) StderrLine: {'line': b'/home/seeno04/inno_jazzy_ws/src/sllidar_ros2/sdk/src/sl_lidar_driver.cpp: In member function \xe2\x80\x98u_result sl::SlamtecLidarDriver::getScanModeCount(sl_u16&, sl_u32)\xe2\x80\x99:\n'}
[33.921082] (sllidar_ros2) StderrLine: {'line': b'/home/seeno04/inno_jazzy_ws/src/sllidar_ros2/sdk/src/sl_lidar_driver.cpp:1199:61: warning: unused parameter \xe2\x80\x98timeoutInMs\xe2\x80\x99 [-Wunused-parameter]\n'}
[33.921184] (sllidar_ros2) StderrLine: {'line': b' 1199 |         u_result getScanModeCount(sl_u16& modeCount, sl_u32 timeoutInMs = DEFAULT_TIMEOUT)\n'}
[33.921276] (sllidar_ros2) StderrLine: {'line': b'      |                                                      ~~~~~~~^~~~~~~~~~~~~~~~~~~~~~~~~~~~~\n'}
[33.922936] (-) TimerEvent: {}
[34.001753] (sllidar_ros2) StderrLine: {'line': b'/home/seeno04/inno_jazzy_ws/src/sllidar_ros2/sdk/src/sl_lidar_driver.cpp: In instantiation of \xe2\x80\x98void sl::RawSampleNodeHolder<T>::pushNode(_u64, const T*) [with T = sl_lidar_response_measurement_node_hq_t; _u64 = long unsigned int]\xe2\x80\x99:\n'}
[34.002042] (sllidar_ros2) StderrLine: {'line': b'/home/seeno04/inno_jazzy_ws/src/sllidar_ros2/sdk/src/sl_lidar_driver.cpp:1648:42:   required from here\n'}
[34.002151] (sllidar_ros2) StderrLine: {'line': b'/home/seeno04/inno_jazzy_ws/src/sllidar_ros2/sdk/src/sl_lidar_driver.cpp:202:28: warning: unused parameter \xe2\x80\x98timestamp_uS\xe2\x80\x99 [-Wunused-parameter]\n'}
[34.002247] (sllidar_ros2) StderrLine: {'line': b'  202 |         void pushNode(_u64 timestamp_uS, const T* node)\n'}
[34.002332] (sllidar_ros2) StderrLine: {'line': b'      |                       ~~~~~^~~~~~~~~~~~\n'}
[34.023191] (-) TimerEvent: {}
[34.123561] (-) TimerEvent: {}
[34.226624] (-) TimerEvent: {}
[34.238610] (sllidar_ros2) StderrLine: {'line': b'/home/seeno04/inno_jazzy_ws/src/sllidar_ros2/sdk/src/sl_lidar_driver.cpp: At global scope:\n'}
[34.238862] (sllidar_ros2) StderrLine: {'line': b'/home/seeno04/inno_jazzy_ws/src/sllidar_ros2/sdk/src/sl_lidar_driver.cpp:83:17: warning: \xe2\x80\x98void sl::convert(const sl_lidar_response_measurement_node_hq_t&, sl_lidar_response_measurement_node_t&)\xe2\x80\x99 defined but not used [-Wunused-function]\n'}
[34.238967] (sllidar_ros2) StderrLine: {'line': b'   83 |     static void convert(const sl_lidar_response_measurement_node_hq_t& from, sl_lidar_response_measurement_node_t& to)\n'}
[34.239049] (sllidar_ros2) StderrLine: {'line': b'      |                 ^~~~~~~\n'}
[34.239334] (sllidar_ros2) StderrLine: {'line': b'/home/seeno04/inno_jazzy_ws/src/sllidar_ros2/sdk/src/sl_lidar_driver.cpp:75:17: warning: \xe2\x80\x98void sl::convert(const sl_lidar_response_measurement_node_t&, sl_lidar_response_measurement_node_hq_t&)\xe2\x80\x99 defined but not used [-Wunused-function]\n'}
[34.239482] (sllidar_ros2) StderrLine: {'line': b'   75 |     static void convert(const sl_lidar_response_measurement_node_t& from, sl_lidar_response_measurement_node_hq_t& to)\n'}
[34.239571] (sllidar_ros2) StderrLine: {'line': b'      |                 ^~~~~~~\n'}
[34.239822] (sllidar_ros2) StderrLine: {'line': b'/home/seeno04/inno_jazzy_ws/src/sllidar_ros2/sdk/src/sl_lidar_driver.cpp:70:17: warning: \xe2\x80\x98void sl::printDeprecationWarn(const char*, const char*)\xe2\x80\x99 defined but not used [-Wunused-function]\n'}
[34.239934] (sllidar_ros2) StderrLine: {'line': b'   70 |     static void printDeprecationWarn(const char* fn, const char* replacement)\n'}
[34.240012] (sllidar_ros2) StderrLine: {'line': b'      |                 ^~~~~~~~~~~~~~~~~~~~\n'}
[34.326709] (-) TimerEvent: {}
[34.426951] (-) TimerEvent: {}
[34.527177] (-) TimerEvent: {}
[34.627410] (-) TimerEvent: {}
[34.730271] (-) TimerEvent: {}
[34.832541] (-) TimerEvent: {}
[34.932804] (-) TimerEvent: {}
[35.033045] (-) TimerEvent: {}
[35.113536] (sllidar_ros2) StdoutLine: {'line': b'[ 65%] Building CXX object CMakeFiles/sllidar_node.dir/sdk/src/sl_lidarprotocol_codec.cpp.o\n'}
[35.133170] (-) TimerEvent: {}
[35.233382] (-) TimerEvent: {}
[35.333623] (-) TimerEvent: {}
[35.434532] (-) TimerEvent: {}
[35.534875] (-) TimerEvent: {}
[35.635272] (-) TimerEvent: {}
[35.735546] (-) TimerEvent: {}
[35.835791] (-) TimerEvent: {}
[35.936144] (-) TimerEvent: {}
[36.037555] (-) TimerEvent: {}
[36.071715] (sllidar_ros2) StderrLine: {'line': b'In file included from /home/seeno04/inno_jazzy_ws/src/sllidar_ros2/./sdk/include/rplidar_protocol.h:36,\n'}
[36.071976] (sllidar_ros2) StderrLine: {'line': b'                 from /home/seeno04/inno_jazzy_ws/src/sllidar_ros2/./sdk/include/rplidar.h:39,\n'}
[36.072090] (sllidar_ros2) StderrLine: {'line': b'                 from /home/seeno04/inno_jazzy_ws/src/sllidar_ros2/sdk/src/sdkcommon.h:49,\n'}
[36.072185] (sllidar_ros2) StderrLine: {'line': b'                 from /home/seeno04/inno_jazzy_ws/src/sllidar_ros2/sdk/src/sl_lidarprotocol_codec.cpp:35:\n'}
[36.072287] (sllidar_ros2) StderrLine: {'line': b'/home/seeno04/inno_jazzy_ws/src/sllidar_ros2/./sdk/include/sl_lidar_protocol.h:66:16: warning: ISO C++ forbids zero-size array \xe2\x80\x98data\xe2\x80\x99 [-Wpedantic]\n'}
[36.072391] (sllidar_ros2) StderrLine: {'line': b'   66 |     sl_u8 data[0];\n'}
[36.073482] (sllidar_ros2) StderrLine: {'line': b'      |                ^\n'}
[36.073629] (sllidar_ros2) StderrLine: {'line': b'In file included from /home/seeno04/inno_jazzy_ws/src/sllidar_ros2/./sdk/include/rplidar_cmd.h:36,\n'}
[36.073721] (sllidar_ros2) StderrLine: {'line': b'                 from /home/seeno04/inno_jazzy_ws/src/sllidar_ros2/./sdk/include/rplidar.h:40:\n'}
[36.073811] (sllidar_ros2) StderrLine: {'line': b'/home/seeno04/inno_jazzy_ws/src/sllidar_ros2/./sdk/include/sl_lidar_cmd.h:324:20: warning: ISO C++ forbids zero-size array \xe2\x80\x98payload\xe2\x80\x99 [-Wpedantic]\n'}
[36.073903] (sllidar_ros2) StderrLine: {'line': b'  324 |     sl_u8  payload[0];\n'}
[36.073988] (sllidar_ros2) StderrLine: {'line': b'      |                    ^\n'}
[36.137683] (-) TimerEvent: {}
[36.239640] (-) TimerEvent: {}
[36.311224] (sllidar_ros2) StderrLine: {'line': b'In file included from /home/seeno04/inno_jazzy_ws/src/sllidar_ros2/sdk/src/sl_lidarprotocol_codec.cpp:49:\n'}
[36.311516] (sllidar_ros2) StderrLine: {'line': b'/home/seeno04/inno_jazzy_ws/src/sllidar_ros2/sdk/src/sl_async_transceiver.h: In member function \xe2\x80\x98virtual void sl::internal::IAsyncProtocolCodec::onChannelError(u_result)\xe2\x80\x99:\n'}
[36.311646] (sllidar_ros2) StderrLine: {'line': b'/home/seeno04/inno_jazzy_ws/src/sllidar_ros2/sdk/src/sl_async_transceiver.h:90:48: warning: unused parameter \xe2\x80\x98errCode\xe2\x80\x99 [-Wunused-parameter]\n'}
[36.311747] (sllidar_ros2) StderrLine: {'line': b'   90 |         virtual void   onChannelError(u_result errCode) {}\n'}
[36.311840] (sllidar_ros2) StderrLine: {'line': b'      |                                       ~~~~~~~~~^~~~~~~\n'}
[36.339744] (-) TimerEvent: {}
[36.439982] (-) TimerEvent: {}
[36.541601] (-) TimerEvent: {}
[36.564995] (sllidar_ros2) StdoutLine: {'line': b'[ 70%] Building CXX object CMakeFiles/sllidar_node.dir/sdk/src/sl_serial_channel.cpp.o\n'}
[36.641731] (-) TimerEvent: {}
[36.742099] (-) TimerEvent: {}
[36.842753] (-) TimerEvent: {}
[36.944545] (-) TimerEvent: {}
[37.044770] (-) TimerEvent: {}
[37.107754] (sllidar_ros2) StderrLine: {'line': b'In file included from /home/seeno04/inno_jazzy_ws/src/sllidar_ros2/./sdk/include/sl_lidar_cmd.h:41,\n'}
[37.108036] (sllidar_ros2) StderrLine: {'line': b'                 from /home/seeno04/inno_jazzy_ws/src/sllidar_ros2/./sdk/include/sl_lidar_driver.h:54,\n'}
[37.108154] (sllidar_ros2) StderrLine: {'line': b'                 from /home/seeno04/inno_jazzy_ws/src/sllidar_ros2/sdk/src/sl_serial_channel.cpp:33:\n'}
[37.108256] (sllidar_ros2) StderrLine: {'line': b'/home/seeno04/inno_jazzy_ws/src/sllidar_ros2/./sdk/include/sl_lidar_protocol.h:66:16: warning: ISO C++ forbids zero-size array \xe2\x80\x98data\xe2\x80\x99 [-Wpedantic]\n'}
[37.108354] (sllidar_ros2) StderrLine: {'line': b'   66 |     sl_u8 data[0];\n'}
[37.108470] (sllidar_ros2) StderrLine: {'line': b'      |                ^\n'}
[37.111538] (sllidar_ros2) StderrLine: {'line': b'/home/seeno04/inno_jazzy_ws/src/sllidar_ros2/./sdk/include/sl_lidar_cmd.h:324:20: warning: ISO C++ forbids zero-size array \xe2\x80\x98payload\xe2\x80\x99 [-Wpedantic]\n'}
[37.111851] (sllidar_ros2) StderrLine: {'line': b'  324 |     sl_u8  payload[0];\n'}
[37.111977] (sllidar_ros2) StderrLine: {'line': b'      |                    ^\n'}
[37.145042] (-) TimerEvent: {}
[37.245734] (-) TimerEvent: {}
[37.258646] (sllidar_ros2) StdoutLine: {'line': b'[ 75%] Building CXX object CMakeFiles/sllidar_node.dir/sdk/src/sl_tcp_channel.cpp.o\n'}
[37.347061] (-) TimerEvent: {}
[37.448537] (-) TimerEvent: {}
[37.548781] (-) TimerEvent: {}
[37.651427] (-) TimerEvent: {}
[37.751648] (-) TimerEvent: {}
[37.776273] (sllidar_ros2) StderrLine: {'line': b'In file included from /home/seeno04/inno_jazzy_ws/src/sllidar_ros2/./sdk/include/sl_lidar_cmd.h:41,\n'}
[37.776594] (sllidar_ros2) StderrLine: {'line': b'                 from /home/seeno04/inno_jazzy_ws/src/sllidar_ros2/./sdk/include/sl_lidar_driver.h:54,\n'}
[37.776718] (sllidar_ros2) StderrLine: {'line': b'                 from /home/seeno04/inno_jazzy_ws/src/sllidar_ros2/sdk/src/sl_tcp_channel.cpp:33:\n'}
[37.776828] (sllidar_ros2) StderrLine: {'line': b'/home/seeno04/inno_jazzy_ws/src/sllidar_ros2/./sdk/include/sl_lidar_protocol.h:66:16: warning: ISO C++ forbids zero-size array \xe2\x80\x98data\xe2\x80\x99 [-Wpedantic]\n'}
[37.776917] (sllidar_ros2) StderrLine: {'line': b'   66 |     sl_u8 data[0];\n'}
[37.777002] (sllidar_ros2) StderrLine: {'line': b'      |                ^\n'}
[37.778544] (sllidar_ros2) StderrLine: {'line': b'/home/seeno04/inno_jazzy_ws/src/sllidar_ros2/./sdk/include/sl_lidar_cmd.h:324:20: warning: ISO C++ forbids zero-size array \xe2\x80\x98payload\xe2\x80\x99 [-Wpedantic]\n'}
[37.778666] (sllidar_ros2) StderrLine: {'line': b'  324 |     sl_u8  payload[0];\n'}
[37.778743] (sllidar_ros2) StderrLine: {'line': b'      |                    ^\n'}
[37.788861] (sllidar_ros2) StderrLine: {'line': b'/home/seeno04/inno_jazzy_ws/src/sllidar_ros2/sdk/src/sl_tcp_channel.cpp: In member function \xe2\x80\x98void sl::TcpChannel::setStatus(_u32)\xe2\x80\x99:\n'}
[37.789163] (sllidar_ros2) StderrLine: {'line': b'/home/seeno04/inno_jazzy_ws/src/sllidar_ros2/sdk/src/sl_tcp_channel.cpp:109:29: warning: unused parameter \xe2\x80\x98flag\xe2\x80\x99 [-Wunused-parameter]\n'}
[37.789260] (sllidar_ros2) StderrLine: {'line': b'  109 |         void setStatus(_u32 flag){}\n'}
[37.789343] (sllidar_ros2) StderrLine: {'line': b'      |                        ~~~~~^~~~\n'}
[37.851883] (-) TimerEvent: {}
[37.903499] (sllidar_ros2) StdoutLine: {'line': b'[ 80%] Building CXX object CMakeFiles/sllidar_node.dir/sdk/src/sl_udp_channel.cpp.o\n'}
[37.952150] (-) TimerEvent: {}
[38.053550] (-) TimerEvent: {}
[38.154001] (-) TimerEvent: {}
[38.254480] (-) TimerEvent: {}
[38.354779] (-) TimerEvent: {}
[38.455161] (-) TimerEvent: {}
[38.953980] (sllidar_ros2) StderrLine: {'line': b'In file included from /home/seeno04/inno_jazzy_ws/src/sllidar_ros2/./sdk/include/sl_lidar_cmd.h:41,\n'}
[38.954242] (-) TimerEvent: {}
[38.954265] (sllidar_ros2) StderrLine: {'line': b'                 from /home/seeno04/inno_jazzy_ws/src/sllidar_ros2/./sdk/include/sl_lidar_driver.h:54,\n'}
[38.954369] (sllidar_ros2) StderrLine: {'line': b'                 from /home/seeno04/inno_jazzy_ws/src/sllidar_ros2/sdk/src/sl_udp_channel.cpp:33:\n'}
[38.954510] (sllidar_ros2) StderrLine: {'line': b'/home/seeno04/inno_jazzy_ws/src/sllidar_ros2/./sdk/include/sl_lidar_protocol.h:66:16: warning: ISO C++ forbids zero-size array \xe2\x80\x98data\xe2\x80\x99 [-Wpedantic]\n'}
[38.954614] (sllidar_ros2) StderrLine: {'line': b'   66 |     sl_u8 data[0];\n'}
[38.954699] (sllidar_ros2) StderrLine: {'line': b'      |                ^\n'}
[38.954786] (sllidar_ros2) StderrLine: {'line': b'/home/seeno04/inno_jazzy_ws/src/sllidar_ros2/./sdk/include/sl_lidar_cmd.h:324:20: warning: ISO C++ forbids zero-size array \xe2\x80\x98payload\xe2\x80\x99 [-Wpedantic]\n'}
[38.954864] (sllidar_ros2) StderrLine: {'line': b'  324 |     sl_u8  payload[0];\n'}
[38.954940] (sllidar_ros2) StderrLine: {'line': b'      |                    ^\n'}
[38.955018] (sllidar_ros2) StderrLine: {'line': b'/home/seeno04/inno_jazzy_ws/src/sllidar_ros2/sdk/src/sl_udp_channel.cpp: In member function \xe2\x80\x98void sl::UdpChannel::setStatus(_u32)\xe2\x80\x99:\n'}
[38.955099] (sllidar_ros2) StderrLine: {'line': b'/home/seeno04/inno_jazzy_ws/src/sllidar_ros2/sdk/src/sl_udp_channel.cpp:112:29: warning: unused parameter \xe2\x80\x98flag\xe2\x80\x99 [-Wunused-parameter]\n'}
[38.955174] (sllidar_ros2) StderrLine: {'line': b'  112 |         void setStatus(_u32 flag){}\n'}
[38.955252] (sllidar_ros2) StderrLine: {'line': b'      |                        ~~~~~^~~~\n'}
[39.028457] (sllidar_ros2) StdoutLine: {'line': b'[ 85%] Building CXX object CMakeFiles/sllidar_node.dir/sdk/src/arch/linux/net_serial.cpp.o\n'}
[39.054477] (-) TimerEvent: {}
[39.154729] (-) TimerEvent: {}
[39.259549] (-) TimerEvent: {}
[39.359816] (-) TimerEvent: {}
[39.460050] (-) TimerEvent: {}
[39.560303] (-) TimerEvent: {}
[39.660581] (-) TimerEvent: {}
[39.760988] (-) TimerEvent: {}
[39.861589] (-) TimerEvent: {}
[39.962036] (-) TimerEvent: {}
[40.007938] (sllidar_ros2) StderrLine: {'line': b'/home/seeno04/inno_jazzy_ws/src/sllidar_ros2/sdk/src/arch/linux/net_serial.cpp: In member function \xe2\x80\x98bool rp::arch::net::raw_serial::open(const char*, uint32_t, uint32_t)\xe2\x80\x99:\n'}
[40.008212] (sllidar_ros2) StderrLine: {'line': b'/home/seeno04/inno_jazzy_ws/src/sllidar_ros2/sdk/src/arch/linux/net_serial.cpp:97:74: warning: unused parameter \xe2\x80\x98flags\xe2\x80\x99 [-Wunused-parameter]\n'}
[40.008321] (sllidar_ros2) StderrLine: {'line': b'   97 | bool raw_serial::open(const char * portname, uint32_t baudrate, uint32_t flags)\n'}
[40.008416] (sllidar_ros2) StderrLine: {'line': b'      |                                                                 ~~~~~~~~~^~~~~\n'}
[40.009497] (sllidar_ros2) StderrLine: {'line': b'/home/seeno04/inno_jazzy_ws/src/sllidar_ros2/sdk/src/arch/linux/net_serial.cpp: In member function \xe2\x80\x98virtual void rp::arch::net::raw_serial::flush(_u32)\xe2\x80\x99:\n'}
[40.009760] (sllidar_ros2) StderrLine: {'line': b'/home/seeno04/inno_jazzy_ws/src/sllidar_ros2/sdk/src/arch/linux/net_serial.cpp:281:30: warning: unused parameter \xe2\x80\x98flags\xe2\x80\x99 [-Wunused-parameter]\n'}
[40.009863] (sllidar_ros2) StderrLine: {'line': b'  281 | void raw_serial::flush( _u32 flags)\n'}
[40.009947] (sllidar_ros2) StderrLine: {'line': b'      |                         ~~~~~^~~~~\n'}
[40.010025] (sllidar_ros2) StderrLine: {'line': b'/home/seeno04/inno_jazzy_ws/src/sllidar_ros2/sdk/src/arch/linux/net_serial.cpp: In member function \xe2\x80\x98virtual int rp::arch::net::raw_serial::waitforsent(_u32, size_t*)\xe2\x80\x99:\n'}
[40.010104] (sllidar_ros2) StderrLine: {'line': b'/home/seeno04/inno_jazzy_ws/src/sllidar_ros2/sdk/src/arch/linux/net_serial.cpp:286:34: warning: unused parameter \xe2\x80\x98timeout\xe2\x80\x99 [-Wunused-parameter]\n'}
[40.010183] (sllidar_ros2) StderrLine: {'line': b'  286 | int raw_serial::waitforsent(_u32 timeout, size_t * returned_size)\n'}
[40.010264] (sllidar_ros2) StderrLine: {'line': b'      |                             ~~~~~^~~~~~~\n'}
[40.013537] (sllidar_ros2) StderrLine: {'line': b'/home/seeno04/inno_jazzy_ws/src/sllidar_ros2/sdk/src/arch/linux/net_serial.cpp: In member function \xe2\x80\x98virtual int rp::arch::net::raw_serial::waitforrecv(_u32, size_t*)\xe2\x80\x99:\n'}
[40.013851] (sllidar_ros2) StderrLine: {'line': b'/home/seeno04/inno_jazzy_ws/src/sllidar_ros2/sdk/src/arch/linux/net_serial.cpp:292:34: warning: unused parameter \xe2\x80\x98timeout\xe2\x80\x99 [-Wunused-parameter]\n'}
[40.013951] (sllidar_ros2) StderrLine: {'line': b'  292 | int raw_serial::waitforrecv(_u32 timeout, size_t * returned_size)\n'}
[40.014037] (sllidar_ros2) StderrLine: {'line': b'      |                             ~~~~~^~~~~~~\n'}
[40.014116] (sllidar_ros2) StderrLine: {'line': b'/home/seeno04/inno_jazzy_ws/src/sllidar_ros2/sdk/src/arch/linux/net_serial.cpp: In member function \xe2\x80\x98virtual void rp::arch::net::raw_serial::cancelOperation()\xe2\x80\x99:\n'}
[40.014196] (sllidar_ros2) StderrLine: {'line': b'/home/seeno04/inno_jazzy_ws/src/sllidar_ros2/sdk/src/arch/linux/net_serial.cpp:427:5: warning: value computed is not used [-Wunused-value]\n'}
[40.014278] (sllidar_ros2) StderrLine: {'line': b'  427 |     (int)::write(_selfpipe[1], "x", 1);\n'}
[40.014355] (sllidar_ros2) StderrLine: {'line': b'      |     ^~~~~~~~~~~~~~~~~~~~~~~~~~~~~~~~~~\n'}
[40.062276] (-) TimerEvent: {}
[40.162652] (-) TimerEvent: {}
[40.262933] (-) TimerEvent: {}
[40.288077] (sllidar_ros2) StdoutLine: {'line': b'[ 90%] Linking CXX executable sllidar_node\n'}
[40.363061] (-) TimerEvent: {}
[40.465527] (-) TimerEvent: {}
[40.544739] (rf2o_laser_odometry) StdoutLine: {'line': b'[ 40%] Building CXX object CMakeFiles/rf2o_laser_odometry_node.dir/src/CLaserOdometry2D.cpp.o\n'}
[40.565768] (-) TimerEvent: {}
[40.667529] (-) TimerEvent: {}
[40.768143] (-) TimerEvent: {}
[40.871562] (-) TimerEvent: {}
[40.971937] (-) TimerEvent: {}
[41.072402] (-) TimerEvent: {}
[41.172810] (-) TimerEvent: {}
[41.273152] (-) TimerEvent: {}
[41.374614] (-) TimerEvent: {}
[41.474936] (-) TimerEvent: {}
[41.575233] (-) TimerEvent: {}
[41.629830] (sllidar_ros2) StdoutLine: {'line': b'[ 90%] Built target sllidar_node\n'}
[41.675391] (-) TimerEvent: {}
[41.701985] (sllidar_ros2) StdoutLine: {'line': b'[ 95%] Building CXX object CMakeFiles/sllidar_client.dir/src/sllidar_client.cpp.o\n'}
[41.777688] (-) TimerEvent: {}
[41.880473] (-) TimerEvent: {}
[41.981092] (-) TimerEvent: {}
[42.081832] (-) TimerEvent: {}
[42.183523] (-) TimerEvent: {}
[42.283775] (-) TimerEvent: {}
[42.384142] (-) TimerEvent: {}
[42.484859] (-) TimerEvent: {}
[42.588549] (-) TimerEvent: {}
[42.688828] (-) TimerEvent: {}
[42.789114] (-) TimerEvent: {}
[42.890541] (-) TimerEvent: {}
[42.990815] (-) TimerEvent: {}
[43.094804] (-) TimerEvent: {}
[43.195094] (-) TimerEvent: {}
[43.295379] (-) TimerEvent: {}
[43.395655] (-) TimerEvent: {}
[43.495903] (-) TimerEvent: {}
[43.596278] (-) TimerEvent: {}
[43.699555] (-) TimerEvent: {}
[43.799825] (-) TimerEvent: {}
[43.900546] (-) TimerEvent: {}
[44.001106] (-) TimerEvent: {}
[44.102534] (-) TimerEvent: {}
[44.202772] (-) TimerEvent: {}
[44.305578] (-) TimerEvent: {}
[44.405994] (-) TimerEvent: {}
[44.506753] (-) TimerEvent: {}
[44.607754] (-) TimerEvent: {}
[44.710535] (-) TimerEvent: {}
[44.811137] (-) TimerEvent: {}
[44.911544] (-) TimerEvent: {}
[45.011808] (-) TimerEvent: {}
[45.112057] (-) TimerEvent: {}
[45.212316] (-) TimerEvent: {}
[45.313525] (-) TimerEvent: {}
[45.415665] (-) TimerEvent: {}
[45.515914] (-) TimerEvent: {}
[45.618538] (-) TimerEvent: {}
[45.718772] (-) TimerEvent: {}
[45.819013] (-) TimerEvent: {}
[45.921681] (-) TimerEvent: {}
[46.022041] (-) TimerEvent: {}
[46.122438] (-) TimerEvent: {}
[46.222677] (-) TimerEvent: {}
[46.322918] (-) TimerEvent: {}
[46.423162] (-) TimerEvent: {}
[46.523391] (-) TimerEvent: {}
[46.626533] (-) TimerEvent: {}
[46.726780] (-) TimerEvent: {}
[46.827022] (-) TimerEvent: {}
[46.928533] (-) TimerEvent: {}
[47.028819] (-) TimerEvent: {}
[47.129090] (-) TimerEvent: {}
[47.230654] (-) TimerEvent: {}
[47.330968] (-) TimerEvent: {}
[47.432539] (-) TimerEvent: {}
[47.532777] (-) TimerEvent: {}
[47.633233] (-) TimerEvent: {}
[47.733945] (-) TimerEvent: {}
[47.836702] (-) TimerEvent: {}
[47.936932] (-) TimerEvent: {}
[48.037191] (-) TimerEvent: {}
[48.137436] (-) TimerEvent: {}
[48.237847] (-) TimerEvent: {}
[48.338270] (-) TimerEvent: {}
[48.438514] (-) TimerEvent: {}
[48.538735] (-) TimerEvent: {}
[48.639123] (-) TimerEvent: {}
[48.739373] (-) TimerEvent: {}
[48.842544] (-) TimerEvent: {}
[48.942800] (-) TimerEvent: {}
[49.044585] (-) TimerEvent: {}
[49.144894] (-) TimerEvent: {}
[49.246537] (-) TimerEvent: {}
[49.346776] (-) TimerEvent: {}
[49.448529] (-) TimerEvent: {}
[49.548873] (-) TimerEvent: {}
[49.649463] (-) TimerEvent: {}
[49.749694] (-) TimerEvent: {}
[49.849924] (-) TimerEvent: {}
[49.950204] (-) TimerEvent: {}
[50.051565] (-) TimerEvent: {}
[50.154531] (-) TimerEvent: {}
[50.254904] (-) TimerEvent: {}
[50.357536] (-) TimerEvent: {}
[50.458681] (-) TimerEvent: {}
[50.558927] (-) TimerEvent: {}
[50.659167] (-) TimerEvent: {}
[50.761555] (-) TimerEvent: {}
[50.861805] (-) TimerEvent: {}
[50.962050] (-) TimerEvent: {}
[51.062288] (-) TimerEvent: {}
[51.162859] (-) TimerEvent: {}
[51.266551] (-) TimerEvent: {}
[51.366796] (-) TimerEvent: {}
[51.467028] (-) TimerEvent: {}
[51.567390] (-) TimerEvent: {}
[51.667784] (-) TimerEvent: {}
[51.768046] (-) TimerEvent: {}
[51.868287] (-) TimerEvent: {}
[51.969592] (-) TimerEvent: {}
[52.069907] (-) TimerEvent: {}
[52.170150] (-) TimerEvent: {}
[52.270384] (-) TimerEvent: {}
[52.371581] (-) TimerEvent: {}
[52.473259] (-) TimerEvent: {}
[52.586528] (-) TimerEvent: {}
[52.686780] (-) TimerEvent: {}
[52.787075] (-) TimerEvent: {}
[52.887346] (-) TimerEvent: {}
[52.990598] (-) TimerEvent: {}
[53.092547] (-) TimerEvent: {}
[53.192790] (-) TimerEvent: {}
[53.293345] (-) TimerEvent: {}
[53.394679] (-) TimerEvent: {}
[53.494892] (-) TimerEvent: {}
[53.595131] (-) TimerEvent: {}
[53.695369] (-) TimerEvent: {}
[53.804653] (-) TimerEvent: {}
[53.905075] (-) TimerEvent: {}
[54.005566] (-) TimerEvent: {}
[54.105854] (-) TimerEvent: {}
[54.206207] (-) TimerEvent: {}
[54.307540] (-) TimerEvent: {}
[54.407784] (-) TimerEvent: {}
[54.510552] (-) TimerEvent: {}
[54.611800] (-) TimerEvent: {}
[54.713365] (-) TimerEvent: {}
[54.816557] (-) TimerEvent: {}
[54.916802] (-) TimerEvent: {}
[55.017043] (-) TimerEvent: {}
[55.118627] (-) TimerEvent: {}
[55.218962] (-) TimerEvent: {}
[55.320537] (-) TimerEvent: {}
[55.420872] (-) TimerEvent: {}
[55.521182] (-) TimerEvent: {}
[55.621530] (-) TimerEvent: {}
[55.721769] (-) TimerEvent: {}
[55.822003] (-) TimerEvent: {}
[55.922231] (-) TimerEvent: {}
[56.024542] (-) TimerEvent: {}
[56.124912] (-) TimerEvent: {}
[56.225537] (-) TimerEvent: {}
[56.327537] (-) TimerEvent: {}
[56.428971] (-) TimerEvent: {}
[56.529235] (-) TimerEvent: {}
[56.629505] (-) TimerEvent: {}
[56.731019] (-) TimerEvent: {}
[56.831255] (-) TimerEvent: {}
[56.931536] (-) TimerEvent: {}
[57.034877] (-) TimerEvent: {}
[57.135644] (-) TimerEvent: {}
[57.238695] (-) TimerEvent: {}
[57.339599] (-) TimerEvent: {}
[57.439868] (-) TimerEvent: {}
[57.540123] (-) TimerEvent: {}
[57.641540] (-) TimerEvent: {}
[57.742531] (-) TimerEvent: {}
[57.845756] (-) TimerEvent: {}
[57.946012] (-) TimerEvent: {}
[58.048564] (-) TimerEvent: {}
[58.148945] (-) TimerEvent: {}
[58.249307] (-) TimerEvent: {}
[58.349523] (-) TimerEvent: {}
[58.449818] (-) TimerEvent: {}
[58.552555] (-) TimerEvent: {}
[58.654535] (-) TimerEvent: {}
[58.755537] (-) TimerEvent: {}
[58.857551] (-) TimerEvent: {}
[58.957823] (-) TimerEvent: {}
[59.058071] (-) TimerEvent: {}
[59.158309] (-) TimerEvent: {}
[59.261664] (-) TimerEvent: {}
[59.361913] (-) TimerEvent: {}
[59.462334] (-) TimerEvent: {}
[59.563526] (-) TimerEvent: {}
[59.663962] (-) TimerEvent: {}
[59.764554] (-) TimerEvent: {}
[59.864786] (-) TimerEvent: {}
[59.965948] (-) TimerEvent: {}
[60.066648] (-) TimerEvent: {}
[60.076767] (sllidar_ros2) StdoutLine: {'line': b'[100%] Linking CXX executable sllidar_client\n'}
[60.169550] (-) TimerEvent: {}
[60.269957] (-) TimerEvent: {}
[60.371167] (-) TimerEvent: {}
[60.471630] (-) TimerEvent: {}
[60.573703] (-) TimerEvent: {}
[60.674105] (-) TimerEvent: {}
[60.775347] (-) TimerEvent: {}
[60.875829] (-) TimerEvent: {}
[60.976163] (-) TimerEvent: {}
[61.076601] (-) TimerEvent: {}
[61.138374] (sllidar_ros2) StdoutLine: {'line': b'[100%] Built target sllidar_client\n'}
[61.168398] (sllidar_ros2) CommandEnded: {'returncode': 0}
[61.172330] (sllidar_ros2) JobProgress: {'identifier': 'sllidar_ros2', 'progress': 'install'}
[61.176705] (-) TimerEvent: {}
[61.201433] (sllidar_ros2) Command: {'cmd': ['/usr/bin/cmake', '--install', '/home/seeno04/inno_jazzy_ws/build/sllidar_ros2'], 'cwd': '/home/seeno04/inno_jazzy_ws/build/sllidar_ros2', 'env': OrderedDict({'LESSOPEN': '| /usr/bin/lesspipe %s', 'CODEX_CI': '1', 'USER': 'seeno04', 'LC_TIME': 'ko_KR.UTF-8', 'XDG_SESSION_TYPE': 'wayland', 'CLUTTER_DISABLE_MIPMAPPED_TEXT': '1', 'SHLVL': '1', 'LD_LIBRARY_PATH': '/opt/ros/jazzy/opt/rviz_ogre_vendor/lib:/opt/ros/jazzy/opt/gz_math_vendor/lib:/opt/ros/jazzy/opt/gz_utils_vendor/lib:/opt/ros/jazzy/opt/gz_cmake_vendor/lib:/opt/ros/jazzy/lib/aarch64-linux-gnu:/opt/ros/jazzy/lib', 'HOME': '/home/seeno04', 'OLDPWD': '/home/seeno04/inno_jazzy_ws', 'DESKTOP_SESSION': 'ubuntu', 'ROS_PYTHON_VERSION': '3', 'GNOME_SHELL_SESSION_MODE': 'ubuntu', 'GTK_MODULES': 'gail:atk-bridge', 'PAGER': 'cat', 'LC_MONETARY': 'ko_KR.UTF-8', 'LC_CTYPE': 'C.UTF-8', 'SYSTEMD_EXEC_PID': '2916', 'IM_CONFIG_CHECK_ENV': '1', 'GSM_SKIP_SSH_AGENT_WORKAROUND': 'true', 'NO_COLOR': '1', 'DBUS_SESSION_BUS_ADDRESS': 'unix:path=/run/user/1000/bus', 'COLORTERM': 'truecolor', 'DEBUGINFOD_URLS': 'https://debuginfod.ubuntu.com', 'IM_CONFIG_PHASE': '1', 'WAYLAND_DISPLAY': 'wayland-0', 'COLCON_PREFIX_PATH': '/home/seeno04/inno_ws/install', 'ROS_DISTRO': 'jazzy', 'LOGNAME': 'seeno04', '_': '/usr/bin/colcon', 'ROS_VERSION': '2', 'MEMORY_PRESSURE_WATCH': '/sys/fs/cgroup/user.slice/user-1000.slice/user@1000.service/session.slice/org.gnome.Shell@wayland.service/memory.pressure', 'XDG_SESSION_CLASS': 'user', 'USERNAME': 'seeno04', 'TERM': 'xterm-256color', 'GNOME_DESKTOP_SESSION_ID': 'this-is-deprecated', 'ROS_LOCALHOST_ONLY': '0', 'PATH': '/home/seeno04/.codex/packages/standalone/releases/0.144.5-aarch64-unknown-linux-musl/codex-path:/home/seeno04/.local/bin:/home/seeno04/.codex/tmp/arg0/codex-arg0jXFD0L:/home/seeno04/.codex/packages/standalone/releases/0.144.5-aarch64-unknown-linux-musl/codex-path:/home/seeno04/.local/bin:/home/seeno04/.local/bin:/opt/ros/jazzy/bin:/usr/local/sbin:/usr/local/bin:/usr/sbin:/usr/bin:/sbin:/bin:/usr/games:/usr/local/games:/snap/bin:/snap/bin', 'SESSION_MANAGER': 'local/seeno04-desktop:@/tmp/.ICE-unix/2871,unix/seeno04-desktop:/tmp/.ICE-unix/2871', 'PAPERSIZE': 'a4', 'XDG_MENU_PREFIX': 'gnome-', 'LC_ADDRESS': 'ko_KR.UTF-8', 'GNOME_TERMINAL_SCREEN': '/org/gnome/Terminal/screen/5c7332fd_98ba_4fbc_b336_d01ae670d30a', 'GNOME_SETUP_DISPLAY': ':1', 'XDG_RUNTIME_DIR': '/run/user/1000', 'DISPLAY': ':0', 'CODEX_SANDBOX_NETWORK_DISABLED': '1', 'LANG': 'ko_KR.UTF-8', 'XDG_CURRENT_DESKTOP': 'ubuntu:GNOME', 'LC_TELEPHONE': 'ko_KR.UTF-8', 'XMODIFIERS': '@im=ibus', 'GH_PAGER': 'cat', 'XDG_SESSION_DESKTOP': 'ubuntu', 'XAUTHORITY': '/run/user/1000/.mutter-Xwaylandauth.6YVGS3', 'LS_COLORS': 'rs=0:di=01;34:ln=01;36:mh=00:pi=40;33:so=01;35:do=01;35:bd=40;33;01:cd=40;33;01:or=40;31;01:mi=00:su=37;41:sg=30;43:ca=00:tw=30;42:ow=34;42:st=37;44:ex=01;32:*.tar=01;31:*.tgz=01;31:*.arc=01;31:*.arj=01;31:*.taz=01;31:*.lha=01;31:*.lz4=01;31:*.lzh=01;31:*.lzma=01;31:*.tlz=01;31:*.txz=01;31:*.tzo=01;31:*.t7z=01;31:*.zip=01;31:*.z=01;31:*.dz=01;31:*.gz=01;31:*.lrz=01;31:*.lz=01;31:*.lzo=01;31:*.xz=01;31:*.zst=01;31:*.tzst=01;31:*.bz2=01;31:*.bz=01;31:*.tbz=01;31:*.tbz2=01;31:*.tz=01;31:*.deb=01;31:*.rpm=01;31:*.jar=01;31:*.war=01;31:*.ear=01;31:*.sar=01;31:*.rar=01;31:*.alz=01;31:*.ace=01;31:*.zoo=01;31:*.cpio=01;31:*.7z=01;31:*.rz=01;31:*.cab=01;31:*.wim=01;31:*.swm=01;31:*.dwm=01;31:*.esd=01;31:*.avif=01;35:*.jpg=01;35:*.jpeg=01;35:*.mjpg=01;35:*.mjpeg=01;35:*.gif=01;35:*.bmp=01;35:*.pbm=01;35:*.pgm=01;35:*.ppm=01;35:*.tga=01;35:*.xbm=01;35:*.xpm=01;35:*.tif=01;35:*.tiff=01;35:*.png=01;35:*.svg=01;35:*.svgz=01;35:*.mng=01;35:*.pcx=01;35:*.mov=01;35:*.mpg=01;35:*.mpeg=01;35:*.m2v=01;35:*.mkv=01;35:*.webm=01;35:*.webp=01;35:*.ogm=01;35:*.mp4=01;35:*.m4v=01;35:*.mp4v=01;35:*.vob=01;35:*.qt=01;35:*.nuv=01;35:*.wmv=01;35:*.asf=01;35:*.rm=01;35:*.rmvb=01;35:*.flc=01;35:*.avi=01;35:*.fli=01;35:*.flv=01;35:*.gl=01;35:*.dl=01;35:*.xcf=01;35:*.xwd=01;35:*.yuv=01;35:*.cgm=01;35:*.emf=01;35:*.ogv=01;35:*.ogx=01;35:*.aac=00;36:*.au=00;36:*.flac=00;36:*.m4a=00;36:*.mid=00;36:*.midi=00;36:*.mka=00;36:*.mp3=00;36:*.mpc=00;36:*.ogg=00;36:*.ra=00;36:*.wav=00;36:*.oga=00;36:*.opus=00;36:*.spx=00;36:*.xspf=00;36:*~=00;90:*#=00;90:*.bak=00;90:*.crdownload=00;90:*.dpkg-dist=00;90:*.dpkg-new=00;90:*.dpkg-old=00;90:*.dpkg-tmp=00;90:*.old=00;90:*.orig=00;90:*.part=00;90:*.rej=00;90:*.rpmnew=00;90:*.rpmorig=00;90:*.rpmsave=00;90:*.swp=00;90:*.tmp=00;90:*.ucf-dist=00;90:*.ucf-new=00;90:*.ucf-old=00;90:', 'GNOME_TERMINAL_SERVICE': ':1.116', 'SSH_AUTH_SOCK': '/run/user/1000/keyring/ssh', 'ROS_DOMAIN_ID': '3', 'AMENT_PREFIX_PATH': '/home/seeno04/inno_ws/install/sllidar_ros2:/opt/ros/jazzy', 'SHELL': '/bin/bash', 'LC_NAME': 'ko_KR.UTF-8', 'QT_ACCESSIBILITY': '1', 'GDMSESSION': 'ubuntu', 'LESSCLOSE': '/usr/bin/lesspipe %s %s', 'CODEX_THREAD_ID': '019f6b2d-3d29-7af2-a662-72937497f76d', 'LC_MEASUREMENT': 'ko_KR.UTF-8', 'LC_IDENTIFICATION': 'ko_KR.UTF-8', 'ROS_AUTOMATIC_DISCOVERY_RANGE': 'SUBNET', 'GIT_PAGER': 'cat', 'QT_IM_MODULE': 'ibus', 'PWD': '/home/seeno04/inno_jazzy_ws/build/sllidar_ros2', 'LC_ALL': 'ko_KR.UTF-8', 'XDG_CONFIG_DIRS': '/etc/xdg/xdg-ubuntu:/etc/xdg', 'XDG_DATA_DIRS': '/usr/share/ubuntu:/usr/share/gnome:/usr/local/share/:/usr/share/:/var/lib/snapd/desktop', 'PYTHONPATH': '/opt/ros/jazzy/lib/python3.12/site-packages', 'LC_NUMERIC': 'ko_KR.UTF-8', 'LC_PAPER': 'ko_KR.UTF-8', 'COLCON': '1', 'MEMORY_PRESSURE_WRITE': 'c29tZSAyMDAwMDAgMjAwMDAwMAA=', 'VTE_VERSION': '7600', 'CMAKE_PREFIX_PATH': '/opt/ros/jazzy/opt/gz_math_vendor:/opt/ros/jazzy/opt/gz_utils_vendor:/opt/ros/jazzy/opt/gz_cmake_vendor:/home/seeno04/inno_ws/install/sllidar_ros2:/opt/ros/jazzy'}), 'shell': False}
[61.233639] (sllidar_ros2) StdoutLine: {'line': b'-- Install configuration: ""\n'}
[61.234748] (sllidar_ros2) StdoutLine: {'line': b'-- Execute custom install script\n'}
[61.235032] (sllidar_ros2) StdoutLine: {'line': b'-- Symlinking: /home/seeno04/inno_jazzy_ws/install/sllidar_ros2/share/sllidar_ros2/launch/sllidar_a1_launch.py\n'}
[61.270699] (sllidar_ros2) StdoutLine: {'line': b'-- Symlinking: /home/seeno04/inno_jazzy_ws/install/sllidar_ros2/share/sllidar_ros2/launch/sllidar_a2m12_launch .py\n'}
[61.276829] (-) TimerEvent: {}
[61.308321] (sllidar_ros2) StdoutLine: {'line': b'-- Symlinking: /home/seeno04/inno_jazzy_ws/install/sllidar_ros2/share/sllidar_ros2/launch/sllidar_a2m7_launch.py\n'}
[61.335570] (sllidar_ros2) StdoutLine: {'line': b'-- Symlinking: /home/seeno04/inno_jazzy_ws/install/sllidar_ros2/share/sllidar_ros2/launch/sllidar_a2m8_launch.py\n'}
[61.355067] (sllidar_ros2) StdoutLine: {'line': b'-- Symlinking: /home/seeno04/inno_jazzy_ws/install/sllidar_ros2/share/sllidar_ros2/launch/sllidar_a3_launch.py\n'}
[61.374084] (sllidar_ros2) StdoutLine: {'line': b'-- Symlinking: /home/seeno04/inno_jazzy_ws/install/sllidar_ros2/share/sllidar_ros2/launch/sllidar_c1_launch.py\n'}
[61.377255] (-) TimerEvent: {}
[61.403209] (sllidar_ros2) StdoutLine: {'line': b'-- Symlinking: /home/seeno04/inno_jazzy_ws/install/sllidar_ros2/share/sllidar_ros2/launch/sllidar_s1_launch.py\n'}
[61.433135] (sllidar_ros2) StdoutLine: {'line': b'-- Symlinking: /home/seeno04/inno_jazzy_ws/install/sllidar_ros2/share/sllidar_ros2/launch/sllidar_s1_tcp_launch.py\n'}
[61.453279] (sllidar_ros2) StdoutLine: {'line': b'-- Symlinking: /home/seeno04/inno_jazzy_ws/install/sllidar_ros2/share/sllidar_ros2/launch/sllidar_s2_launch.py\n'}
[61.475166] (sllidar_ros2) StdoutLine: {'line': b'-- Symlinking: /home/seeno04/inno_jazzy_ws/install/sllidar_ros2/share/sllidar_ros2/launch/sllidar_s2e_launch.py\n'}
[61.479596] (-) TimerEvent: {}
[61.508120] (sllidar_ros2) StdoutLine: {'line': b'-- Symlinking: /home/seeno04/inno_jazzy_ws/install/sllidar_ros2/share/sllidar_ros2/launch/sllidar_s3_launch.py\n'}
[61.528793] (sllidar_ros2) StdoutLine: {'line': b'-- Symlinking: /home/seeno04/inno_jazzy_ws/install/sllidar_ros2/share/sllidar_ros2/launch/sllidar_t1_launch.py\n'}
[61.548222] (sllidar_ros2) StdoutLine: {'line': b'-- Symlinking: /home/seeno04/inno_jazzy_ws/install/sllidar_ros2/share/sllidar_ros2/launch/view_sllidar_a1_launch.py\n'}
[61.578740] (sllidar_ros2) StdoutLine: {'line': b'-- Symlinking: /home/seeno04/inno_jazzy_ws/install/sllidar_ros2/share/sllidar_ros2/launch/view_sllidar_a2m12_launch.py\n'}
[61.580538] (-) TimerEvent: {}
[61.605057] (sllidar_ros2) StdoutLine: {'line': b'-- Symlinking: /home/seeno04/inno_jazzy_ws/install/sllidar_ros2/share/sllidar_ros2/launch/view_sllidar_a2m7_launch.py\n'}
[61.624513] (sllidar_ros2) StdoutLine: {'line': b'-- Symlinking: /home/seeno04/inno_jazzy_ws/install/sllidar_ros2/share/sllidar_ros2/launch/view_sllidar_a2m8_launch.py\n'}
[61.663390] (sllidar_ros2) StdoutLine: {'line': b'-- Symlinking: /home/seeno04/inno_jazzy_ws/install/sllidar_ros2/share/sllidar_ros2/launch/view_sllidar_a3_launch.py\n'}
[61.683570] (-) TimerEvent: {}
[61.690424] (sllidar_ros2) StdoutLine: {'line': b'-- Symlinking: /home/seeno04/inno_jazzy_ws/install/sllidar_ros2/share/sllidar_ros2/launch/view_sllidar_c1_launch.py\n'}
[61.710347] (sllidar_ros2) StdoutLine: {'line': b'-- Symlinking: /home/seeno04/inno_jazzy_ws/install/sllidar_ros2/share/sllidar_ros2/launch/view_sllidar_s1_launch.py\n'}
[61.736940] (sllidar_ros2) StdoutLine: {'line': b'-- Symlinking: /home/seeno04/inno_jazzy_ws/install/sllidar_ros2/share/sllidar_ros2/launch/view_sllidar_s1_tcp_launch.py\n'}
[61.760238] (sllidar_ros2) StdoutLine: {'line': b'-- Symlinking: /home/seeno04/inno_jazzy_ws/install/sllidar_ros2/share/sllidar_ros2/launch/view_sllidar_s2_launch.py\n'}
[61.779550] (sllidar_ros2) StdoutLine: {'line': b'-- Symlinking: /home/seeno04/inno_jazzy_ws/install/sllidar_ros2/share/sllidar_ros2/launch/view_sllidar_s2e_launch.py\n'}
[61.783690] (-) TimerEvent: {}
[61.813714] (sllidar_ros2) StdoutLine: {'line': b'-- Symlinking: /home/seeno04/inno_jazzy_ws/install/sllidar_ros2/share/sllidar_ros2/launch/view_sllidar_s3_launch.py\n'}
[61.835981] (sllidar_ros2) StdoutLine: {'line': b'-- Symlinking: /home/seeno04/inno_jazzy_ws/install/sllidar_ros2/share/sllidar_ros2/launch/view_sllidar_t1_launch.py\n'}
[61.882924] (sllidar_ros2) StdoutLine: {'line': b'-- Symlinking: /home/seeno04/inno_jazzy_ws/install/sllidar_ros2/share/sllidar_ros2/rviz/sllidar_ros2.rviz\n'}
[61.883978] (-) TimerEvent: {}
[61.911727] (sllidar_ros2) StdoutLine: {'line': b'-- Symlinking: /home/seeno04/inno_jazzy_ws/install/sllidar_ros2/lib/sllidar_ros2/sllidar_node\n'}
[61.930816] (sllidar_ros2) StdoutLine: {'line': b'-- Symlinking: /home/seeno04/inno_jazzy_ws/install/sllidar_ros2/lib/sllidar_ros2/sllidar_client\n'}
[61.951065] (sllidar_ros2) StdoutLine: {'line': b'-- Symlinking: /home/seeno04/inno_jazzy_ws/install/sllidar_ros2/share/ament_index/resource_index/package_run_dependencies/sllidar_ros2\n'}
[61.984267] (-) TimerEvent: {}
[61.987537] (sllidar_ros2) StdoutLine: {'line': b'-- Symlinking: /home/seeno04/inno_jazzy_ws/install/sllidar_ros2/share/ament_index/resource_index/parent_prefix_path/sllidar_ros2\n'}
[62.006075] (sllidar_ros2) StdoutLine: {'line': b'-- Symlinking: /home/seeno04/inno_jazzy_ws/install/sllidar_ros2/share/sllidar_ros2/environment/ament_prefix_path.sh\n'}
[62.026249] (sllidar_ros2) StdoutLine: {'line': b'-- Symlinking: /home/seeno04/inno_jazzy_ws/install/sllidar_ros2/share/sllidar_ros2/environment/ament_prefix_path.dsv\n'}
[62.058303] (sllidar_ros2) StdoutLine: {'line': b'-- Symlinking: /home/seeno04/inno_jazzy_ws/install/sllidar_ros2/share/sllidar_ros2/environment/path.sh\n'}
[62.076992] (sllidar_ros2) StdoutLine: {'line': b'-- Symlinking: /home/seeno04/inno_jazzy_ws/install/sllidar_ros2/share/sllidar_ros2/environment/path.dsv\n'}
[62.086554] (-) TimerEvent: {}
[62.097969] (sllidar_ros2) StdoutLine: {'line': b'-- Symlinking: /home/seeno04/inno_jazzy_ws/install/sllidar_ros2/share/sllidar_ros2/local_setup.bash\n'}
[62.124692] (sllidar_ros2) StdoutLine: {'line': b'-- Symlinking: /home/seeno04/inno_jazzy_ws/install/sllidar_ros2/share/sllidar_ros2/local_setup.sh\n'}
[62.145135] (sllidar_ros2) StdoutLine: {'line': b'-- Symlinking: /home/seeno04/inno_jazzy_ws/install/sllidar_ros2/share/sllidar_ros2/local_setup.zsh\n'}
[62.170517] (sllidar_ros2) StdoutLine: {'line': b'-- Symlinking: /home/seeno04/inno_jazzy_ws/install/sllidar_ros2/share/sllidar_ros2/local_setup.dsv\n'}
[62.188610] (-) TimerEvent: {}
[62.196228] (sllidar_ros2) StdoutLine: {'line': b'-- Symlinking: /home/seeno04/inno_jazzy_ws/install/sllidar_ros2/share/sllidar_ros2/package.dsv\n'}
[62.217278] (sllidar_ros2) StdoutLine: {'line': b'-- Symlinking: /home/seeno04/inno_jazzy_ws/install/sllidar_ros2/share/ament_index/resource_index/packages/sllidar_ros2\n'}
[62.241514] (sllidar_ros2) StdoutLine: {'line': b'-- Symlinking: /home/seeno04/inno_jazzy_ws/install/sllidar_ros2/share/sllidar_ros2/cmake/ament_cmake_export_dependencies-extras.cmake\n'}
[62.267181] (sllidar_ros2) StdoutLine: {'line': b'-- Symlinking: /home/seeno04/inno_jazzy_ws/install/sllidar_ros2/share/sllidar_ros2/cmake/ament_cmake_export_include_directories-extras.cmake\n'}
[62.291533] (sllidar_ros2) StdoutLine: {'line': b'-- Symlinking: /home/seeno04/inno_jazzy_ws/install/sllidar_ros2/share/sllidar_ros2/cmake/sllidar_ros2Config.cmake\n'}
[62.291818] (-) TimerEvent: {}
[62.309061] (sllidar_ros2) StdoutLine: {'line': b'-- Symlinking: /home/seeno04/inno_jazzy_ws/install/sllidar_ros2/share/sllidar_ros2/cmake/sllidar_ros2Config-version.cmake\n'}
[62.335001] (sllidar_ros2) StdoutLine: {'line': b'-- Symlinking: /home/seeno04/inno_jazzy_ws/install/sllidar_ros2/share/sllidar_ros2/package.xml\n'}
[62.357518] (sllidar_ros2) CommandEnded: {'returncode': 0}
[62.392665] (-) TimerEvent: {}
[62.427141] (sllidar_ros2) JobEnded: {'identifier': 'sllidar_ros2', 'rc': 0}
[62.495534] (-) TimerEvent: {}
[62.595768] (-) TimerEvent: {}
[62.695986] (-) TimerEvent: {}
[62.796267] (-) TimerEvent: {}
[62.896751] (-) TimerEvent: {}
[62.997183] (-) TimerEvent: {}
[63.097476] (-) TimerEvent: {}
[63.197726] (-) TimerEvent: {}
[63.298107] (-) TimerEvent: {}
[63.398499] (-) TimerEvent: {}
[63.501538] (-) TimerEvent: {}
[63.604537] (-) TimerEvent: {}
[63.705524] (-) TimerEvent: {}
[63.807631] (-) TimerEvent: {}
[63.908078] (-) TimerEvent: {}
[64.008486] (-) TimerEvent: {}
[64.110530] (-) TimerEvent: {}
[64.210773] (-) TimerEvent: {}
[64.313562] (-) TimerEvent: {}
[64.413819] (-) TimerEvent: {}
[64.516540] (-) TimerEvent: {}
[64.616772] (-) TimerEvent: {}
[64.716997] (-) TimerEvent: {}
[64.817243] (-) TimerEvent: {}
[64.917531] (-) TimerEvent: {}
[65.017782] (-) TimerEvent: {}
[65.118041] (-) TimerEvent: {}
[65.218278] (-) TimerEvent: {}
[65.318762] (-) TimerEvent: {}
[65.419028] (-) TimerEvent: {}
[65.519861] (-) TimerEvent: {}
[65.620261] (-) TimerEvent: {}
[65.721521] (-) TimerEvent: {}
[65.821883] (-) TimerEvent: {}
[65.922265] (-) TimerEvent: {}
[66.022530] (-) TimerEvent: {}
[66.122779] (-) TimerEvent: {}
[66.224571] (-) TimerEvent: {}
[66.324971] (-) TimerEvent: {}
[66.425574] (-) TimerEvent: {}
[66.525991] (-) TimerEvent: {}
[66.628541] (-) TimerEvent: {}
[66.728781] (-) TimerEvent: {}
[66.829129] (-) TimerEvent: {}
[66.929525] (-) TimerEvent: {}
[67.030841] (-) TimerEvent: {}
[67.132583] (-) TimerEvent: {}
[67.232918] (-) TimerEvent: {}
[67.334711] (-) TimerEvent: {}
[67.435125] (-) TimerEvent: {}
[67.535349] (-) TimerEvent: {}
[67.636733] (-) TimerEvent: {}
[67.738542] (-) TimerEvent: {}
[67.839062] (-) TimerEvent: {}
[67.939734] (-) TimerEvent: {}
[68.040938] (-) TimerEvent: {}
[68.141256] (-) TimerEvent: {}
[68.241598] (-) TimerEvent: {}
[68.342081] (-) TimerEvent: {}
[68.442387] (-) TimerEvent: {}
[68.543125] (-) TimerEvent: {}
[68.643475] (-) TimerEvent: {}
[68.743721] (-) TimerEvent: {}
[68.846654] (-) TimerEvent: {}
[68.946963] (-) TimerEvent: {}
[69.047273] (-) TimerEvent: {}
[69.148542] (-) TimerEvent: {}
[69.251542] (-) TimerEvent: {}
[69.352066] (-) TimerEvent: {}
[69.452735] (-) TimerEvent: {}
[69.552967] (-) TimerEvent: {}
[69.654313] (-) TimerEvent: {}
[69.754546] (-) TimerEvent: {}
[69.854949] (-) TimerEvent: {}
[69.955924] (-) TimerEvent: {}
[70.056188] (-) TimerEvent: {}
[70.156459] (-) TimerEvent: {}
[70.257525] (-) TimerEvent: {}
[70.357796] (-) TimerEvent: {}
[70.458004] (-) TimerEvent: {}
[70.558245] (-) TimerEvent: {}
[70.658524] (-) TimerEvent: {}
[70.758847] (-) TimerEvent: {}
[70.859330] (-) TimerEvent: {}
[70.959762] (-) TimerEvent: {}
[71.060017] (-) TimerEvent: {}
[71.160284] (-) TimerEvent: {}
[71.260902] (-) TimerEvent: {}
[71.362616] (-) TimerEvent: {}
[71.462961] (-) TimerEvent: {}
[71.565536] (-) TimerEvent: {}
[71.665792] (-) TimerEvent: {}
[71.766256] (-) TimerEvent: {}
[71.868666] (-) TimerEvent: {}
[71.969047] (-) TimerEvent: {}
[72.069277] (-) TimerEvent: {}
[72.169534] (-) TimerEvent: {}
[72.272893] (-) TimerEvent: {}
[72.373529] (-) TimerEvent: {}
[72.473755] (-) TimerEvent: {}
[72.574120] (-) TimerEvent: {}
[72.674524] (-) TimerEvent: {}
[72.774845] (-) TimerEvent: {}
[72.875422] (-) TimerEvent: {}
[72.980542] (-) TimerEvent: {}
[73.080792] (-) TimerEvent: {}
[73.181038] (-) TimerEvent: {}
[73.281268] (-) TimerEvent: {}
[73.381507] (-) TimerEvent: {}
[73.481726] (-) TimerEvent: {}
[73.582010] (-) TimerEvent: {}
[73.683681] (-) TimerEvent: {}
[73.784560] (-) TimerEvent: {}
[73.884973] (-) TimerEvent: {}
[73.985526] (-) TimerEvent: {}
[74.087526] (-) TimerEvent: {}
[74.190211] (-) TimerEvent: {}
[74.292521] (-) TimerEvent: {}
[74.402502] (-) TimerEvent: {}
[74.503872] (-) TimerEvent: {}
[74.604542] (-) TimerEvent: {}
[74.704787] (-) TimerEvent: {}
[74.806569] (-) TimerEvent: {}
[74.906853] (-) TimerEvent: {}
[75.007930] (-) TimerEvent: {}
[75.108388] (-) TimerEvent: {}
[75.208908] (-) TimerEvent: {}
[75.309589] (-) TimerEvent: {}
[75.410110] (-) TimerEvent: {}
[75.510336] (-) TimerEvent: {}
[75.610543] (-) TimerEvent: {}
[75.710899] (-) TimerEvent: {}
[75.811217] (-) TimerEvent: {}
[75.911465] (-) TimerEvent: {}
[76.011955] (-) TimerEvent: {}
[76.112337] (-) TimerEvent: {}
[76.213481] (-) TimerEvent: {}
[76.313722] (-) TimerEvent: {}
[76.413954] (-) TimerEvent: {}
[76.514540] (-) TimerEvent: {}
[76.614829] (-) TimerEvent: {}
[76.715194] (-) TimerEvent: {}
[76.815564] (-) TimerEvent: {}
[76.915773] (-) TimerEvent: {}
[77.015999] (-) TimerEvent: {}
[77.117672] (-) TimerEvent: {}
[77.218008] (-) TimerEvent: {}
[77.318270] (-) TimerEvent: {}
[77.418547] (-) TimerEvent: {}
[77.518859] (-) TimerEvent: {}
[77.619352] (-) TimerEvent: {}
[77.719831] (-) TimerEvent: {}
[77.820155] (-) TimerEvent: {}
[77.920565] (-) TimerEvent: {}
[78.020904] (-) TimerEvent: {}
[78.123532] (-) TimerEvent: {}
[78.223774] (-) TimerEvent: {}
[78.326534] (-) TimerEvent: {}
[78.426775] (-) TimerEvent: {}
[78.528623] (-) TimerEvent: {}
[78.628852] (-) TimerEvent: {}
[78.731550] (-) TimerEvent: {}
[78.832018] (-) TimerEvent: {}
[78.932270] (-) TimerEvent: {}
[79.032498] (-) TimerEvent: {}
[79.132923] (-) TimerEvent: {}
[79.233388] (-) TimerEvent: {}
[79.333931] (-) TimerEvent: {}
[79.438593] (-) TimerEvent: {}
[79.538902] (-) TimerEvent: {}
[79.639195] (-) TimerEvent: {}
[79.739415] (-) TimerEvent: {}
[79.841708] (-) TimerEvent: {}
[79.942194] (-) TimerEvent: {}
[80.042531] (-) TimerEvent: {}
[80.142782] (-) TimerEvent: {}
[80.243036] (-) TimerEvent: {}
[80.343276] (-) TimerEvent: {}
[80.443532] (-) TimerEvent: {}
[80.543775] (-) TimerEvent: {}
[80.644043] (-) TimerEvent: {}
[80.744371] (-) TimerEvent: {}
[80.844703] (-) TimerEvent: {}
[80.944927] (-) TimerEvent: {}
[81.045193] (-) TimerEvent: {}
[81.145465] (-) TimerEvent: {}
[81.245683] (-) TimerEvent: {}
[81.345896] (-) TimerEvent: {}
[81.446919] (-) TimerEvent: {}
[81.547376] (-) TimerEvent: {}
[81.647925] (-) TimerEvent: {}
[81.748390] (-) TimerEvent: {}
[81.848904] (-) TimerEvent: {}
[81.949205] (-) TimerEvent: {}
[82.050565] (-) TimerEvent: {}
[82.150927] (-) TimerEvent: {}
[82.251298] (-) TimerEvent: {}
[82.351556] (-) TimerEvent: {}
[82.451842] (-) TimerEvent: {}
[82.552211] (-) TimerEvent: {}
[82.652708] (-) TimerEvent: {}
[82.753178] (-) TimerEvent: {}
[82.853720] (-) TimerEvent: {}
[82.954150] (-) TimerEvent: {}
[83.054623] (-) TimerEvent: {}
[83.157268] (-) TimerEvent: {}
[83.257586] (-) TimerEvent: {}
[83.359533] (-) TimerEvent: {}
[83.461537] (-) TimerEvent: {}
[83.561915] (-) TimerEvent: {}
[83.662334] (-) TimerEvent: {}
[83.762545] (-) TimerEvent: {}
[83.863657] (-) TimerEvent: {}
[83.964131] (-) TimerEvent: {}
[84.066676] (-) TimerEvent: {}
[84.167091] (-) TimerEvent: {}
[84.267583] (-) TimerEvent: {}
[84.368578] (-) TimerEvent: {}
[84.468970] (-) TimerEvent: {}
[84.569420] (-) TimerEvent: {}
[84.671586] (-) TimerEvent: {}
[84.772179] (-) TimerEvent: {}
[84.873196] (-) TimerEvent: {}
[84.973485] (-) TimerEvent: {}
[85.075856] (-) TimerEvent: {}
[85.177867] (-) TimerEvent: {}
[85.239039] (rf2o_laser_odometry) StdoutLine: {'line': b'[ 60%] Linking CXX executable rf2o_laser_odometry_node\n'}
[85.277896] (-) TimerEvent: {}
[85.378397] (-) TimerEvent: {}
[85.478868] (-) TimerEvent: {}
[85.579212] (-) TimerEvent: {}
[85.681354] (-) TimerEvent: {}
[85.781902] (-) TimerEvent: {}
[85.882172] (-) TimerEvent: {}
[85.982519] (-) TimerEvent: {}
[86.082872] (-) TimerEvent: {}
[86.183598] (-) TimerEvent: {}
[86.284133] (-) TimerEvent: {}
[86.385268] (-) TimerEvent: {}
[86.485602] (-) TimerEvent: {}
[86.586129] (-) TimerEvent: {}
[86.686799] (-) TimerEvent: {}
[86.787290] (-) TimerEvent: {}
[86.887642] (-) TimerEvent: {}
[86.989962] (-) TimerEvent: {}
[87.090729] (-) TimerEvent: {}
[87.191123] (-) TimerEvent: {}
[87.291628] (-) TimerEvent: {}
[87.393563] (-) TimerEvent: {}
[87.494029] (-) TimerEvent: {}
[87.597625] (-) TimerEvent: {}
[87.697884] (-) TimerEvent: {}
[87.798538] (-) TimerEvent: {}
[87.899270] (-) TimerEvent: {}
[88.001553] (-) TimerEvent: {}
[88.101803] (-) TimerEvent: {}
[88.202378] (-) TimerEvent: {}
[88.302998] (-) TimerEvent: {}
[88.403233] (-) TimerEvent: {}
[88.503493] (-) TimerEvent: {}
[88.605587] (-) TimerEvent: {}
[88.705858] (-) TimerEvent: {}
[88.806091] (-) TimerEvent: {}
[88.906334] (-) TimerEvent: {}
[89.006560] (-) TimerEvent: {}
[89.106822] (-) TimerEvent: {}
[89.207580] (-) TimerEvent: {}
[89.309543] (-) TimerEvent: {}
[89.409803] (-) TimerEvent: {}
[89.510025] (-) TimerEvent: {}
[89.610819] (-) TimerEvent: {}
[89.711705] (-) TimerEvent: {}
[89.814544] (-) TimerEvent: {}
[89.898597] (rf2o_laser_odometry) StdoutLine: {'line': b'[ 60%] Built target rf2o_laser_odometry_node\n'}
[89.916090] (-) TimerEvent: {}
[89.956571] (rf2o_laser_odometry) StdoutLine: {'line': b'[ 80%] Building CXX object CMakeFiles/rf2o_laser_odometry.dir/src/CLaserOdometry2D.cpp.o\n'}
[90.017545] (-) TimerEvent: {}
[90.117927] (-) TimerEvent: {}
[90.226670] (-) TimerEvent: {}
[90.326927] (-) TimerEvent: {}
[90.427171] (-) TimerEvent: {}
[90.529545] (-) TimerEvent: {}
[90.630536] (-) TimerEvent: {}
[90.732367] (-) TimerEvent: {}
[90.832733] (-) TimerEvent: {}
[90.932970] (-) TimerEvent: {}
[91.035528] (-) TimerEvent: {}
[91.138549] (-) TimerEvent: {}
[91.239194] (-) TimerEvent: {}
[91.340531] (-) TimerEvent: {}
[91.440763] (-) TimerEvent: {}
[91.540985] (-) TimerEvent: {}
[91.642542] (-) TimerEvent: {}
[91.742937] (-) TimerEvent: {}
[91.843409] (-) TimerEvent: {}
[91.943677] (-) TimerEvent: {}
[92.045538] (-) TimerEvent: {}
[92.146515] (-) TimerEvent: {}
[92.248541] (-) TimerEvent: {}
[92.348800] (-) TimerEvent: {}
[92.449054] (-) TimerEvent: {}
[92.549307] (-) TimerEvent: {}
[92.649529] (-) TimerEvent: {}
[92.749760] (-) TimerEvent: {}
[92.849993] (-) TimerEvent: {}
[92.950276] (-) TimerEvent: {}
[93.051587] (-) TimerEvent: {}
[93.151850] (-) TimerEvent: {}
[93.252090] (-) TimerEvent: {}
[93.352331] (-) TimerEvent: {}
[93.452645] (-) TimerEvent: {}
[93.552889] (-) TimerEvent: {}
[93.654729] (-) TimerEvent: {}
[93.757530] (-) TimerEvent: {}
[93.858681] (-) TimerEvent: {}
[93.959218] (-) TimerEvent: {}
[94.062675] (-) TimerEvent: {}
[94.164666] (-) TimerEvent: {}
[94.266527] (-) TimerEvent: {}
[94.366787] (-) TimerEvent: {}
[94.467858] (-) TimerEvent: {}
[94.568543] (-) TimerEvent: {}
[94.668775] (-) TimerEvent: {}
[94.769048] (-) TimerEvent: {}
[94.869704] (-) TimerEvent: {}
[94.970284] (-) TimerEvent: {}
[95.071838] (-) TimerEvent: {}
[95.172151] (-) TimerEvent: {}
[95.272381] (-) TimerEvent: {}
[95.372680] (-) TimerEvent: {}
[95.472984] (-) TimerEvent: {}
[95.575547] (-) TimerEvent: {}
[95.676646] (-) TimerEvent: {}
[95.777290] (-) TimerEvent: {}
[95.877993] (-) TimerEvent: {}
[95.979581] (-) TimerEvent: {}
[96.080597] (-) TimerEvent: {}
[96.181298] (-) TimerEvent: {}
[96.282533] (-) TimerEvent: {}
[96.384521] (-) TimerEvent: {}
[96.484787] (-) TimerEvent: {}
[96.586960] (-) TimerEvent: {}
[96.688603] (-) TimerEvent: {}
[96.789028] (-) TimerEvent: {}
[96.889536] (-) TimerEvent: {}
[96.992545] (-) TimerEvent: {}
[97.092910] (-) TimerEvent: {}
[97.193169] (-) TimerEvent: {}
[97.293403] (-) TimerEvent: {}
[97.395531] (-) TimerEvent: {}
[97.497891] (-) TimerEvent: {}
[97.598394] (-) TimerEvent: {}
[97.699542] (-) TimerEvent: {}
[97.799941] (-) TimerEvent: {}
[97.902541] (-) TimerEvent: {}
[98.002816] (-) TimerEvent: {}
[98.103644] (-) TimerEvent: {}
[98.204037] (-) TimerEvent: {}
[98.304661] (-) TimerEvent: {}
[98.405152] (-) TimerEvent: {}
[98.507610] (-) TimerEvent: {}
[98.607846] (-) TimerEvent: {}
[98.710531] (-) TimerEvent: {}
[98.811104] (-) TimerEvent: {}
[98.911594] (-) TimerEvent: {}
[99.012796] (-) TimerEvent: {}
[99.113045] (-) TimerEvent: {}
[99.213374] (-) TimerEvent: {}
[99.315529] (-) TimerEvent: {}
[99.415755] (-) TimerEvent: {}
[99.516022] (-) TimerEvent: {}
[99.616290] (-) TimerEvent: {}
[99.716550] (-) TimerEvent: {}
[99.816866] (-) TimerEvent: {}
[99.917110] (-) TimerEvent: {}
[100.017385] (-) TimerEvent: {}
[100.117642] (-) TimerEvent: {}
[100.218720] (-) TimerEvent: {}
[100.319165] (-) TimerEvent: {}
[100.419474] (-) TimerEvent: {}
[100.519677] (-) TimerEvent: {}
[100.621528] (-) TimerEvent: {}
[100.721782] (-) TimerEvent: {}
[100.822017] (-) TimerEvent: {}
[100.922533] (-) TimerEvent: {}
[101.022851] (-) TimerEvent: {}
[101.123256] (-) TimerEvent: {}
[101.223633] (-) TimerEvent: {}
[101.326465] (-) TimerEvent: {}
[101.426696] (-) TimerEvent: {}
[101.526927] (-) TimerEvent: {}
[101.628721] (-) TimerEvent: {}
[101.729097] (-) TimerEvent: {}
[101.829386] (-) TimerEvent: {}
[101.929706] (-) TimerEvent: {}
[102.032534] (-) TimerEvent: {}
[102.132753] (-) TimerEvent: {}
[102.232970] (-) TimerEvent: {}
[102.333676] (-) TimerEvent: {}
[102.435994] (-) TimerEvent: {}
[102.537532] (-) TimerEvent: {}
[102.637783] (-) TimerEvent: {}
[102.738013] (-) TimerEvent: {}
[102.838278] (-) TimerEvent: {}
[102.938553] (-) TimerEvent: {}
[103.039332] (-) TimerEvent: {}
[103.139664] (-) TimerEvent: {}
[103.242538] (-) TimerEvent: {}
[103.342769] (-) TimerEvent: {}
[103.443002] (-) TimerEvent: {}
[103.545567] (-) TimerEvent: {}
[103.647424] (-) TimerEvent: {}
[103.747714] (-) TimerEvent: {}
[103.848253] (-) TimerEvent: {}
[103.949579] (-) TimerEvent: {}
[104.052384] (-) TimerEvent: {}
[104.152822] (-) TimerEvent: {}
[104.253076] (-) TimerEvent: {}
[104.353324] (-) TimerEvent: {}
[104.453603] (-) TimerEvent: {}
[104.553818] (-) TimerEvent: {}
[104.654023] (-) TimerEvent: {}
[104.755542] (-) TimerEvent: {}
[104.857546] (-) TimerEvent: {}
[104.957805] (-) TimerEvent: {}
[105.058069] (-) TimerEvent: {}
[105.159518] (-) TimerEvent: {}
[105.261691] (-) TimerEvent: {}
[105.362596] (-) TimerEvent: {}
[105.462889] (-) TimerEvent: {}
[105.564529] (-) TimerEvent: {}
[105.664871] (-) TimerEvent: {}
[105.765393] (-) TimerEvent: {}
[105.866130] (-) TimerEvent: {}
[105.966362] (-) TimerEvent: {}
[106.067916] (-) TimerEvent: {}
[106.170923] (-) TimerEvent: {}
[106.271796] (-) TimerEvent: {}
[106.372109] (-) TimerEvent: {}
[106.472561] (-) TimerEvent: {}
[106.572874] (-) TimerEvent: {}
[106.673100] (-) TimerEvent: {}
[106.773372] (-) TimerEvent: {}
[106.874771] (-) TimerEvent: {}
[106.975525] (-) TimerEvent: {}
[107.077521] (-) TimerEvent: {}
[107.178531] (-) TimerEvent: {}
[107.278814] (-) TimerEvent: {}
[107.379116] (-) TimerEvent: {}
[107.479494] (-) TimerEvent: {}
[107.583731] (-) TimerEvent: {}
[107.684675] (-) TimerEvent: {}
[107.785337] (-) TimerEvent: {}
[107.887539] (-) TimerEvent: {}
[107.987788] (-) TimerEvent: {}
[108.089543] (-) TimerEvent: {}
[108.191573] (-) TimerEvent: {}
[108.293545] (-) TimerEvent: {}
[108.396551] (-) TimerEvent: {}
[108.496860] (-) TimerEvent: {}
[108.597573] (-) TimerEvent: {}
[108.698100] (-) TimerEvent: {}
[108.801545] (-) TimerEvent: {}
[108.901773] (-) TimerEvent: {}
[109.002022] (-) TimerEvent: {}
[109.102256] (-) TimerEvent: {}
[109.202858] (-) TimerEvent: {}
[109.303302] (-) TimerEvent: {}
[109.403537] (-) TimerEvent: {}
[109.503772] (-) TimerEvent: {}
[109.604020] (-) TimerEvent: {}
[109.704250] (-) TimerEvent: {}
[109.804502] (-) TimerEvent: {}
[109.904825] (-) TimerEvent: {}
[110.005280] (-) TimerEvent: {}
[110.106527] (-) TimerEvent: {}
[110.208624] (-) TimerEvent: {}
[110.308862] (-) TimerEvent: {}
[110.409165] (-) TimerEvent: {}
[110.509489] (-) TimerEvent: {}
[110.609932] (-) TimerEvent: {}
[110.711530] (-) TimerEvent: {}
[110.811744] (-) TimerEvent: {}
[110.911965] (-) TimerEvent: {}
[111.012194] (-) TimerEvent: {}
[111.112404] (-) TimerEvent: {}
[111.212625] (-) TimerEvent: {}
[111.312842] (-) TimerEvent: {}
[111.413418] (-) TimerEvent: {}
[111.516537] (-) TimerEvent: {}
[111.616752] (-) TimerEvent: {}
[111.716971] (-) TimerEvent: {}
[111.817214] (-) TimerEvent: {}
[111.917455] (-) TimerEvent: {}
[112.017708] (-) TimerEvent: {}
[112.118033] (-) TimerEvent: {}
[112.218388] (-) TimerEvent: {}
[112.320532] (-) TimerEvent: {}
[112.420761] (-) TimerEvent: {}
[112.520984] (-) TimerEvent: {}
[112.621309] (-) TimerEvent: {}
[112.721691] (-) TimerEvent: {}
[112.824546] (-) TimerEvent: {}
[112.924861] (-) TimerEvent: {}
[113.027645] (-) TimerEvent: {}
[113.127995] (-) TimerEvent: {}
[113.228253] (-) TimerEvent: {}
[113.328688] (-) TimerEvent: {}
[113.429064] (-) TimerEvent: {}
[113.529286] (-) TimerEvent: {}
[113.631541] (-) TimerEvent: {}
[113.732526] (-) TimerEvent: {}
[113.832809] (-) TimerEvent: {}
[113.933086] (-) TimerEvent: {}
[114.033308] (-) TimerEvent: {}
[114.133667] (-) TimerEvent: {}
[114.234079] (-) TimerEvent: {}
[114.334479] (-) TimerEvent: {}
[114.434827] (-) TimerEvent: {}
[114.535191] (-) TimerEvent: {}
[114.635473] (-) TimerEvent: {}
[114.736806] (-) TimerEvent: {}
[114.837393] (-) TimerEvent: {}
[114.939533] (-) TimerEvent: {}
[115.039768] (-) TimerEvent: {}
[115.140011] (-) TimerEvent: {}
[115.240702] (-) TimerEvent: {}
[115.341037] (-) TimerEvent: {}
[115.441276] (-) TimerEvent: {}
[115.541549] (-) TimerEvent: {}
[115.642916] (-) TimerEvent: {}
[115.745831] (-) TimerEvent: {}
[115.846046] (-) TimerEvent: {}
[115.946309] (-) TimerEvent: {}
[116.046543] (-) TimerEvent: {}
[116.147111] (-) TimerEvent: {}
[116.247328] (-) TimerEvent: {}
[116.347677] (-) TimerEvent: {}
[116.448068] (-) TimerEvent: {}
[116.548863] (-) TimerEvent: {}
[116.651536] (-) TimerEvent: {}
[116.751784] (-) TimerEvent: {}
[116.852886] (-) TimerEvent: {}
[116.953652] (-) TimerEvent: {}
[117.053980] (-) TimerEvent: {}
[117.154279] (-) TimerEvent: {}
[117.254522] (-) TimerEvent: {}
[117.354765] (-) TimerEvent: {}
[117.456551] (-) TimerEvent: {}
[117.559407] (-) TimerEvent: {}
[117.660880] (-) TimerEvent: {}
[117.761109] (-) TimerEvent: {}
[117.861410] (-) TimerEvent: {}
[117.961787] (-) TimerEvent: {}
[118.062051] (-) TimerEvent: {}
[118.162355] (-) TimerEvent: {}
[118.262811] (-) TimerEvent: {}
[118.363303] (-) TimerEvent: {}
[118.463557] (-) TimerEvent: {}
[118.564196] (-) TimerEvent: {}
[118.664432] (-) TimerEvent: {}
[118.764687] (-) TimerEvent: {}
[118.866557] (-) TimerEvent: {}
[118.967041] (-) TimerEvent: {}
[119.067303] (-) TimerEvent: {}
[119.168858] (-) TimerEvent: {}
[119.271566] (-) TimerEvent: {}
[119.373534] (-) TimerEvent: {}
[119.473835] (-) TimerEvent: {}
[119.574201] (-) TimerEvent: {}
[119.674520] (-) TimerEvent: {}
[119.776795] (-) TimerEvent: {}
[119.877101] (-) TimerEvent: {}
[119.977427] (-) TimerEvent: {}
[120.080545] (-) TimerEvent: {}
[120.180875] (-) TimerEvent: {}
[120.281250] (-) TimerEvent: {}
[120.382083] (-) TimerEvent: {}
[120.482548] (-) TimerEvent: {}
[120.582766] (-) TimerEvent: {}
[120.683024] (-) TimerEvent: {}
[120.783264] (-) TimerEvent: {}
[120.884541] (-) TimerEvent: {}
[120.987570] (-) TimerEvent: {}
[121.087864] (-) TimerEvent: {}
[121.188127] (-) TimerEvent: {}
[121.288355] (-) TimerEvent: {}
[121.388615] (-) TimerEvent: {}
[121.488894] (-) TimerEvent: {}
[121.589179] (-) TimerEvent: {}
[121.690543] (-) TimerEvent: {}
[121.790772] (-) TimerEvent: {}
[121.891026] (-) TimerEvent: {}
[121.991298] (-) TimerEvent: {}
[122.091560] (-) TimerEvent: {}
[122.191821] (-) TimerEvent: {}
[122.292056] (-) TimerEvent: {}
[122.392307] (-) TimerEvent: {}
[122.492540] (-) TimerEvent: {}
[122.592901] (-) TimerEvent: {}
[122.694288] (-) TimerEvent: {}
[122.794513] (-) TimerEvent: {}
[122.894733] (-) TimerEvent: {}
[122.994978] (-) TimerEvent: {}
[123.095229] (-) TimerEvent: {}
[123.196540] (-) TimerEvent: {}
[123.297533] (-) TimerEvent: {}
[123.397766] (-) TimerEvent: {}
[123.498009] (-) TimerEvent: {}
[123.598284] (-) TimerEvent: {}
[123.698741] (-) TimerEvent: {}
[123.799357] (-) TimerEvent: {}
[123.899601] (-) TimerEvent: {}
[123.999835] (-) TimerEvent: {}
[124.101200] (-) TimerEvent: {}
[124.201594] (-) TimerEvent: {}
[124.301818] (-) TimerEvent: {}
[124.402026] (-) TimerEvent: {}
[124.502694] (-) TimerEvent: {}
[124.602902] (-) TimerEvent: {}
[124.703132] (-) TimerEvent: {}
[124.807323] (-) TimerEvent: {}
[124.907644] (-) TimerEvent: {}
[125.007994] (-) TimerEvent: {}
[125.108223] (-) TimerEvent: {}
[125.208477] (-) TimerEvent: {}
[125.308747] (-) TimerEvent: {}
[125.409320] (-) TimerEvent: {}
[125.511542] (-) TimerEvent: {}
[125.612060] (-) TimerEvent: {}
[125.712719] (-) TimerEvent: {}
[125.812945] (-) TimerEvent: {}
[125.913665] (-) TimerEvent: {}
[126.013977] (-) TimerEvent: {}
[126.116546] (-) TimerEvent: {}
[126.217409] (-) TimerEvent: {}
[126.319526] (-) TimerEvent: {}
[126.419800] (-) TimerEvent: {}
[126.521529] (-) TimerEvent: {}
[126.624082] (-) TimerEvent: {}
[126.724830] (-) TimerEvent: {}
[126.826741] (-) TimerEvent: {}
[126.927213] (-) TimerEvent: {}
[127.027535] (-) TimerEvent: {}
[127.127946] (-) TimerEvent: {}
[127.228774] (-) TimerEvent: {}
[127.331548] (-) TimerEvent: {}
[127.431758] (-) TimerEvent: {}
[127.531996] (-) TimerEvent: {}
[127.632216] (-) TimerEvent: {}
[127.732426] (-) TimerEvent: {}
[127.832695] (-) TimerEvent: {}
[127.933567] (-) TimerEvent: {}
[128.033937] (-) TimerEvent: {}
[128.134359] (-) TimerEvent: {}
[128.234770] (-) TimerEvent: {}
[128.335694] (-) TimerEvent: {}
[128.435925] (-) TimerEvent: {}
[128.536151] (-) TimerEvent: {}
[128.636352] (-) TimerEvent: {}
[128.736789] (-) TimerEvent: {}
[128.839324] (-) TimerEvent: {}
[128.939691] (-) TimerEvent: {}
[129.039915] (-) TimerEvent: {}
[129.140191] (-) TimerEvent: {}
[129.240639] (-) TimerEvent: {}
[129.342535] (-) TimerEvent: {}
[129.442788] (-) TimerEvent: {}
[129.543695] (-) TimerEvent: {}
[129.644036] (-) TimerEvent: {}
[129.744299] (-) TimerEvent: {}
[129.846532] (-) TimerEvent: {}
[129.946792] (-) TimerEvent: {}
[130.047065] (-) TimerEvent: {}
[130.147316] (-) TimerEvent: {}
[130.247617] (-) TimerEvent: {}
[130.347875] (-) TimerEvent: {}
[130.448132] (-) TimerEvent: {}
[130.548388] (-) TimerEvent: {}
[130.648664] (-) TimerEvent: {}
[130.751571] (-) TimerEvent: {}
[130.851814] (-) TimerEvent: {}
[130.952055] (-) TimerEvent: {}
[131.052484] (-) TimerEvent: {}
[131.152889] (-) TimerEvent: {}
[131.253325] (-) TimerEvent: {}
[131.353718] (-) TimerEvent: {}
[131.453953] (-) TimerEvent: {}
[131.554181] (-) TimerEvent: {}
[131.654411] (-) TimerEvent: {}
[131.756536] (-) TimerEvent: {}
[131.858549] (-) TimerEvent: {}
[131.943235] (rf2o_laser_odometry) StdoutLine: {'line': b'[100%] Linking CXX static library librf2o_laser_odometry.a\n'}
[131.958749] (-) TimerEvent: {}
[132.059141] (-) TimerEvent: {}
[132.159462] (-) TimerEvent: {}
[132.260343] (-) TimerEvent: {}
[132.361280] (-) TimerEvent: {}
[132.461533] (-) TimerEvent: {}
[132.561770] (-) TimerEvent: {}
[132.662536] (-) TimerEvent: {}
[132.763256] (-) TimerEvent: {}
[132.864614] (-) TimerEvent: {}
[132.964950] (-) TimerEvent: {}
[133.065268] (-) TimerEvent: {}
[133.165633] (-) TimerEvent: {}
[133.266005] (-) TimerEvent: {}
[133.366411] (-) TimerEvent: {}
[133.471538] (-) TimerEvent: {}
[133.520602] (rf2o_laser_odometry) StdoutLine: {'line': b'[100%] Built target rf2o_laser_odometry\n'}
[133.544423] (rf2o_laser_odometry) CommandEnded: {'returncode': 0}
[133.545428] (rf2o_laser_odometry) JobProgress: {'identifier': 'rf2o_laser_odometry', 'progress': 'install'}
[133.546995] (rf2o_laser_odometry) Command: {'cmd': ['/usr/bin/cmake', '--install', '/home/seeno04/inno_jazzy_ws/build/rf2o_laser_odometry'], 'cwd': '/home/seeno04/inno_jazzy_ws/build/rf2o_laser_odometry', 'env': OrderedDict({'LESSOPEN': '| /usr/bin/lesspipe %s', 'CODEX_CI': '1', 'USER': 'seeno04', 'LC_TIME': 'ko_KR.UTF-8', 'XDG_SESSION_TYPE': 'wayland', 'CLUTTER_DISABLE_MIPMAPPED_TEXT': '1', 'SHLVL': '1', 'LD_LIBRARY_PATH': '/opt/ros/jazzy/opt/rviz_ogre_vendor/lib:/opt/ros/jazzy/opt/gz_math_vendor/lib:/opt/ros/jazzy/opt/gz_utils_vendor/lib:/opt/ros/jazzy/opt/gz_cmake_vendor/lib:/opt/ros/jazzy/lib/aarch64-linux-gnu:/opt/ros/jazzy/lib', 'HOME': '/home/seeno04', 'OLDPWD': '/home/seeno04/inno_jazzy_ws', 'DESKTOP_SESSION': 'ubuntu', 'ROS_PYTHON_VERSION': '3', 'GNOME_SHELL_SESSION_MODE': 'ubuntu', 'GTK_MODULES': 'gail:atk-bridge', 'PAGER': 'cat', 'LC_MONETARY': 'ko_KR.UTF-8', 'LC_CTYPE': 'C.UTF-8', 'SYSTEMD_EXEC_PID': '2916', 'IM_CONFIG_CHECK_ENV': '1', 'GSM_SKIP_SSH_AGENT_WORKAROUND': 'true', 'NO_COLOR': '1', 'DBUS_SESSION_BUS_ADDRESS': 'unix:path=/run/user/1000/bus', 'COLORTERM': 'truecolor', 'DEBUGINFOD_URLS': 'https://debuginfod.ubuntu.com', 'IM_CONFIG_PHASE': '1', 'WAYLAND_DISPLAY': 'wayland-0', 'COLCON_PREFIX_PATH': '/home/seeno04/inno_ws/install', 'ROS_DISTRO': 'jazzy', 'LOGNAME': 'seeno04', '_': '/usr/bin/colcon', 'ROS_VERSION': '2', 'MEMORY_PRESSURE_WATCH': '/sys/fs/cgroup/user.slice/user-1000.slice/user@1000.service/session.slice/org.gnome.Shell@wayland.service/memory.pressure', 'XDG_SESSION_CLASS': 'user', 'USERNAME': 'seeno04', 'TERM': 'xterm-256color', 'GNOME_DESKTOP_SESSION_ID': 'this-is-deprecated', 'ROS_LOCALHOST_ONLY': '0', 'PATH': '/home/seeno04/.codex/packages/standalone/releases/0.144.5-aarch64-unknown-linux-musl/codex-path:/home/seeno04/.local/bin:/home/seeno04/.codex/tmp/arg0/codex-arg0jXFD0L:/home/seeno04/.codex/packages/standalone/releases/0.144.5-aarch64-unknown-linux-musl/codex-path:/home/seeno04/.local/bin:/home/seeno04/.local/bin:/opt/ros/jazzy/bin:/usr/local/sbin:/usr/local/bin:/usr/sbin:/usr/bin:/sbin:/bin:/usr/games:/usr/local/games:/snap/bin:/snap/bin', 'SESSION_MANAGER': 'local/seeno04-desktop:@/tmp/.ICE-unix/2871,unix/seeno04-desktop:/tmp/.ICE-unix/2871', 'PAPERSIZE': 'a4', 'XDG_MENU_PREFIX': 'gnome-', 'LC_ADDRESS': 'ko_KR.UTF-8', 'GNOME_TERMINAL_SCREEN': '/org/gnome/Terminal/screen/5c7332fd_98ba_4fbc_b336_d01ae670d30a', 'GNOME_SETUP_DISPLAY': ':1', 'XDG_RUNTIME_DIR': '/run/user/1000', 'DISPLAY': ':0', 'CODEX_SANDBOX_NETWORK_DISABLED': '1', 'LANG': 'ko_KR.UTF-8', 'XDG_CURRENT_DESKTOP': 'ubuntu:GNOME', 'LC_TELEPHONE': 'ko_KR.UTF-8', 'XMODIFIERS': '@im=ibus', 'GH_PAGER': 'cat', 'XDG_SESSION_DESKTOP': 'ubuntu', 'XAUTHORITY': '/run/user/1000/.mutter-Xwaylandauth.6YVGS3', 'LS_COLORS': 'rs=0:di=01;34:ln=01;36:mh=00:pi=40;33:so=01;35:do=01;35:bd=40;33;01:cd=40;33;01:or=40;31;01:mi=00:su=37;41:sg=30;43:ca=00:tw=30;42:ow=34;42:st=37;44:ex=01;32:*.tar=01;31:*.tgz=01;31:*.arc=01;31:*.arj=01;31:*.taz=01;31:*.lha=01;31:*.lz4=01;31:*.lzh=01;31:*.lzma=01;31:*.tlz=01;31:*.txz=01;31:*.tzo=01;31:*.t7z=01;31:*.zip=01;31:*.z=01;31:*.dz=01;31:*.gz=01;31:*.lrz=01;31:*.lz=01;31:*.lzo=01;31:*.xz=01;31:*.zst=01;31:*.tzst=01;31:*.bz2=01;31:*.bz=01;31:*.tbz=01;31:*.tbz2=01;31:*.tz=01;31:*.deb=01;31:*.rpm=01;31:*.jar=01;31:*.war=01;31:*.ear=01;31:*.sar=01;31:*.rar=01;31:*.alz=01;31:*.ace=01;31:*.zoo=01;31:*.cpio=01;31:*.7z=01;31:*.rz=01;31:*.cab=01;31:*.wim=01;31:*.swm=01;31:*.dwm=01;31:*.esd=01;31:*.avif=01;35:*.jpg=01;35:*.jpeg=01;35:*.mjpg=01;35:*.mjpeg=01;35:*.gif=01;35:*.bmp=01;35:*.pbm=01;35:*.pgm=01;35:*.ppm=01;35:*.tga=01;35:*.xbm=01;35:*.xpm=01;35:*.tif=01;35:*.tiff=01;35:*.png=01;35:*.svg=01;35:*.svgz=01;35:*.mng=01;35:*.pcx=01;35:*.mov=01;35:*.mpg=01;35:*.mpeg=01;35:*.m2v=01;35:*.mkv=01;35:*.webm=01;35:*.webp=01;35:*.ogm=01;35:*.mp4=01;35:*.m4v=01;35:*.mp4v=01;35:*.vob=01;35:*.qt=01;35:*.nuv=01;35:*.wmv=01;35:*.asf=01;35:*.rm=01;35:*.rmvb=01;35:*.flc=01;35:*.avi=01;35:*.fli=01;35:*.flv=01;35:*.gl=01;35:*.dl=01;35:*.xcf=01;35:*.xwd=01;35:*.yuv=01;35:*.cgm=01;35:*.emf=01;35:*.ogv=01;35:*.ogx=01;35:*.aac=00;36:*.au=00;36:*.flac=00;36:*.m4a=00;36:*.mid=00;36:*.midi=00;36:*.mka=00;36:*.mp3=00;36:*.mpc=00;36:*.ogg=00;36:*.ra=00;36:*.wav=00;36:*.oga=00;36:*.opus=00;36:*.spx=00;36:*.xspf=00;36:*~=00;90:*#=00;90:*.bak=00;90:*.crdownload=00;90:*.dpkg-dist=00;90:*.dpkg-new=00;90:*.dpkg-old=00;90:*.dpkg-tmp=00;90:*.old=00;90:*.orig=00;90:*.part=00;90:*.rej=00;90:*.rpmnew=00;90:*.rpmorig=00;90:*.rpmsave=00;90:*.swp=00;90:*.tmp=00;90:*.ucf-dist=00;90:*.ucf-new=00;90:*.ucf-old=00;90:', 'GNOME_TERMINAL_SERVICE': ':1.116', 'SSH_AUTH_SOCK': '/run/user/1000/keyring/ssh', 'ROS_DOMAIN_ID': '3', 'AMENT_PREFIX_PATH': '/home/seeno04/inno_ws/install/sllidar_ros2:/opt/ros/jazzy', 'SHELL': '/bin/bash', 'LC_NAME': 'ko_KR.UTF-8', 'QT_ACCESSIBILITY': '1', 'GDMSESSION': 'ubuntu', 'LESSCLOSE': '/usr/bin/lesspipe %s %s', 'CODEX_THREAD_ID': '019f6b2d-3d29-7af2-a662-72937497f76d', 'LC_MEASUREMENT': 'ko_KR.UTF-8', 'LC_IDENTIFICATION': 'ko_KR.UTF-8', 'ROS_AUTOMATIC_DISCOVERY_RANGE': 'SUBNET', 'GIT_PAGER': 'cat', 'QT_IM_MODULE': 'ibus', 'PWD': '/home/seeno04/inno_jazzy_ws/build/rf2o_laser_odometry', 'LC_ALL': 'ko_KR.UTF-8', 'XDG_CONFIG_DIRS': '/etc/xdg/xdg-ubuntu:/etc/xdg', 'XDG_DATA_DIRS': '/usr/share/ubuntu:/usr/share/gnome:/usr/local/share/:/usr/share/:/var/lib/snapd/desktop', 'PYTHONPATH': '/opt/ros/jazzy/lib/python3.12/site-packages', 'LC_NUMERIC': 'ko_KR.UTF-8', 'LC_PAPER': 'ko_KR.UTF-8', 'COLCON': '1', 'MEMORY_PRESSURE_WRITE': 'c29tZSAyMDAwMDAgMjAwMDAwMAA=', 'VTE_VERSION': '7600', 'CMAKE_PREFIX_PATH': '/opt/ros/jazzy/opt/gz_math_vendor:/opt/ros/jazzy/opt/gz_utils_vendor:/opt/ros/jazzy/opt/gz_cmake_vendor:/home/seeno04/inno_ws/install/sllidar_ros2:/opt/ros/jazzy'}), 'shell': False}
[133.571372] (rf2o_laser_odometry) StdoutLine: {'line': b'-- Install configuration: ""\n'}
[133.571823] (-) TimerEvent: {}
[133.572492] (rf2o_laser_odometry) StdoutLine: {'line': b'-- Execute custom install script\n'}
[133.573215] (rf2o_laser_odometry) StdoutLine: {'line': b'-- Symlinking: /home/seeno04/inno_jazzy_ws/install/rf2o_laser_odometry/lib/rf2o_laser_odometry/rf2o_laser_odometry_node\n'}
[133.601744] (rf2o_laser_odometry) StdoutLine: {'line': b'-- Symlinking: /home/seeno04/inno_jazzy_ws/install/rf2o_laser_odometry/share/rf2o_laser_odometry/launch/rf2o_laser_odometry.launch.py\n'}
[133.619769] (rf2o_laser_odometry) StdoutLine: {'line': b'-- Symlinking: /home/seeno04/inno_jazzy_ws/install/rf2o_laser_odometry/share/ament_index/resource_index/package_run_dependencies/rf2o_laser_odometry\n'}
[133.650956] (rf2o_laser_odometry) StdoutLine: {'line': b'-- Symlinking: /home/seeno04/inno_jazzy_ws/install/rf2o_laser_odometry/share/ament_index/resource_index/parent_prefix_path/rf2o_laser_odometry\n'}
[133.671253] (rf2o_laser_odometry) StdoutLine: {'line': b'-- Symlinking: /home/seeno04/inno_jazzy_ws/install/rf2o_laser_odometry/share/rf2o_laser_odometry/environment/ament_prefix_path.sh\n'}
[133.671937] (-) TimerEvent: {}
[133.690097] (rf2o_laser_odometry) StdoutLine: {'line': b'-- Symlinking: /home/seeno04/inno_jazzy_ws/install/rf2o_laser_odometry/share/rf2o_laser_odometry/environment/ament_prefix_path.dsv\n'}
[133.716435] (rf2o_laser_odometry) StdoutLine: {'line': b'-- Symlinking: /home/seeno04/inno_jazzy_ws/install/rf2o_laser_odometry/share/rf2o_laser_odometry/environment/path.sh\n'}
[133.734741] (rf2o_laser_odometry) StdoutLine: {'line': b'-- Symlinking: /home/seeno04/inno_jazzy_ws/install/rf2o_laser_odometry/share/rf2o_laser_odometry/environment/path.dsv\n'}
[133.764116] (rf2o_laser_odometry) StdoutLine: {'line': b'-- Symlinking: /home/seeno04/inno_jazzy_ws/install/rf2o_laser_odometry/share/rf2o_laser_odometry/local_setup.bash\n'}
[133.773581] (-) TimerEvent: {}
[133.788710] (rf2o_laser_odometry) StdoutLine: {'line': b'-- Symlinking: /home/seeno04/inno_jazzy_ws/install/rf2o_laser_odometry/share/rf2o_laser_odometry/local_setup.sh\n'}
[133.807602] (rf2o_laser_odometry) StdoutLine: {'line': b'-- Symlinking: /home/seeno04/inno_jazzy_ws/install/rf2o_laser_odometry/share/rf2o_laser_odometry/local_setup.zsh\n'}
[133.834051] (rf2o_laser_odometry) StdoutLine: {'line': b'-- Symlinking: /home/seeno04/inno_jazzy_ws/install/rf2o_laser_odometry/share/rf2o_laser_odometry/local_setup.dsv\n'}
[133.853250] (rf2o_laser_odometry) StdoutLine: {'line': b'-- Symlinking: /home/seeno04/inno_jazzy_ws/install/rf2o_laser_odometry/share/rf2o_laser_odometry/package.dsv\n'}
[133.873847] (-) TimerEvent: {}
[133.876873] (rf2o_laser_odometry) StdoutLine: {'line': b'-- Symlinking: /home/seeno04/inno_jazzy_ws/install/rf2o_laser_odometry/share/ament_index/resource_index/packages/rf2o_laser_odometry\n'}
[133.908541] (rf2o_laser_odometry) StdoutLine: {'line': b'-- Symlinking: /home/seeno04/inno_jazzy_ws/install/rf2o_laser_odometry/share/rf2o_laser_odometry/cmake/rf2o_laser_odometryConfig.cmake\n'}
[133.925640] (rf2o_laser_odometry) StdoutLine: {'line': b'-- Symlinking: /home/seeno04/inno_jazzy_ws/install/rf2o_laser_odometry/share/rf2o_laser_odometry/cmake/rf2o_laser_odometryConfig-version.cmake\n'}
[133.944157] (rf2o_laser_odometry) StdoutLine: {'line': b'-- Symlinking: /home/seeno04/inno_jazzy_ws/install/rf2o_laser_odometry/share/rf2o_laser_odometry/package.xml\n'}
[133.973938] (-) TimerEvent: {}
[133.976529] (rf2o_laser_odometry) CommandEnded: {'returncode': 0}
[134.015691] (rf2o_laser_odometry) JobEnded: {'identifier': 'rf2o_laser_odometry', 'rc': 0}
[134.018509] (-) EventReactorShutdown: {}
