[0.026s] Invoking command in '/home/seeno04/camera_ws/build/libcamera': DEBUGINFOD_URLS=https://debuginfod.ubuntu.com /usr/bin/meson setup --libdir=lib --prefix=/home/seeno04/camera_ws/install/libcamera --buildtype=release /home/seeno04/camera_ws/build/libcamera /home/seeno04/camera_ws/src/libcamera
[0.328s] [1mThe Meson build system[0m
[0.328s] Version: 1.3.2
[0.328s] Source dir: [1m/home/seeno04/camera_ws/src/libcamera[0m
[0.329s] Build dir: [1m/home/seeno04/camera_ws/build/libcamera[0m
[0.329s] Build type: [1mnative build[0m
[0.356s] ../../src/libcamera/meson_options.txt:76: [1;33mWARNING:[0m Keyword argument "value" defined multiple times.
[0.356s] [1;33mWARNING:[0m This will be an error in future Meson releases.
[0.375s] Project name: [1mlibcamera[0m
[0.375s] Project version: [1m0.7.1[0m
[0.789s] C compiler for the host machine: [1mcc[0m (gcc 13.3.0 "cc (Ubuntu 13.3.0-6ubuntu2~24.04.1) 13.3.0")
[0.789s] C linker for the host machine: [1mcc[0m ld.bfd 2.42
[1.136s] C++ compiler for the host machine: [1mc++[0m (gcc 13.3.0 "c++ (Ubuntu 13.3.0-6ubuntu2~24.04.1) 13.3.0")
[1.136s] C++ linker for the host machine: [1mc++[0m ld.bfd 2.42
[1.375s] Host machine cpu family: [1maarch64[0m
[1.381s] Host machine cpu: [1maarch64[0m
[1.578s] Header "[1munistd.h[0m" has symbol "[1mclose_range[0m" : [1;32mYES[0m 
[1.630s] Header "[1mfcntl.h[0m" has symbol "[1mF_ADD_SEALS[0m" : [1;32mYES[0m 
[1.679s] Header "[1munistd.h[0m" has symbol "[1missetugid[0m" : [1;31mNO[0m 
[1.745s] Header "[1mlocale.h[0m" has symbol "[1mlocale_t[0m" : [1;32mYES[0m 
[1.792s] Header "[1msys/mman.h[0m" has symbol "[1mmemfd_create[0m" : [1;32mYES[0m 
[1.879s] Header "[1mstdlib.h[0m" has symbol "[1msecure_getenv[0m" : [1;32mYES[0m 
[2.011s] Header "[1mversion[0m" has symbol "[1m_LIBCPP_VERSION[0m" : [1;31mNO[0m 
[2.056s] Header "[1mversion[0m" has symbol "[1m__GLIBCXX__[0m" : [1;32mYES[0m 
[2.059s] [1mMessage:[0m Detected C++ standard library: libstdc++
[2.086s] Compiler for C supports arguments -Wno-c99-designator: [1;31mNO[0m 
[2.131s] Found pkg-config: [1;32mYES[0m [1m(/usr/bin/pkg-config)[0m [1;34m1.8.1[0m
[2.397s] Run-time dependency [1mlttng-ust[0m found: [1;32mYES[0m [36m2.13.7[0m
[2.417s] Program [1m./parser.py[0m found: [1;32mYES[0m (/home/seeno04/camera_ws/src/libcamera/utils/codegen/ipc/./parser.py)
[2.417s] Program [1m./generate.py[0m found: [1;32mYES[0m (/home/seeno04/camera_ws/src/libcamera/utils/codegen/ipc/./generate.py)
[2.417s] Program [1m./extract-docs.py[0m found: [1;32mYES[0m (/home/seeno04/camera_ws/src/libcamera/utils/codegen/ipc/./extract-docs.py)
[2.526s] Configuring [1mversion.h[0m using configuration
[2.535s] Program [1mopenssl[0m found: [1;32mYES[0m (/usr/bin/openssl)
[2.781s] Found CMake: [1m/usr/bin/cmake[0m (3.28.3)
[3.895s] Run-time dependency [1mlibyuv[0m found: [1;31mNO[0m (tried pkgconfig and cmake)
[3.919s] Has header "[1mlibyuv.h[0m" : [1;32mYES[0m 
[4.002s] Library [1myuv[0m found: [1;32mYES[0m
[4.119s] Library [1matomic[0m found: [1;32mYES[0m
[4.123s] Run-time dependency [1mthreads[0m found: [1;32mYES[0m
[4.147s] Run-time dependency [1mlibdw[0m found: [1;32mYES[0m [36m0.190[0m
[4.163s] Run-time dependency [1mlibunwind[0m found: [1;32mYES[0m [36m1.6.2[0m
[4.199s] Header "[1mexecinfo.h[0m" has symbol "[1mbacktrace[0m" : [1;32mYES[0m 
[4.286s] Library [1mrt[0m found: [1;32mYES[0m
[4.304s] Run-time dependency [1mlibpisp[0m found: [1;31mNO[0m (tried pkgconfig and cmake)
[4.305s] Looking for a fallback subproject for the dependency [1mlibpisp[0m
[4.307s] 'libpisp'에 복제합니다...
[5.427s] remote: Enumerating objects: 109, done.[K
[5.427s] remote: Counting objects:   0% (1/109)[K
[5.427s] remote: Counting objects:   1% (2/109)[K
[5.427s] remote: Counting objects:   2% (3/109)[K
[5.427s] remote: Counting objects:   3% (4/109)[K
[5.428s] remote: Counting objects:   4% (5/109)[K
[5.428s] remote: Counting objects:   5% (6/109)[K
[5.428s] remote: Counting objects:   6% (7/109)[K
[5.428s] remote: Counting objects:   7% (8/109)[K
[5.429s] remote: Counting objects:   8% (9/109)[K
[5.429s] remote: Counting objects:   9% (10/109)[K
[5.429s] remote: Counting objects:  10% (11/109)[K
[5.429s] remote: Counting objects:  11% (12/109)[K
[5.429s] remote: Counting objects:  12% (14/109)[K
[5.429s] remote: Counting objects:  13% (15/109)[K
[5.430s] remote: Counting objects:  14% (16/109)[K
[5.430s] remote: Counting objects:  15% (17/109)[K
[5.430s] remote: Counting objects:  16% (18/109)[K
[5.430s] remote: Counting objects:  17% (19/109)[K
[5.430s] remote: Counting objects:  18% (20/109)[K
[5.430s] remote: Counting objects:  19% (21/109)[K
[5.430s] remote: Counting objects:  20% (22/109)[K
[5.431s] remote: Counting objects:  21% (23/109)[K
[5.431s] remote: Counting objects:  22% (24/109)[K
[5.431s] remote: Counting objects:  23% (26/109)[K
[5.431s] remote: Counting objects:  24% (27/109)[K
[5.431s] remote: Counting objects:  25% (28/109)[K
[5.431s] remote: Counting objects:  26% (29/109)[K
[5.431s] remote: Counting objects:  27% (30/109)[K
[5.435s] remote: Counting objects:  28% (31/109)[K
[5.435s] remote: Counting objects:  29% (32/109)[K
[5.435s] remote: Counting objects:  30% (33/109)[K
[5.435s] remote: Counting objects:  31% (34/109)[K
[5.436s] remote: Counting objects:  32% (35/109)[K
[5.436s] remote: Counting objects:  33% (36/109)[K
[5.436s] remote: Counting objects:  34% (38/109)[K
[5.436s] remote: Counting objects:  35% (39/109)[K
[5.436s] remote: Counting objects:  36% (40/109)[K
[5.436s] remote: Counting objects:  37% (41/109)[K
[5.436s] remote: Counting objects:  38% (42/109)[K
[5.437s] remote: Counting objects:  39% (43/109)[K
[5.437s] remote: Counting objects:  40% (44/109)[K
[5.437s] remote: Counting objects:  41% (45/109)[K
[5.437s] remote: Counting objects:  42% (46/109)[K
[5.437s] remote: Counting objects:  43% (47/109)[K
[5.438s] remote: Counting objects:  44% (48/109)[K
[5.438s] remote: Counting objects:  45% (50/109)[K
[5.439s] remote: Counting objects:  46% (51/109)[K
[5.439s] remote: Counting objects:  47% (52/109)[K
[5.439s] remote: Counting objects:  48% (53/109)[K
[5.439s] remote: Counting objects:  49% (54/109)[K
[5.439s] remote: Counting objects:  50% (55/109)[K
[5.439s] remote: Counting objects:  51% (56/109)[K
[5.439s] remote: Counting objects:  52% (57/109)[K
[5.439s] remote: Counting objects:  53% (58/109)[K
[5.440s] remote: Counting objects:  54% (59/109)[K
[5.440s] remote: Counting objects:  55% (60/109)[K
[5.440s] remote: Counting objects:  56% (62/109)[K
[5.441s] remote: Counting objects:  57% (63/109)[K
[5.441s] remote: Counting objects:  58% (64/109)[K
[5.441s] remote: Counting objects:  59% (65/109)[K
[5.442s] remote: Counting objects:  60% (66/109)[K
[5.443s] remote: Counting objects:  61% (67/109)[K
[5.446s] remote: Counting objects:  62% (68/109)[K
[5.446s] remote: Counting objects:  63% (69/109)[K
[5.447s] remote: Counting objects:  64% (70/109)[K
[5.447s] remote: Counting objects:  65% (71/109)[K
[5.447s] remote: Counting objects:  66% (72/109)[K
[5.447s] remote: Counting objects:  67% (74/109)[K
[5.447s] remote: Counting objects:  68% (75/109)[K
[5.447s] remote: Counting objects:  69% (76/109)[K
[5.447s] remote: Counting objects:  70% (77/109)[K
[5.447s] remote: Counting objects:  71% (78/109)[K
[5.447s] remote: Counting objects:  72% (79/109)[K
[5.448s] remote: Counting objects:  73% (80/109)[K
[5.448s] remote: Counting objects:  74% (81/109)[K
[5.448s] remote: Counting objects:  75% (82/109)[K
[5.448s] remote: Counting objects:  76% (83/109)[K
[5.450s] remote: Counting objects:  77% (84/109)[K
[5.450s] remote: Counting objects:  78% (86/109)[K
[5.451s] remote: Counting objects:  79% (87/109)[K
[5.451s] remote: Counting objects:  80% (88/109)[K
[5.451s] remote: Counting objects:  81% (89/109)[K
[5.451s] remote: Counting objects:  82% (90/109)[K
[5.451s] remote: Counting objects:  83% (91/109)[K
[5.451s] remote: Counting objects:  84% (92/109)[K
[5.452s] remote: Counting objects:  85% (93/109)[K
[5.452s] remote: Counting objects:  86% (94/109)[K
[5.452s] remote: Counting objects:  87% (95/109)[K
[5.453s] remote: Counting objects:  88% (96/109)[K
[5.453s] remote: Counting objects:  89% (98/109)[K
[5.453s] remote: Counting objects:  90% (99/109)[K
[5.454s] remote: Counting objects:  91% (100/109)[K
[5.454s] remote: Counting objects:  92% (101/109)[K
[5.454s] remote: Counting objects:  93% (102/109)[K
[5.454s] remote: Counting objects:  94% (103/109)[K
[5.454s] remote: Counting objects:  95% (104/109)[K
[5.454s] remote: Counting objects:  96% (105/109)[K
[5.454s] remote: Counting objects:  97% (106/109)[K
[5.454s] remote: Counting objects:  98% (107/109)[K
[5.454s] remote: Counting objects:  99% (108/109)[K
[5.454s] remote: Counting objects: 100% (109/109)[K
[5.455s] remote: Counting objects: 100% (109/109), done.[K
[5.455s] remote: Compressing objects:   0% (1/102)[K
[5.455s] remote: Compressing objects:   1% (2/102)[K
[5.455s] remote: Compressing objects:   2% (3/102)[K
[5.455s] remote: Compressing objects:   3% (4/102)[K
[5.455s] remote: Compressing objects:   4% (5/102)[K
[5.455s] remote: Compressing objects:   5% (6/102)[K
[5.455s] remote: Compressing objects:   6% (7/102)[K
[5.455s] remote: Compressing objects:   7% (8/102)[K
[5.456s] remote: Compressing objects:   8% (9/102)[K
[5.456s] remote: Compressing objects:   9% (10/102)[K
[5.456s] remote: Compressing objects:  10% (11/102)[K
[5.456s] remote: Compressing objects:  11% (12/102)[K
[5.456s] remote: Compressing objects:  12% (13/102)[K
[5.457s] remote: Compressing objects:  13% (14/102)[K
[5.457s] remote: Compressing objects:  14% (15/102)[K
[5.457s] remote: Compressing objects:  15% (16/102)[K
[5.457s] remote: Compressing objects:  16% (17/102)[K
[5.457s] remote: Compressing objects:  17% (18/102)[K
[5.457s] remote: Compressing objects:  18% (19/102)[K
[5.457s] remote: Compressing objects:  19% (20/102)[K
[5.457s] remote: Compressing objects:  20% (21/102)[K
[5.457s] remote: Compressing objects:  21% (22/102)[K
[5.458s] remote: Compressing objects:  22% (23/102)[K
[5.458s] remote: Compressing objects:  23% (24/102)[K
[5.458s] remote: Compressing objects:  24% (25/102)[K
[5.459s] remote: Compressing objects:  25% (26/102)[K
[5.459s] remote: Compressing objects:  26% (27/102)[K
[5.459s] remote: Compressing objects:  27% (28/102)[K
[5.459s] remote: Compressing objects:  28% (29/102)[K
[5.459s] remote: Compressing objects:  29% (30/102)[K
[5.459s] remote: Compressing objects:  30% (31/102)[K
[5.459s] remote: Compressing objects:  31% (32/102)[K
[5.460s] remote: Compressing objects:  32% (33/102)[K
[5.460s] remote: Compressing objects:  33% (34/102)[K
[5.460s] remote: Compressing objects:  34% (35/102)[K
[5.460s] remote: Compressing objects:  35% (36/102)[K
[5.461s] remote: Compressing objects:  36% (37/102)[K
[5.461s] remote: Compressing objects:  37% (38/102)[K
[5.462s] remote: Compressing objects:  38% (39/102)[K
[5.462s] remote: Compressing objects:  39% (40/102)[K
[5.462s] remote: Compressing objects:  40% (41/102)[K
[5.462s] remote: Compressing objects:  41% (42/102)[K
[5.462s] remote: Compressing objects:  42% (43/102)[K
[5.462s] remote: Compressing objects:  43% (44/102)[K
[5.463s] remote: Compressing objects:  44% (45/102)[K
[5.463s] remote: Compressing objects:  45% (46/102)[K
[5.463s] remote: Compressing objects:  46% (47/102)[K
[5.463s] remote: Compressing objects:  47% (48/102)[K
[5.463s] remote: Compressing objects:  48% (49/102)[K
[5.463s] remote: Compressing objects:  49% (50/102)[K
[5.463s] remote: Compressing objects:  50% (51/102)[K
[5.463s] remote: Compressing objects:  51% (53/102)[K
[5.463s] remote: Compressing objects:  52% (54/102)[K
[5.463s] remote: Compressing objects:  53% (55/102)[K
[5.467s] remote: Compressing objects:  54% (56/102)[K
[5.468s] remote: Compressing objects:  55% (57/102)[K
[5.468s] remote: Compressing objects:  56% (58/102)[K
[5.468s] remote: Compressing objects:  57% (59/102)[K
[5.468s] remote: Compressing objects:  58% (60/102)[K
[5.468s] remote: Compressing objects:  59% (61/102)[K
[5.469s] remote: Compressing objects:  60% (62/102)[K
[5.469s] remote: Compressing objects:  61% (63/102)[K
[5.469s] remote: Compressing objects:  62% (64/102)[K
[5.469s] remote: Compressing objects:  63% (65/102)[K
[5.469s] remote: Compressing objects:  64% (66/102)[K
[5.469s] remote: Compressing objects:  65% (67/102)[K
[5.469s] remote: Compressing objects:  66% (68/102)[K
[5.469s] remote: Compressing objects:  67% (69/102)[K
[5.470s] remote: Compressing objects:  68% (70/102)[K
[5.470s] remote: Compressing objects:  69% (71/102)[K
[5.470s] remote: Compressing objects:  70% (72/102)[K
[5.470s] remote: Compressing objects:  71% (73/102)[K
[5.470s] remote: Compressing objects:  72% (74/102)[K
[5.471s] remote: Compressing objects:  73% (75/102)[K
[5.471s] remote: Compressing objects:  74% (76/102)[K
[5.471s] remote: Compressing objects:  75% (77/102)[K
[5.471s] remote: Compressing objects:  76% (78/102)[K
[5.471s] remote: Compressing objects:  77% (79/102)[K
[5.471s] remote: Compressing objects:  78% (80/102)[K
[5.471s] remote: Compressing objects:  79% (81/102)[K
[5.471s] remote: Compressing objects:  80% (82/102)[K
[5.471s] remote: Compressing objects:  81% (83/102)[K
[5.471s] remote: Compressing objects:  82% (84/102)[K
[5.471s] remote: Compressing objects:  83% (85/102)[K
[5.471s] remote: Compressing objects:  84% (86/102)[K
[5.472s] remote: Compressing objects:  85% (87/102)[K
[5.472s] remote: Compressing objects:  86% (88/102)[K
[5.472s] remote: Compressing objects:  87% (89/102)[K
[5.472s] remote: Compressing objects:  88% (90/102)[K
[5.472s] remote: Compressing objects:  89% (91/102)[K
[5.472s] remote: Compressing objects:  90% (92/102)[K
[5.472s] remote: Compressing objects:  91% (93/102)[K
[5.472s] remote: Compressing objects:  92% (94/102)[K
[5.472s] remote: Compressing objects:  93% (95/102)[K
[5.472s] remote: Compressing objects:  94% (96/102)[K
[5.472s] remote: Compressing objects:  95% (97/102)[K
[5.472s] remote: Compressing objects:  96% (98/102)[K
[5.473s] remote: Compressing objects:  97% (99/102)[K
[5.473s] remote: Compressing objects:  98% (100/102)[K
[5.473s] remote: Compressing objects:  99% (101/102)[K
[5.473s] remote: Compressing objects: 100% (102/102)[K
[5.473s] remote: Compressing objects: 100% (102/102), done.[K
[5.473s] 오브젝트를 받는 중:   0% (1/109)
[5.473s] 오브젝트를 받는 중:   1% (2/109)
[5.473s] 오브젝트를 받는 중:   2% (3/109)
[5.473s] 오브젝트를 받는 중:   3% (4/109)
[5.473s] 오브젝트를 받는 중:   4% (5/109)
[5.473s] 오브젝트를 받는 중:   5% (6/109)
[5.473s] 오브젝트를 받는 중:   6% (7/109)
[5.473s] 오브젝트를 받는 중:   7% (8/109)
[5.474s] 오브젝트를 받는 중:   8% (9/109)
[5.474s] 오브젝트를 받는 중:   9% (10/109)
[5.474s] 오브젝트를 받는 중:  10% (11/109)
[5.474s] 오브젝트를 받는 중:  11% (12/109)
[5.474s] 오브젝트를 받는 중:  12% (14/109)
[5.474s] 오브젝트를 받는 중:  13% (15/109)
[5.474s] 오브젝트를 받는 중:  14% (16/109)
[5.474s] 오브젝트를 받는 중:  15% (17/109)
[5.474s] 오브젝트를 받는 중:  16% (18/109)
[5.474s] 오브젝트를 받는 중:  17% (19/109)
[5.474s] 오브젝트를 받는 중:  18% (20/109)
[5.474s] 오브젝트를 받는 중:  19% (21/109)
[5.475s] 오브젝트를 받는 중:  20% (22/109)
[5.475s] 오브젝트를 받는 중:  21% (23/109)
[5.475s] 오브젝트를 받는 중:  22% (24/109)
[5.475s] 오브젝트를 받는 중:  23% (26/109)
[5.475s] 오브젝트를 받는 중:  24% (27/109)
[5.475s] 오브젝트를 받는 중:  25% (28/109)
[5.475s] 오브젝트를 받는 중:  26% (29/109)
[5.475s] 오브젝트를 받는 중:  27% (30/109)
[5.475s] 오브젝트를 받는 중:  28% (31/109)
[5.475s] 오브젝트를 받는 중:  29% (32/109)
[5.475s] 오브젝트를 받는 중:  30% (33/109)
[5.491s] 오브젝트를 받는 중:  31% (34/109)
[5.491s] 오브젝트를 받는 중:  32% (35/109)
[5.518s] 오브젝트를 받는 중:  33% (36/109)
[5.518s] 오브젝트를 받는 중:  34% (38/109)
[5.518s] 오브젝트를 받는 중:  35% (39/109)
[5.519s] 오브젝트를 받는 중:  36% (40/109)
[5.519s] 오브젝트를 받는 중:  37% (41/109)
[5.519s] 오브젝트를 받는 중:  38% (42/109)
[5.519s] 오브젝트를 받는 중:  39% (43/109)
[5.519s] 오브젝트를 받는 중:  40% (44/109)
[5.519s] 오브젝트를 받는 중:  41% (45/109)
[5.519s] 오브젝트를 받는 중:  42% (46/109)
[5.520s] 오브젝트를 받는 중:  43% (47/109)
[5.520s] 오브젝트를 받는 중:  44% (48/109)
[5.520s] 오브젝트를 받는 중:  45% (50/109)
[5.520s] 오브젝트를 받는 중:  46% (51/109)
[5.520s] 오브젝트를 받는 중:  47% (52/109)
[5.520s] 오브젝트를 받는 중:  48% (53/109)
[5.520s] 오브젝트를 받는 중:  49% (54/109)
[5.520s] 오브젝트를 받는 중:  50% (55/109)
[5.521s] 오브젝트를 받는 중:  51% (56/109)
[5.521s] 오브젝트를 받는 중:  52% (57/109)
[5.521s] 오브젝트를 받는 중:  53% (58/109)
[5.521s] 오브젝트를 받는 중:  54% (59/109)
[5.522s] 오브젝트를 받는 중:  55% (60/109)
[5.522s] 오브젝트를 받는 중:  56% (62/109)
[5.522s] 오브젝트를 받는 중:  57% (63/109)
[5.522s] 오브젝트를 받는 중:  58% (64/109)
[5.522s] 오브젝트를 받는 중:  59% (65/109)
[5.534s] 오브젝트를 받는 중:  60% (66/109)
[5.535s] 오브젝트를 받는 중:  61% (67/109)
[5.535s] 오브젝트를 받는 중:  62% (68/109)
[5.535s] 오브젝트를 받는 중:  63% (69/109)
[5.535s] 오브젝트를 받는 중:  64% (70/109)
[5.535s] 오브젝트를 받는 중:  65% (71/109)
[5.547s] 오브젝트를 받는 중:  66% (72/109)
[5.547s] 오브젝트를 받는 중:  67% (74/109)
[5.547s] 오브젝트를 받는 중:  68% (75/109)
[5.547s] 오브젝트를 받는 중:  69% (76/109)
[5.548s] 오브젝트를 받는 중:  70% (77/109)
[5.548s] 오브젝트를 받는 중:  71% (78/109)
[5.548s] 오브젝트를 받는 중:  72% (79/109)
[5.548s] 오브젝트를 받는 중:  73% (80/109)
[5.548s] 오브젝트를 받는 중:  74% (81/109)
[5.548s] 오브젝트를 받는 중:  75% (82/109)
[5.548s] 오브젝트를 받는 중:  76% (83/109)
[5.550s] 오브젝트를 받는 중:  77% (84/109)
[5.550s] 오브젝트를 받는 중:  78% (86/109)
[5.550s] 오브젝트를 받는 중:  79% (87/109)
[5.550s] 오브젝트를 받는 중:  80% (88/109)
[5.551s] 오브젝트를 받는 중:  81% (89/109)
[5.551s] 오브젝트를 받는 중:  82% (90/109)
[5.552s] 오브젝트를 받는 중:  83% (91/109)
[5.552s] 오브젝트를 받는 중:  84% (92/109)
[5.552s] 오브젝트를 받는 중:  85% (93/109)
[5.552s] 오브젝트를 받는 중:  86% (94/109)
[5.553s] 오브젝트를 받는 중:  87% (95/109)
[5.553s] 오브젝트를 받는 중:  88% (96/109)
[5.553s] 오브젝트를 받는 중:  89% (98/109)
[5.557s] 오브젝트를 받는 중:  90% (99/109)
[5.559s] remote: Total 109 (delta 5), reused 75 (delta 4), pack-reused 0 (from 0)[K
[5.559s] 오브젝트를 받는 중:  91% (100/109)
[5.559s] 오브젝트를 받는 중:  92% (101/109)
[5.560s] 오브젝트를 받는 중:  93% (102/109)
[5.560s] 오브젝트를 받는 중:  94% (103/109)
[5.560s] 오브젝트를 받는 중:  95% (104/109)
[5.561s] 오브젝트를 받는 중:  96% (105/109)
[5.577s] 오브젝트를 받는 중:  97% (106/109)
[5.577s] 오브젝트를 받는 중:  98% (107/109)
[5.577s] 오브젝트를 받는 중:  99% (108/109)
[5.577s] 오브젝트를 받는 중: 100% (109/109)
[5.578s] 오브젝트를 받는 중: 100% (109/109), 128.73 KiB | 1.43 MiB/s, 완료.
[5.578s] 델타를 알아내는 중:   0% (0/5)
[5.578s] 델타를 알아내는 중:  20% (1/5)
[5.578s] 델타를 알아내는 중:  40% (2/5)
[5.578s] 델타를 알아내는 중:  60% (3/5)
[5.578s] 델타를 알아내는 중:  80% (4/5)
[5.579s] 델타를 알아내는 중: 100% (5/5)
[5.579s] 델타를 알아내는 중: 100% (5/5), 완료.
[5.817s] 
[5.817s] Executing subproject [1mlibpisp[0m 
[5.817s] 
[5.827s] libpisp| Project name: [1mlibpisp[0m
[5.827s] libpisp| Project version: [1m1.5.0[0m
[5.827s] libpisp| C compiler for the host machine: [1mcc[0m (gcc 13.3.0 "cc (Ubuntu 13.3.0-6ubuntu2~24.04.1) 13.3.0")
[5.828s] libpisp| C linker for the host machine: [1mcc[0m ld.bfd 2.42
[5.828s] libpisp| C++ compiler for the host machine: [1mc++[0m (gcc 13.3.0 "c++ (Ubuntu 13.3.0-6ubuntu2~24.04.1) 13.3.0")
[5.828s] libpisp| C++ linker for the host machine: [1mc++[0m ld.bfd 2.42
[5.854s] libpisp| Configuring [1mpisp_build_config.h[0m using configuration
[5.880s] libpisp| Run-time dependency [1mnlohmann_json[0m found: [1;31mNO[0m (tried pkgconfig and cmake)
[5.880s] libpisp| Looking for a fallback subproject for the dependency [1mnlohmann_json[0m
[5.880s] libpisp| Using [1msubprojects/libpisp/subprojects/nlohmann_json.wrap[0m
[5.881s] libpisp| Downloading [1mnlohmann_json[0m source from [1mhttps://github.com/nlohmann/json/releases/download/v3.12.0/include.zip[0m
[6.506s] Download size: 309160
[6.604s] Downloading: ..........
[6.628s] 
[6.628s] Executing subproject [1mlibpisp:nlohmann_json[0m
[6.628s] 
[6.632s] nlohmann_json| Project name: [1mnlohmann_json[0m
[6.632s] nlohmann_json| Project version: [1m3.12.0[0m
[6.633s] nlohmann_json| C++ compiler for the host machine: [1mc++[0m (gcc 13.3.0 "c++ (Ubuntu 13.3.0-6ubuntu2~24.04.1) 13.3.0")
[6.633s] nlohmann_json| C++ linker for the host machine: [1mc++[0m ld.bfd 2.42
[6.637s] nlohmann_json| Build targets in project: [1m25[0m
[6.637s] nlohmann_json| Subproject [1mnlohmann_json[0m finished.
[6.638s] 
[6.638s] libpisp| Dependency [1mnlohmann_json[0m from subproject [1msubprojects/nlohmann_json-3.12.0[0m found: [1;32mYES[0m [36m3.12.0[0m
[6.639s] libpisp| Dependency [1mthreads[0m found: [1;32mYES[0m [36munknown[0m [1;34m(cached)[0m
[6.711s] libpisp| Library [1mdl[0m found: [1;32mYES[0m
[6.827s] libpisp| Run-time dependency [1mBoost[0m (found: log, log_setup, system, thread) found: [1;32mYES[0m [36m1.83.0[0m (/usr)
[6.844s] libpisp| Dependency [1mgstreamer-1.0[0m skipped: feature [1mgstreamer[0m disabled
[6.844s] libpisp| Dependency [1mgstreamer-base-1.0[0m skipped: feature [1mgstreamer[0m disabled
[6.844s] libpisp| Dependency [1mgstreamer-video-1.0[0m skipped: feature [1mgstreamer[0m disabled
[6.844s] libpisp| Dependency [1mgstreamer-allocators-1.0[0m skipped: feature [1mgstreamer[0m disabled
[6.845s] libpisp| Build targets in project: [1m27[0m
[6.845s] libpisp| Subproject [1mlibpisp[0m finished.
[6.845s] 
[6.845s] Dependency [1mlibpisp[0m from subproject [1msubprojects/libpisp[0m found: [1;32mYES[0m [36m1.5.0[0m
[6.947s] Run-time dependency [1mdl[0m found: [1;32mYES[0m
[6.961s] Run-time dependency [1mlibudev[0m found: [1;32mYES[0m [36m255[0m
[6.970s] Run-time dependency [1myaml-0.1[0m found: [1;32mYES[0m [36m0.2.5[0m
[6.988s] Run-time dependency [1mgnutls[0m found: [1;32mYES[0m [36m3.8.3[0m
[7.010s] Header "[1muchar.h[0m" has symbol "[1mmbrtoc16[0m" skipped: feature [1mandroid[0m disabled
[7.064s] Run-time dependency [1mtensorflow-lite[0m found: [1;31mNO[0m (tried pkgconfig and cmake)
[7.102s] Dependency [1mlibevent_pthreads[0m skipped: feature [1mcam[0m disabled
[7.102s] Dependency [1mlibevent_pthreads[0m skipped: feature [1mlc-compliance[0m disabled
[7.116s] Run-time dependency [1mlibtiff-4[0m found: [1;32mYES[0m [36m4.5.1[0m
[7.123s] Dependency [1mgtest[0m skipped: feature [1mlc-compliance[0m disabled
[7.136s] Dependency [1mqt6 (modules: Core, Gui, OpenGL, OpenGLWidgets, Widgets)[0m skipped: feature [1mqcam[0m disabled
[7.153s] Run-time dependency [1mglib-2.0[0m found: [1;32mYES[0m [36m2.80.0[0m
[7.168s] Run-time dependency [1mgstreamer-video-1.0[0m found: [1;32mYES[0m [36m1.24.2[0m
[7.187s] Run-time dependency [1mgstreamer-allocators-1.0[0m found: [1;32mYES[0m [36m1.24.2[0m
[7.248s] Program python3 found: [1;32mYES[0m (/usr/bin/python3)
[7.261s] Run-time dependency [1mpybind11[0m found: [1;32mYES[0m [36m2.11.1[0m
[7.286s] Run-time dependency [1mpython[0m found: [1;32mYES[0m [36m3.12[0m
[7.309s] Configuring [1mlibcamerify[0m using configuration
[7.324s] Program [1mdoxygen[0m skipped: feature [1mdocumentation[0m disabled
[7.325s] Program [1mdot[0m skipped: feature [1mdocumentation[0m disabled
[7.325s] Program [1msphinx-build-3 sphinx-build[0m skipped: feature [1mdocumentation[0m disabled
[7.344s] Configuring [1mconfig.h[0m using configuration
[7.657s] Build targets in project: [1m53[0m
[7.657s] 
[7.657s] libcamera [36m0.7.1[0m
[7.657s] 
[7.658s]   [1mVersions[0m
[7.658s]     Sources                  : 0.7.1+rpt20260609
[7.658s] 
[7.658s]   [1mPaths[0m
[7.658s]     LIBCAMERA_DATA_DIR       : "/home/seeno04/camera_ws/install/libcamera/share/libcamera"
[7.658s]     LIBCAMERA_SYSCONF_DIR    : "/home/seeno04/camera_ws/install/libcamera/etc/libcamera"
[7.658s]     IPA_PROXY_DIR            : "/home/seeno04/camera_ws/install/libcamera/libexec/libcamera"
[7.658s]     IPA_CONFIG_DIR           : "/home/seeno04/camera_ws/install/libcamera/etc/libcamera/ipa:/home/seeno04/camera_ws/install/libcamera/share/libcamera/ipa"
[7.658s]     IPA_MODULE_DIR           : "/home/seeno04/camera_ws/install/libcamera/lib/libcamera/ipa"
[7.658s] 
[7.659s]   [1mConfiguration[0m
[7.659s]     SoftISP support          : [1;31mNO[0m
[7.659s]     IPA modules signed with  : gnutls
[7.659s]     Enabled pipelines        : rpi/pisp
[7.659s]                                rpi/vc4
[7.659s]     Enabled IPA modules      : rpi/pisp
[7.659s]                                rpi/vc4
[7.659s]     Controls files           : control_ids_core.yaml
[7.659s]                                control_ids_debug.yaml
[7.659s]                                control_ids_draft.yaml
[7.659s]                                control_ids_rpi.yaml
[7.660s]     Properties files         : property_ids_draft.yaml
[7.660s]                                property_ids_core.yaml
[7.660s]     Hotplug support          : [1;32mYES[0m
[7.660s]     Tracing support          : [1;32mYES[0m
[7.660s]     Android support          : [1;31mNO[0m
[7.660s]     GStreamer support        : [1;32mYES[0m
[7.660s]     Python bindings          : [1;32mYES[0m
[7.660s]     V4L2 emulation support   : [1;32mYES[0m
[7.660s]     Unit tests               : [1;31mNO[0m
[7.660s] 
[7.660s]   [1mApplications[0m
[7.660s]     cam application          : [1;31mNO[0m
[7.661s]     cam options              :
[7.661s]     DNG output support       : [1;32mYES[0m
[7.661s]     qcam application         : [1;31mNO[0m
[7.661s]     lc-compliance application: [1;31mNO[0m
[7.661s] 
[7.661s]   [1mSubprojects[0m
[7.661s]     libpisp                  : [1;32mYES[0m
[7.661s]     nlohmann_json            : [1;32mYES[0m (from libpisp)
[7.661s] 
[7.661s]   [1mUser defined options[0m
[7.661s]     buildtype                : release
[7.661s]     libdir                   : lib
[7.662s]     prefix                   : /home/seeno04/camera_ws/install/libcamera
[7.662s] 
[7.710s] Found ninja-1.11.1 at /usr/bin/ninja
[8.107s] Invoked command in '/home/seeno04/camera_ws/build/libcamera' returned '0': DEBUGINFOD_URLS=https://debuginfod.ubuntu.com /usr/bin/meson setup --libdir=lib --prefix=/home/seeno04/camera_ws/install/libcamera --buildtype=release /home/seeno04/camera_ws/build/libcamera /home/seeno04/camera_ws/src/libcamera
[8.107s] Invoking command in '/home/seeno04/camera_ws/build/libcamera': DEBUGINFOD_URLS=https://debuginfod.ubuntu.com /usr/bin/meson compile
[8.431s] [1;32mINFO:[0m autodetecting backend as ninja
[8.437s] [1;32mINFO:[0m calculating backend command to run: /usr/bin/ninja
[8.449s] 
[8.451s] [0/264] Generating utils/codegen/ipc/mojom_templates with a custom command (wrapped by meson to set env)[K
[8.451s] [0/264] Compiling C object utils/ipu3/ipu3-pack.p/ipu3-pack.c.o[K
[8.455s] [0/264] Compiling C object utils/ipu3/ipu3-unpack.p/ipu3-unpack.c.o[K
[8.455s] [0/264] Generating include/libcamera/internal/tp_header with a custom command[K
[8.455s] [0/264] Generating include/libcamera/ipa/core_mojom_module with a custom command (wrapped by meson to set env)[K
[8.792s] [0/264] Generating include/libcamera/control_ids_rpi.yaml_h with a custom command (wrapped by meson to set env)[K
[8.793s] [1/264] Generating include/libcamera/internal/tp_header with a custom command[K
[8.883s] [1/264] Generating include/libcamera/property_ids_core.yaml_h with a custom command (wrapped by meson to set env)[K
[8.883s] [2/264] Compiling C object utils/ipu3/ipu3-unpack.p/ipu3-unpack.c.o[K
[8.889s] [2/264] Linking target utils/ipu3/ipu3-unpack[K
[8.890s] [3/264] Compiling C object utils/ipu3/ipu3-pack.p/ipu3-pack.c.o[K
[8.938s] [3/264] Linking target utils/ipu3/ipu3-pack[K
[8.939s] [4/264] Generating include/libcamera/ipa/core_mojom_module with a custom command (wrapped by meson to set env)[K
[9.001s] [4/264] Generating include/libcamera/ipa/raspberrypi_mojom_module with a custom command (wrapped by meson to set env)[K
[9.001s] [5/264] Linking target utils/ipu3/ipu3-pack[K
[9.074s] [5/264] Generating include/libcamera/formats_h with a custom command[K
[9.074s] [6/264] Linking target utils/ipu3/ipu3-unpack[K
[9.123s] [6/264] Generating src/ipa-priv-key with a custom command[K
[9.123s] [7/264] Generating include/libcamera/control_ids_rpi.yaml_h with a custom command (wrapped by meson to set env)[K
[9.282s] [7/264] Compiling C++ object src/libcamera/base/libcamera-base.so.0.7.1.p/bound_method.cpp.o[K
[9.283s] [8/264] Generating utils/codegen/ipc/mojom_templates with a custom command (wrapped by meson to set env)[K
[9.333s] [8/264] Generating include/libcamera/ipa/core_ipa_interface_h with a custom command (wrapped by meson to set env)[K
[9.333s] [9/264] Generating include/libcamera/property_ids_core.yaml_h with a custom command (wrapped by meson to set env)[K
[9.409s] [9/264] Generating include/libcamera/ipa/core_ipa_serializer_h with a custom command (wrapped by meson to set env)[K
[9.409s] [10/264] Generating include/libcamera/ipa/raspberrypi_mojom_module with a custom command (wrapped by meson to set env)[K
[9.554s] [10/264] Generating include/libcamera/ipa/raspberrypi_ipa_interface_h with a custom command (wrapped by meson to set env)[K
[9.557s] [11/264] Generating include/libcamera/formats_h with a custom command[K
[9.804s] [11/264] Generating include/libcamera/ipa/raspberrypi_ipa_serializer_h with a custom command (wrapped by meson to set env)[K
[9.804s] [12/264] Generating include/libcamera/ipa/raspberrypi_ipa_interface_h with a custom command (wrapped by meson to set env)[K
[9.871s] [12/264] Generating include/libcamera/ipa/raspberrypi_proxy_h with a custom command (wrapped by meson to set env)[K
[9.872s] [13/264] Generating include/libcamera/ipa/core_ipa_serializer_h with a custom command (wrapped by meson to set env)[K
[9.974s] [13/264] Generating include/libcamera/gen-header with a custom command[K
[9.978s] [14/264] Generating include/libcamera/ipa/core_ipa_interface_h with a custom command (wrapped by meson to set env)[K
[10.021s] [14/264] Compiling C++ object src/libcamera/base/libcamera-base.so.0.7.1.p/class.cpp.o[K
[10.022s] [15/264] Generating include/libcamera/gen-header with a custom command[K
[10.024s] [15/264] Compiling C++ object src/libcamera/base/libcamera-base.so.0.7.1.p/flags.cpp.o[K
[10.025s] [16/264] Generating include/libcamera/ipa/raspberrypi_ipa_serializer_h with a custom command (wrapped by meson to set env)[K
[10.199s] [16/264] Compiling C++ object src/libcamera/base/libcamera-base.so.0.7.1.p/object.cpp.o[K
[10.199s] [17/264] Compiling C++ object src/libcamera/base/libcamera-base.so.0.7.1.p/flags.cpp.o[K
[10.395s] [17/264] Compiling C++ object src/libcamera/base/libcamera-base.so.0.7.1.p/shared_fd.cpp.o[K
[10.395s] [18/264] Generating include/libcamera/ipa/raspberrypi_proxy_h with a custom command (wrapped by meson to set env)[K
[10.601s] [18/264] Compiling C++ object src/libcamera/base/libcamera-base.so.0.7.1.p/signal.cpp.o[K
[10.601s] [19/264] Generating src/ipa-priv-key with a custom command[K
[10.602s] ........+..+.........+...+......+++++++++++++++++++++++++++++++++++++++++++++++++++++++++++++++++*....+..+.........+++++++++++++++++++++++++++++++++++++++++++++++++++++++++++++++++*....+..+......+.......+..+.+............+........+.+......+.....+....+.....+.+.................+...+.......+........+....+..............+.+...+...........+.........+.+.........+..+......+.........+....+..+.........+.............+.....+...+...+............+.......+...+........+......+..........+...+...+.....+....+...+..+.........+....+...+...+..+++++++++++++++++++++++++++++++++++++++++++++++++++++++++++++++++
[10.602s] ..+..................+..+.......+.....+....+.....+.+...+...........+......+......+...+....+............+........+.+.....+.+......+.....+.......+...+++++++++++++++++++++++++++++++++++++++++++++++++++++++++++++++++*.+....+...........+.......+...+............+..+..........+........+.+.....+....+...+........+++++++++++++++++++++++++++++++++++++++++++++++++++++++++++++++++*.............+.+......+.....+...+.............+.................+......+......+.+........+......+.+.....+.............+............+..+...+...............+...+.+...........+.......+...........+......+.+...+............+.........+...+..+....+...........+....+..+....+.....+...+......+.........+...+....+...+...+........+.+........+......+....+..+.........+....+.................+...+.+.........+.....+.+............+..+..........+..+.+..................+..+.......+..+......+.........+......+............+............+......+.......+............+...+.....+.....................+.+...+...........+......+.+...+..+.........+...+...+............+.+..............+......+.+...+...+........+.........+.+.....+......+.+..+...+...+....+...+...+..+...+......+......+.........+....+......+++++++++++++++++++++++++++++++++++++++++++++++++++++++++++++++++
[10.602s] 
[12.162s] [19/264] Compiling C++ object src/libcamera/base/libcamera-base.so.0.7.1.p/unique_fd.cpp.o[K
[12.162s] [20/264] Compiling C++ object src/libcamera/base/libcamera-base.so.0.7.1.p/class.cpp.o[K
[14.862s] [20/264] Compiling C++ object src/libcamera/base/libcamera-base.so.0.7.1.p/backtrace.cpp.o[K
[14.862s] [21/264] Compiling C++ object src/libcamera/base/libcamera-base.so.0.7.1.p/signal.cpp.o[K
[15.599s] [21/264] Compiling C++ object src/libcamera/base/libcamera-base.so.0.7.1.p/event_dispatcher.cpp.o[K
[15.600s] [22/264] Compiling C++ object src/libcamera/base/libcamera-base.so.0.7.1.p/bound_method.cpp.o[K
[17.497s] [22/264] Compiling C++ object src/libcamera/base/libcamera-base.so.0.7.1.p/event_dispatcher_poll.cpp.o[K
[17.504s] [23/264] Compiling C++ object src/libcamera/base/libcamera-base.so.0.7.1.p/unique_fd.cpp.o[K
[17.647s] [23/264] Compiling C++ object src/libcamera/base/libcamera-base.so.0.7.1.p/event_notifier.cpp.o[K
[17.647s] [24/264] Compiling C++ object src/libcamera/base/libcamera-base.so.0.7.1.p/shared_fd.cpp.o[K
[19.220s] [24/264] Compiling C++ object src/libcamera/base/libcamera-base.so.0.7.1.p/file.cpp.o[K
[19.220s] [25/264] Compiling C++ object src/libcamera/base/libcamera-base.so.0.7.1.p/object.cpp.o[K
[20.267s] [25/264] Compiling C++ object src/libcamera/base/libcamera-base.so.0.7.1.p/log.cpp.o[K
[20.272s] [26/264] Compiling C++ object src/libcamera/base/libcamera-base.so.0.7.1.p/backtrace.cpp.o[K
[21.512s] [26/264] Compiling C++ object src/libcamera/base/libcamera-base.so.0.7.1.p/memfd.cpp.o[K
[21.515s] [27/264] Compiling C++ object src/libcamera/base/libcamera-base.so.0.7.1.p/event_dispatcher.cpp.o[K
[23.120s] [27/264] Compiling C++ object src/libcamera/base/libcamera-base.so.0.7.1.p/message.cpp.o[K
[23.120s] [28/264] Compiling C++ object src/libcamera/base/libcamera-base.so.0.7.1.p/event_dispatcher_poll.cpp.o[K
[24.101s] [28/264] Compiling C++ object src/libcamera/base/libcamera-base.so.0.7.1.p/mutex.cpp.o[K
[24.101s] [29/264] Compiling C++ object src/libcamera/base/libcamera-base.so.0.7.1.p/file.cpp.o[K
[25.696s] [29/264] Compiling C++ object src/libcamera/base/libcamera-base.so.0.7.1.p/semaphore.cpp.o[K
[25.696s] [30/264] Compiling C++ object src/libcamera/base/libcamera-base.so.0.7.1.p/event_notifier.cpp.o[K
[25.753s] [30/264] Compiling C++ object src/libcamera/base/libcamera-base.so.0.7.1.p/thread.cpp.o[K
[25.753s] [31/264] Compiling C++ object src/libcamera/base/libcamera-base.so.0.7.1.p/mutex.cpp.o[K
[26.463s] [31/264] Compiling C++ object src/libcamera/base/libcamera-base.so.0.7.1.p/timer.cpp.o[K
[26.463s] [32/264] Compiling C++ object src/libcamera/base/libcamera-base.so.0.7.1.p/message.cpp.o[K
[27.266s] [32/264] Compiling C++ object src/libcamera/base/libcamera-base.so.0.7.1.p/utils.cpp.o[K
[27.267s] [33/264] Compiling C++ object src/libcamera/base/libcamera-base.so.0.7.1.p/memfd.cpp.o[K
[27.272s] [33/264] Generating subprojects/libpisp/src/libpisp/backend/Default config to build dir with a custom command[K
[27.272s] [34/264] Generating subprojects/libpisp/src/libpisp/backend/Default config to build dir with a custom command[K
[27.527s] [34/264] Generating subprojects/libpisp/src/version.cpp with a custom command[K
[27.527s] [35/264] Compiling C++ object src/libcamera/base/libcamera-base.so.0.7.1.p/semaphore.cpp.o[K
[27.769s] [35/264] Compiling C++ object subprojects/libpisp/src/libpisp.so.1.5.0.p/libpisp_common_pisp_utils.cpp.o[K
[27.769s] [36/264] Generating subprojects/libpisp/src/version.cpp with a custom command[K
[29.463s] [36/264] Compiling C++ object subprojects/libpisp/src/libpisp.so.1.5.0.p/meson-generated_.._version.cpp.o[K
[29.469s] [37/264] Compiling C++ object subprojects/libpisp/src/libpisp.so.1.5.0.p/meson-generated_.._version.cpp.o[K
[30.808s] [37/264] Compiling C++ object subprojects/libpisp/src/libpisp.so.1.5.0.p/libpisp_common_pisp_logging.cpp.o[K
[30.812s] [38/264] Compiling C++ object src/libcamera/base/libcamera-base.so.0.7.1.p/log.cpp.o[K
[32.593s] [38/264] Compiling C++ object subprojects/libpisp/src/libpisp.so.1.5.0.p/libpisp_common_pisp_pwl.cpp.o[K
[32.594s] [39/264] Compiling C++ object src/libcamera/base/libcamera-base.so.0.7.1.p/utils.cpp.o[K
[33.931s] [39/264] Compiling C++ object subprojects/libpisp/src/libpisp.so.1.5.0.p/libpisp_variants_variant.cpp.o[K
[33.931s] [40/264] Compiling C++ object src/libcamera/base/libcamera-base.so.0.7.1.p/timer.cpp.o[K
[34.694s] [40/264] Compiling C++ object subprojects/libpisp/src/libpisp.so.1.5.0.p/libpisp_frontend_frontend.cpp.o[K
[34.701s] [41/264] Compiling C++ object subprojects/libpisp/src/libpisp.so.1.5.0.p/libpisp_variants_variant.cpp.o[K
[35.124s] [41/264] Compiling C++ object subprojects/libpisp/src/libpisp.so.1.5.0.p/libpisp_backend_backend.cpp.o[K
[35.124s] [42/264] Compiling C++ object src/libcamera/base/libcamera-base.so.0.7.1.p/thread.cpp.o[K
[35.655s] [42/264] Linking target src/libcamera/base/libcamera-base.so.0.7.1[K
[35.660s] [43/264] Linking target src/libcamera/base/libcamera-base.so.0.7.1[K
[35.975s] [43/264] Generating symbol file src/libcamera/base/libcamera-base.so.0.7.1.p/libcamera-base.so.0.7.1.symbols[K
[35.975s] [44/264] Compiling C++ object subprojects/libpisp/src/libpisp.so.1.5.0.p/libpisp_common_pisp_utils.cpp.o[K
[36.098s] [44/264] Compiling C++ object subprojects/libpisp/src/libpisp.so.1.5.0.p/libpisp_backend_backend_debug.cpp.o[K
[36.099s] [45/264] Generating symbol file src/libcamera/base/libcamera-base.so.0.7.1.p/libcamera-base.so.0.7.1.symbols[K
[40.258s] [45/264] Compiling C++ object subprojects/libpisp/src/libpisp.so.1.5.0.p/libpisp_backend_backend_default_config.cpp.o[K
[40.262s] [46/264] Compiling C++ object subprojects/libpisp/src/libpisp.so.1.5.0.p/libpisp_backend_backend.cpp.o[K
[40.380s] [46/264] Compiling C++ object subprojects/libpisp/src/libpisp.so.1.5.0.p/libpisp_backend_backend_prepare.cpp.o[K
[40.382s] [47/264] Compiling C++ object subprojects/libpisp/src/libpisp.so.1.5.0.p/libpisp_frontend_frontend.cpp.o[K
[41.618s] [47/264] Compiling C++ object subprojects/libpisp/src/libpisp.so.1.5.0.p/libpisp_backend_tiling_context_stage.cpp.o[K
[41.621s] [48/264] Compiling C++ object subprojects/libpisp/src/libpisp.so.1.5.0.p/libpisp_common_pisp_pwl.cpp.o[K
[50.859s] [48/264] Compiling C++ object subprojects/libpisp/src/libpisp.so.1.5.0.p/libpisp_backend_tiling_crop_stage.cpp.o[K
[50.869s] [49/264] Compiling C++ object subprojects/libpisp/src/libpisp.so.1.5.0.p/libpisp_common_pisp_logging.cpp.o[K
[53.366s] [49/264] Compiling C++ object subprojects/libpisp/src/libpisp.so.1.5.0.p/libpisp_backend_tiling_input_stage.cpp.o[K
[53.367s] [50/264] Compiling C++ object subprojects/libpisp/src/libpisp.so.1.5.0.p/libpisp_backend_tiling_context_stage.cpp.o[K
[56.856s] [50/264] Compiling C++ object subprojects/libpisp/src/libpisp.so.1.5.0.p/libpisp_backend_tiling_output_stage.cpp.o[K
[56.861s] [51/264] Compiling C++ object subprojects/libpisp/src/libpisp.so.1.5.0.p/libpisp_backend_tiling_crop_stage.cpp.o[K
[58.773s] [51/264] Compiling C++ object subprojects/libpisp/src/libpisp.so.1.5.0.p/libpisp_backend_tiling_pipeline.cpp.o[K
[58.774s] [52/264] Compiling C++ object subprojects/libpisp/src/libpisp.so.1.5.0.p/libpisp_backend_backend_prepare.cpp.o[K
[63.321s] [52/264] Compiling C++ object subprojects/libpisp/src/libpisp.so.1.5.0.p/libpisp_backend_tiling_pisp_tiling.cpp.o[K
[63.322s] [53/264] Compiling C++ object subprojects/libpisp/src/libpisp.so.1.5.0.p/libpisp_backend_backend_default_config.cpp.o[K
[63.509s] [53/264] Compiling C++ object subprojects/libpisp/src/libpisp.so.1.5.0.p/libpisp_backend_tiling_rescale_stage.cpp.o[K
[63.509s] [54/264] Compiling C++ object subprojects/libpisp/src/libpisp.so.1.5.0.p/libpisp_backend_backend_debug.cpp.o[K
[65.207s] [54/264] Compiling C++ object subprojects/libpisp/src/libpisp.so.1.5.0.p/libpisp_backend_tiling_split_stage.cpp.o[K
[65.209s] [55/264] Compiling C++ object subprojects/libpisp/src/libpisp.so.1.5.0.p/libpisp_backend_tiling_input_stage.cpp.o[K
[65.813s] [55/264] Compiling C++ object subprojects/libpisp/src/libpisp.so.1.5.0.p/libpisp_backend_tiling_stages.cpp.o[K
[65.819s] [56/264] Compiling C++ object subprojects/libpisp/src/libpisp.so.1.5.0.p/libpisp_backend_tiling_pipeline.cpp.o[K
[66.455s] [56/264] Compiling C++ object subprojects/libpisp/src/libpisp.so.1.5.0.p/helpers_backend_device.cpp.o[K
[66.463s] [57/264] Compiling C++ object subprojects/libpisp/src/libpisp.so.1.5.0.p/libpisp_backend_tiling_output_stage.cpp.o[K
[66.610s] [57/264] Compiling C++ object subprojects/libpisp/src/libpisp.so.1.5.0.p/helpers_buffer.cpp.o[K
[66.613s] [58/264] Compiling C++ object subprojects/libpisp/src/libpisp.so.1.5.0.p/libpisp_backend_tiling_pisp_tiling.cpp.o[K
[69.344s] [58/264] Compiling C++ object subprojects/libpisp/src/libpisp.so.1.5.0.p/helpers_media_device.cpp.o[K
[69.344s] [59/264] Compiling C++ object subprojects/libpisp/src/libpisp.so.1.5.0.p/helpers_buffer.cpp.o[K
[72.620s] [59/264] Compiling C++ object subprojects/libpisp/src/libpisp.so.1.5.0.p/helpers_v4l2_device.cpp.o[K
[72.624s] [60/264] Compiling C++ object subprojects/libpisp/src/libpisp.so.1.5.0.p/libpisp_backend_tiling_stages.cpp.o[K
[73.183s] [60/264] Generating src/libcamera/proxy/raspberrypi_proxy_cpp with a custom command (wrapped by meson to set env)[K
[73.183s] [61/264] Generating src/libcamera/proxy/raspberrypi_proxy_cpp with a custom command (wrapped by meson to set env)[K
[74.174s] [61/264] Generating src/libcamera/controls_ids_cpp with a custom command (wrapped by meson to set env)[K
[74.178s] [62/264] Generating src/libcamera/controls_ids_cpp with a custom command (wrapped by meson to set env)[K
[74.620s] [62/264] Generating src/libcamera/properties_ids_cpp with a custom command (wrapped by meson to set env)[K
[74.622s] [63/264] Generating src/libcamera/properties_ids_cpp with a custom command (wrapped by meson to set env)[K
[74.759s] [63/264] Generating src/libcamera/version.cpp with a custom command[K
[74.763s] [64/264] Compiling C++ object subprojects/libpisp/src/libpisp.so.1.5.0.p/libpisp_backend_tiling_rescale_stage.cpp.o[K
[74.887s] [64/264] Generating src/libcamera/ipa_pub_key_cpp with a custom command[K
[74.887s] [65/264] Generating src/libcamera/ipa_pub_key_cpp with a custom command[K
[74.891s] writing RSA key
[74.895s] 
[75.028s] [65/264] Generating src/libcamera/gen-shader-headers with a custom command[K
[75.029s] [66/264] Compiling C++ object subprojects/libpisp/src/libpisp.so.1.5.0.p/libpisp_backend_tiling_split_stage.cpp.o[K
[75.290s] [66/264] Generating src/libcamera/proxy/worker/raspberrypi_proxy_worker with a custom command (wrapped by meson to set env)[K
[75.295s] [67/264] Generating src/libcamera/gen-shader-headers with a custom command[K
[75.297s] [SHADER-GEN] bayer_1x_packed_frag
[75.297s] [SHADER-GEN] bayer_unpacked_frag
[75.301s] [SHADER-GEN] bayer_unpacked_vert
[75.301s] [SHADER-GEN] identity_vert
[75.302s] 
[75.337s] [67/264] Compiling C++ object src/libcamera/libcamera.so.0.7.1.p/meson-generated_.._control_ids.cpp.o[K
[75.337s] [68/264] Generating src/libcamera/version.cpp with a custom command[K
[75.851s] [68/264] Compiling C++ object src/libcamera/libcamera.so.0.7.1.p/meson-generated_.._property_ids.cpp.o[K
[75.855s] [69/264] Generating src/libcamera/proxy/worker/raspberrypi_proxy_worker with a custom command (wrapped by meson to set env)[K
[77.040s] [69/264] Compiling C++ object src/libcamera/libcamera.so.0.7.1.p/meson-generated_.._version.cpp.o[K
[77.040s] [70/264] Compiling C++ object subprojects/libpisp/src/libpisp.so.1.5.0.p/helpers_media_device.cpp.o[K
[79.223s] [70/264] Compiling C++ object src/libcamera/libcamera.so.0.7.1.p/meson-generated_.._proxy_raspberrypi_ipa_proxy.cpp.o[K
[79.231s] [71/264] Compiling C++ object src/libcamera/libcamera.so.0.7.1.p/meson-generated_.._property_ids.cpp.o[K
[79.517s] [71/264] Compiling C++ object src/libcamera/libcamera.so.0.7.1.p/meson-generated_.._ipa_pub_key.cpp.o[K
[79.517s] [72/264] Compiling C++ object subprojects/libpisp/src/libpisp.so.1.5.0.p/helpers_backend_device.cpp.o[K
[79.887s] [72/264] Compiling C++ object src/libcamera/libcamera.so.0.7.1.p/camera.cpp.o[K
[79.890s] [73/264] Compiling C++ object src/libcamera/libcamera.so.0.7.1.p/meson-generated_.._version.cpp.o[K
[82.281s] [73/264] Compiling C++ object src/libcamera/libcamera.so.0.7.1.p/camera_manager.cpp.o[K
[82.282s] [74/264] Compiling C++ object subprojects/libpisp/src/libpisp.so.1.5.0.p/helpers_v4l2_device.cpp.o[K
[82.934s] [74/264] Linking target subprojects/libpisp/src/libpisp.so.1.5.0[K
[82.937s] [75/264] Linking target subprojects/libpisp/src/libpisp.so.1.5.0[K
[83.557s] [75/264] Generating symbol file subprojects/libpisp/src/libpisp.so.1.5.0.p/libpisp.so.1.5.0.symbols[K
[83.557s] [76/264] Generating symbol file subprojects/libpisp/src/libpisp.so.1.5.0.p/libpisp.so.1.5.0.symbols[K
[85.661s] [76/264] Compiling C++ object src/libcamera/libcamera.so.0.7.1.p/color_space.cpp.o[K
[85.661s] [77/264] Compiling C++ object src/libcamera/libcamera.so.0.7.1.p/meson-generated_.._ipa_pub_key.cpp.o[K
[89.807s] [77/264] Compiling C++ object src/libcamera/libcamera.so.0.7.1.p/controls.cpp.o[K
[89.810s] [78/264] Compiling C++ object src/libcamera/libcamera.so.0.7.1.p/meson-generated_.._control_ids.cpp.o[K
[92.059s] [78/264] Compiling C++ object src/libcamera/libcamera.so.0.7.1.p/fence.cpp.o[K
[92.062s] [79/264] Compiling C++ object src/libcamera/libcamera.so.0.7.1.p/fence.cpp.o[K
[93.203s] [79/264] Compiling C++ object src/libcamera/libcamera.so.0.7.1.p/framebuffer.cpp.o[K
[93.204s] [80/264] Compiling C++ object src/libcamera/libcamera.so.0.7.1.p/color_space.cpp.o[K
[93.392s] [80/264] Compiling C++ object src/libcamera/libcamera.so.0.7.1.p/framebuffer_allocator.cpp.o[K
[93.392s] [81/264] Compiling C++ object src/libcamera/libcamera.so.0.7.1.p/camera.cpp.o[K
[94.341s] [81/264] Compiling C++ object src/libcamera/libcamera.so.0.7.1.p/geometry.cpp.o[K
[94.347s] [82/264] Compiling C++ object src/libcamera/libcamera.so.0.7.1.p/camera_manager.cpp.o[K
[96.455s] [82/264] Compiling C++ object src/libcamera/libcamera.so.0.7.1.p/orientation.cpp.o[K
[96.455s] [83/264] Compiling C++ object src/libcamera/libcamera.so.0.7.1.p/orientation.cpp.o[K
[96.878s] [83/264] Compiling C++ object src/libcamera/libcamera.so.0.7.1.p/pixel_format.cpp.o[K
[96.879s] [84/264] Compiling C++ object src/libcamera/libcamera.so.0.7.1.p/meson-generated_.._proxy_raspberrypi_ipa_proxy.cpp.o[K
[98.358s] [84/264] Compiling C++ object src/libcamera/libcamera.so.0.7.1.p/request.cpp.o[K
[98.361s] [85/264] Compiling C++ object src/libcamera/libcamera.so.0.7.1.p/controls.cpp.o[K
[99.032s] [85/264] Compiling C++ object src/libcamera/libcamera.so.0.7.1.p/stream.cpp.o[K
[99.033s] [86/264] Compiling C++ object src/libcamera/libcamera.so.0.7.1.p/framebuffer.cpp.o[K
[100.402s] [86/264] Compiling C++ object src/libcamera/libcamera.so.0.7.1.p/transform.cpp.o[K
[100.408s] [87/264] Compiling C++ object src/libcamera/libcamera.so.0.7.1.p/pixel_format.cpp.o[K
[100.603s] [87/264] Compiling C++ object src/libcamera/libcamera.so.0.7.1.p/bayer_format.cpp.o[K
[100.605s] [88/264] Compiling C++ object src/libcamera/libcamera.so.0.7.1.p/transform.cpp.o[K
[103.242s] [88/264] Compiling C++ object src/libcamera/libcamera.so.0.7.1.p/byte_stream_buffer.cpp.o[K
[103.242s] [89/264] Compiling C++ object src/libcamera/libcamera.so.0.7.1.p/geometry.cpp.o[K
[103.941s] [89/264] Compiling C++ object src/libcamera/libcamera.so.0.7.1.p/camera_controls.cpp.o[K
[103.941s] [90/264] Compiling C++ object src/libcamera/libcamera.so.0.7.1.p/request.cpp.o[K
[104.151s] [90/264] Compiling C++ object src/libcamera/libcamera.so.0.7.1.p/camera_lens.cpp.o[K
[104.151s] [91/264] Compiling C++ object src/libcamera/libcamera.so.0.7.1.p/framebuffer_allocator.cpp.o[K
[105.398s] [91/264] Compiling C++ object src/libcamera/libcamera.so.0.7.1.p/clock_recovery.cpp.o[K
[105.401s] [92/264] Compiling C++ object src/libcamera/libcamera.so.0.7.1.p/bayer_format.cpp.o[K
[107.554s] [92/264] Compiling C++ object src/libcamera/libcamera.so.0.7.1.p/control_serializer.cpp.o[K
[107.554s] [93/264] Compiling C++ object src/libcamera/libcamera.so.0.7.1.p/camera_controls.cpp.o[K
[108.098s] [93/264] Compiling C++ object src/libcamera/libcamera.so.0.7.1.p/control_validator.cpp.o[K
[108.098s] [94/264] Compiling C++ object src/libcamera/libcamera.so.0.7.1.p/stream.cpp.o[K
[108.156s] [94/264] Compiling C++ object src/libcamera/libcamera.so.0.7.1.p/converter.cpp.o[K
[108.156s] [95/264] Compiling C++ object src/libcamera/libcamera.so.0.7.1.p/byte_stream_buffer.cpp.o[K
[109.155s] [95/264] Compiling C++ object src/libcamera/libcamera.so.0.7.1.p/debug_controls.cpp.o[K
[109.157s] [96/264] Compiling C++ object src/libcamera/libcamera.so.0.7.1.p/control_validator.cpp.o[K
[111.077s] [96/264] Compiling C++ object src/libcamera/libcamera.so.0.7.1.p/delayed_controls.cpp.o[K
[111.080s] [97/264] Compiling C++ object src/libcamera/libcamera.so.0.7.1.p/clock_recovery.cpp.o[K
[113.736s] [97/264] Compiling C++ object src/libcamera/libcamera.so.0.7.1.p/device_enumerator.cpp.o[K
[113.741s] [98/264] Compiling C++ object src/libcamera/libcamera.so.0.7.1.p/camera_lens.cpp.o[K
[113.787s] [98/264] Compiling C++ object src/libcamera/libcamera.so.0.7.1.p/device_enumerator_sysfs.cpp.o[K
[113.788s] [99/264] Compiling C++ object src/libcamera/libcamera.so.0.7.1.p/control_serializer.cpp.o[K
[113.873s] [99/264] Compiling C++ object src/libcamera/libcamera.so.0.7.1.p/dma_buf_allocator.cpp.o[K
[113.874s] [100/264] Compiling C++ object src/libcamera/libcamera.so.0.7.1.p/debug_controls.cpp.o[K
[118.339s] [100/264] Compiling C++ object src/libcamera/libcamera.so.0.7.1.p/formats.cpp.o[K
[118.343s] [101/264] Compiling C++ object src/libcamera/libcamera.so.0.7.1.p/delayed_controls.cpp.o[K
[118.409s] [101/264] Compiling C++ object src/libcamera/libcamera.so.0.7.1.p/global_configuration.cpp.o[K
[118.409s] [102/264] Compiling C++ object src/libcamera/libcamera.so.0.7.1.p/converter.cpp.o[K
[118.538s] [102/264] Compiling C++ object src/libcamera/libcamera.so.0.7.1.p/ipa_controls.cpp.o[K
[118.543s] [103/264] Compiling C++ object src/libcamera/libcamera.so.0.7.1.p/ipa_controls.cpp.o[K
[119.713s] [103/264] Compiling C++ object src/libcamera/libcamera.so.0.7.1.p/ipa_data_serializer.cpp.o[K
[119.715s] [104/264] Compiling C++ object src/libcamera/libcamera.so.0.7.1.p/dma_buf_allocator.cpp.o[K
[119.762s] [104/264] Compiling C++ object src/libcamera/libcamera.so.0.7.1.p/ipa_interface.cpp.o[K
[119.767s] [105/264] Compiling C++ object src/libcamera/libcamera.so.0.7.1.p/ipa_interface.cpp.o[K
[121.374s] [105/264] Compiling C++ object src/libcamera/libcamera.so.0.7.1.p/ipa_manager.cpp.o[K
[121.374s] [106/264] Compiling C++ object src/libcamera/libcamera.so.0.7.1.p/device_enumerator_sysfs.cpp.o[K
[123.770s] [106/264] Compiling C++ object src/libcamera/libcamera.so.0.7.1.p/ipa_module.cpp.o[K
[123.772s] [107/264] Compiling C++ object src/libcamera/libcamera.so.0.7.1.p/device_enumerator.cpp.o[K
[124.660s] [107/264] Compiling C++ object src/libcamera/libcamera.so.0.7.1.p/ipa_proxy.cpp.o[K
[124.661s] [108/264] Compiling C++ object src/libcamera/libcamera.so.0.7.1.p/formats.cpp.o[K
[129.011s] [108/264] Compiling C++ object src/libcamera/libcamera.so.0.7.1.p/ipc_pipe.cpp.o[K
[129.012s] [109/264] Compiling C++ object src/libcamera/libcamera.so.0.7.1.p/ipa_data_serializer.cpp.o[K
[130.340s] [109/264] Compiling C++ object src/libcamera/libcamera.so.0.7.1.p/ipc_pipe_unixsocket.cpp.o[K
[130.340s] [110/264] Compiling C++ object src/libcamera/libcamera.so.0.7.1.p/global_configuration.cpp.o[K
[130.810s] [110/264] Compiling C++ object src/libcamera/libcamera.so.0.7.1.p/ipc_unixsocket.cpp.o[K
[130.813s] [111/264] Compiling C++ object src/libcamera/libcamera.so.0.7.1.p/ipa_module.cpp.o[K
[132.885s] [111/264] Compiling C++ object src/libcamera/libcamera.so.0.7.1.p/mapped_framebuffer.cpp.o[K
[132.890s] [112/264] Compiling C++ object src/libcamera/libcamera.so.0.7.1.p/ipa_manager.cpp.o[K
[133.146s] [112/264] Compiling C++ object src/libcamera/libcamera.so.0.7.1.p/matrix.cpp.o[K
[133.146s] [113/264] Compiling C++ object src/libcamera/libcamera.so.0.7.1.p/ipc_pipe.cpp.o[K
[133.937s] [113/264] Compiling C++ object src/libcamera/libcamera.so.0.7.1.p/media_device.cpp.o[K
[133.937s] [114/264] Compiling C++ object src/libcamera/libcamera.so.0.7.1.p/ipa_proxy.cpp.o[K
[135.581s] [114/264] Compiling C++ object src/libcamera/libcamera.so.0.7.1.p/media_object.cpp.o[K
[135.585s] [115/264] Compiling C++ object src/libcamera/libcamera.so.0.7.1.p/ipc_unixsocket.cpp.o[K
[137.586s] [115/264] Compiling C++ object src/libcamera/libcamera.so.0.7.1.p/media_pipeline.cpp.o[K
[137.588s] [116/264] Compiling C++ object src/libcamera/libcamera.so.0.7.1.p/ipc_pipe_unixsocket.cpp.o[K
[139.834s] [116/264] Compiling C++ object src/libcamera/libcamera.so.0.7.1.p/pipeline_handler.cpp.o[K
[139.834s] [117/264] Compiling C++ object src/libcamera/libcamera.so.0.7.1.p/matrix.cpp.o[K
[140.170s] [117/264] Compiling C++ object src/libcamera/libcamera.so.0.7.1.p/process.cpp.o[K
[140.171s] [118/264] Compiling C++ object src/libcamera/libcamera.so.0.7.1.p/mapped_framebuffer.cpp.o[K
[142.068s] [118/264] Compiling C++ object src/libcamera/libcamera.so.0.7.1.p/pub_key.cpp.o[K
[142.071s] [119/264] Compiling C++ object src/libcamera/libcamera.so.0.7.1.p/pub_key.cpp.o[K
[142.321s] [119/264] Compiling C++ object src/libcamera/libcamera.so.0.7.1.p/shared_mem_object.cpp.o[K
[142.324s] [120/264] Compiling C++ object src/libcamera/libcamera.so.0.7.1.p/media_object.cpp.o[K
[144.888s] [120/264] Compiling C++ object src/libcamera/libcamera.so.0.7.1.p/source_paths.cpp.o[K
[144.888s] [121/264] Compiling C++ object src/libcamera/libcamera.so.0.7.1.p/shared_mem_object.cpp.o[K
[145.260s] [121/264] Compiling C++ object src/libcamera/libcamera.so.0.7.1.p/sysfs.cpp.o[K
[145.260s] [122/264] Compiling C++ object src/libcamera/libcamera.so.0.7.1.p/media_pipeline.cpp.o[K
[147.007s] [122/264] Compiling C++ object src/libcamera/libcamera.so.0.7.1.p/v4l2_device.cpp.o[K
[147.010s] [123/264] Compiling C++ object src/libcamera/libcamera.so.0.7.1.p/source_paths.cpp.o[K
[148.077s] [123/264] Compiling C++ object src/libcamera/libcamera.so.0.7.1.p/v4l2_pixelformat.cpp.o[K
[148.078s] [124/264] Compiling C++ object src/libcamera/libcamera.so.0.7.1.p/process.cpp.o[K
[149.551s] [124/264] Compiling C++ object src/libcamera/libcamera.so.0.7.1.p/v4l2_request.cpp.o[K
[149.558s] [125/264] Compiling C++ object src/libcamera/libcamera.so.0.7.1.p/pipeline_handler.cpp.o[K
[149.661s] [125/264] Compiling C++ object src/libcamera/libcamera.so.0.7.1.p/v4l2_subdevice.cpp.o[K
[149.662s] [126/264] Compiling C++ object src/libcamera/libcamera.so.0.7.1.p/media_device.cpp.o[K
[153.019s] [126/264] Compiling C++ object src/libcamera/libcamera.so.0.7.1.p/v4l2_videodevice.cpp.o[K
[153.019s] [127/264] Compiling C++ object src/libcamera/libcamera.so.0.7.1.p/sysfs.cpp.o[K
[153.706s] [127/264] Compiling C++ object src/libcamera/libcamera.so.0.7.1.p/value_node.cpp.o[K
[153.710s] [128/264] Compiling C++ object src/libcamera/libcamera.so.0.7.1.p/v4l2_request.cpp.o[K
[156.511s] [128/264] Compiling C++ object src/libcamera/libcamera.so.0.7.1.p/vector.cpp.o[K
[156.512s] [129/264] Compiling C++ object src/libcamera/libcamera.so.0.7.1.p/v4l2_pixelformat.cpp.o[K
[159.878s] [129/264] Compiling C++ object src/libcamera/libcamera.so.0.7.1.p/yaml_parser.cpp.o[K
[159.878s] [130/264] Compiling C++ object src/libcamera/libcamera.so.0.7.1.p/vector.cpp.o[K
[161.332s] [130/264] Compiling C++ object src/libcamera/libcamera.so.0.7.1.p/converter_converter_dw100.cpp.o[K
[161.341s] [131/264] Compiling C++ object src/libcamera/libcamera.so.0.7.1.p/v4l2_device.cpp.o[K
[162.156s] [131/264] Compiling C++ object src/libcamera/libcamera.so.0.7.1.p/converter_converter_dw100_vertexmap.cpp.o[K
[162.162s] [132/264] Compiling C++ object src/libcamera/libcamera.so.0.7.1.p/yaml_parser.cpp.o[K
[164.879s] [132/264] Compiling C++ object src/libcamera/libcamera.so.0.7.1.p/converter_converter_v4l2_m2m.cpp.o[K
[164.879s] [133/264] Compiling C++ object src/libcamera/libcamera.so.0.7.1.p/value_node.cpp.o[K
[166.201s] [133/264] Compiling C++ object src/libcamera/libcamera.so.0.7.1.p/pipeline_rpi_common_delayed_controls.cpp.o[K
[166.201s] [134/264] Compiling C++ object src/libcamera/libcamera.so.0.7.1.p/v4l2_videodevice.cpp.o[K
[170.458s] [134/264] Compiling C++ object src/libcamera/libcamera.so.0.7.1.p/pipeline_rpi_common_pipeline_base.cpp.o[K
[170.458s] [135/264] Compiling C++ object src/libcamera/libcamera.so.0.7.1.p/converter_converter_dw100.cpp.o[K
[170.958s] [135/264] Compiling C++ object src/libcamera/libcamera.so.0.7.1.p/pipeline_rpi_common_rpi_stream.cpp.o[K
[170.958s] [136/264] Compiling C++ object src/libcamera/libcamera.so.0.7.1.p/converter_converter_dw100_vertexmap.cpp.o[K
[174.970s] [136/264] Compiling C++ object src/libcamera/libcamera.so.0.7.1.p/pipeline_rpi_pisp_pisp.cpp.o[K
[174.975s] [137/264] Compiling C++ object src/libcamera/libcamera.so.0.7.1.p/pipeline_rpi_common_delayed_controls.cpp.o[K
[175.860s] [137/264] Compiling C++ object src/libcamera/libcamera.so.0.7.1.p/pipeline_rpi_vc4_vc4.cpp.o[K
[175.860s] [138/264] Compiling C++ object src/libcamera/libcamera.so.0.7.1.p/converter_converter_v4l2_m2m.cpp.o[K
[176.329s] [138/264] Compiling C++ object src/libcamera/libcamera.so.0.7.1.p/sensor_camera_sensor.cpp.o[K
[176.332s] [139/264] Compiling C++ object src/libcamera/libcamera.so.0.7.1.p/v4l2_subdevice.cpp.o[K
[178.934s] [139/264] Compiling C++ object src/libcamera/libcamera.so.0.7.1.p/sensor_camera_sensor_legacy.cpp.o[K
[178.934s] [140/264] Compiling C++ object src/libcamera/libcamera.so.0.7.1.p/pipeline_rpi_common_rpi_stream.cpp.o[K
[181.664s] [140/264] Compiling C++ object src/libcamera/libcamera.so.0.7.1.p/sensor_camera_sensor_properties.cpp.o[K
[181.665s] [141/264] Compiling C++ object src/libcamera/libcamera.so.0.7.1.p/sensor_camera_sensor.cpp.o[K
[187.416s] [141/264] Compiling C++ object src/libcamera/libcamera.so.0.7.1.p/sensor_camera_sensor_raw.cpp.o[K
[187.416s] [142/264] Compiling C++ object src/libcamera/libcamera.so.0.7.1.p/sensor_camera_sensor_properties.cpp.o[K
[188.436s] [142/264] Compiling C++ object src/libcamera/libcamera.so.0.7.1.p/tracepoints.cpp.o[K
[188.438s] [143/264] Compiling C++ object src/libcamera/libcamera.so.0.7.1.p/pipeline_rpi_common_pipeline_base.cpp.o[K
[190.086s] [143/264] Compiling C++ object src/libcamera/libcamera.so.0.7.1.p/device_enumerator_udev.cpp.o[K
[190.088s] [144/264] Compiling C++ object src/libcamera/libcamera.so.0.7.1.p/sensor_camera_sensor_legacy.cpp.o[K
[192.420s] [144/264] Compiling C++ object src/libcamera/proxy/worker/raspberrypi_ipa_proxy.p/meson-generated_.._raspberrypi_ipa_proxy_worker.cpp.o[K
[192.422s] [145/264] Compiling C++ object src/libcamera/libcamera.so.0.7.1.p/sensor_camera_sensor_raw.cpp.o[K
[195.913s] [145/264] Compiling C++ object src/ipa/libipa/libipa.a.p/agc_mean_luminance.cpp.o[K
[195.913s] [146/264] Compiling C++ object src/libcamera/libcamera.so.0.7.1.p/tracepoints.cpp.o[K
[196.002s] [146/264] Compiling C++ object src/ipa/libipa/libipa.a.p/algorithm.cpp.o[K
[196.013s] [147/264] Compiling C++ object src/libcamera/libcamera.so.0.7.1.p/pipeline_rpi_pisp_pisp.cpp.o[K
[198.755s] [147/264] Compiling C++ object src/ipa/libipa/libipa.a.p/awb_bayes.cpp.o[K
[198.760s] [148/264] Compiling C++ object src/libcamera/libcamera.so.0.7.1.p/pipeline_rpi_vc4_vc4.cpp.o[K
[200.216s] [148/264] Compiling C++ object src/ipa/libipa/libipa.a.p/awb_grey.cpp.o[K
[200.219s] [149/264] Compiling C++ object src/ipa/libipa/libipa.a.p/algorithm.cpp.o[K
[202.029s] [149/264] Compiling C++ object src/ipa/libipa/libipa.a.p/awb.cpp.o[K
[202.034s] [150/264] Compiling C++ object src/libcamera/libcamera.so.0.7.1.p/device_enumerator_udev.cpp.o[K
[202.927s] [150/264] Linking target src/libcamera/libcamera.so.0.7.1[K
[202.928s] [151/264] Linking target src/libcamera/libcamera.so.0.7.1[K
[203.199s] [151/264] Generating symbol file src/libcamera/libcamera.so.0.7.1.p/libcamera.so.0.7.1.symbols[K
[203.200s] [152/264] Compiling C++ object src/ipa/libipa/libipa.a.p/awb_bayes.cpp.o[K
[203.520s] [152/264] Compiling C++ object src/ipa/libipa/libipa.a.p/camera_sensor_helper.cpp.o[K
[203.521s] [153/264] Generating symbol file src/libcamera/libcamera.so.0.7.1.p/libcamera.so.0.7.1.symbols[K
[205.654s] [153/264] Compiling C++ object src/ipa/libipa/libipa.a.p/colours.cpp.o[K
[205.655s] [154/264] Compiling C++ object src/ipa/libipa/libipa.a.p/awb_grey.cpp.o[K
[205.916s] [154/264] Compiling C++ object src/ipa/libipa/libipa.a.p/exposure_mode_helper.cpp.o[K
[205.916s] [155/264] Compiling C++ object src/ipa/libipa/libipa.a.p/agc_mean_luminance.cpp.o[K
[209.761s] [155/264] Compiling C++ object src/ipa/libipa/libipa.a.p/fc_queue.cpp.o[K
[209.761s] [156/264] Compiling C++ object src/ipa/libipa/libipa.a.p/fc_queue.cpp.o[K
[209.784s] [156/264] Compiling C++ object src/ipa/libipa/libipa.a.p/fixedpoint.cpp.o[K
[209.785s] [157/264] Compiling C++ object src/ipa/libipa/libipa.a.p/awb.cpp.o[K
[210.862s] [157/264] Compiling C++ object src/ipa/libipa/libipa.a.p/histogram.cpp.o[K
[210.866s] [158/264] Compiling C++ object src/ipa/libipa/libipa.a.p/colours.cpp.o[K
[213.726s] [158/264] Compiling C++ object src/ipa/libipa/libipa.a.p/interpolator.cpp.o[K
[213.729s] [159/264] Compiling C++ object src/ipa/libipa/libipa.a.p/camera_sensor_helper.cpp.o[K
[213.916s] [159/264] Compiling C++ object src/ipa/libipa/libipa.a.p/lsc_polynomial.cpp.o[K
[213.916s] [160/264] Compiling C++ object src/ipa/libipa/libipa.a.p/exposure_mode_helper.cpp.o[K
[214.279s] [160/264] Compiling C++ object src/ipa/libipa/libipa.a.p/lux.cpp.o[K
[214.283s] [161/264] Compiling C++ object src/libcamera/proxy/worker/raspberrypi_ipa_proxy.p/meson-generated_.._raspberrypi_ipa_proxy_worker.cpp.o[K
[214.750s] [161/264] Linking target src/libcamera/proxy/worker/raspberrypi_ipa_proxy[K
[214.751s] [162/264] Linking target src/libcamera/proxy/worker/raspberrypi_ipa_proxy[K
[216.480s] [162/264] Compiling C++ object src/ipa/libipa/libipa.a.p/module.cpp.o[K
[216.482s] [163/264] Compiling C++ object src/ipa/libipa/libipa.a.p/interpolator.cpp.o[K
[217.865s] [163/264] Compiling C++ object src/ipa/libipa/libipa.a.p/pwl.cpp.o[K
[217.867s] [164/264] Compiling C++ object src/ipa/libipa/libipa.a.p/fixedpoint.cpp.o[K
[218.097s] [164/264] Compiling C++ object src/ipa/libipa/libipa.a.p/quantized.cpp.o[K
[218.101s] [165/264] Compiling C++ object src/ipa/libipa/libipa.a.p/histogram.cpp.o[K
[219.835s] [165/264] Compiling C++ object src/ipa/libipa/libipa.a.p/v4l2_params.cpp.o[K
[219.835s] [166/264] Compiling C++ object src/ipa/libipa/libipa.a.p/lsc_polynomial.cpp.o[K
[221.397s] [166/264] Compiling C++ object src/ipa/rpi/cam_helper/librpi_ipa_cam_helper.a.p/cam_helper.cpp.o[K
[221.398s] [167/264] Compiling C++ object src/ipa/libipa/libipa.a.p/module.cpp.o[K
[222.746s] [167/264] Compiling C++ object src/ipa/rpi/cam_helper/librpi_ipa_cam_helper.a.p/cam_helper_ov5647.cpp.o[K
[222.748s] [168/264] Compiling C++ object src/ipa/libipa/libipa.a.p/lux.cpp.o[K
[224.912s] [168/264] Compiling C++ object src/ipa/rpi/cam_helper/librpi_ipa_cam_helper.a.p/cam_helper_imx219.cpp.o[K
[224.921s] [169/264] Compiling C++ object src/ipa/libipa/libipa.a.p/quantized.cpp.o[K
[226.022s] [169/264] Compiling C++ object src/ipa/rpi/cam_helper/librpi_ipa_cam_helper.a.p/cam_helper_imx283.cpp.o[K
[226.022s] [170/264] Compiling C++ object src/ipa/rpi/cam_helper/librpi_ipa_cam_helper.a.p/cam_helper.cpp.o[K
[226.523s] [170/264] Compiling C++ object src/ipa/rpi/cam_helper/librpi_ipa_cam_helper.a.p/cam_helper_imx290.cpp.o[K
[226.529s] [171/264] Compiling C++ object src/ipa/libipa/libipa.a.p/v4l2_params.cpp.o[K
[226.757s] [171/264] Compiling C++ object src/ipa/rpi/cam_helper/librpi_ipa_cam_helper.a.p/cam_helper_imx296.cpp.o[K
[226.762s] [172/264] Compiling C++ object src/ipa/libipa/libipa.a.p/pwl.cpp.o[K
[226.804s] [172/264] Linking static target src/ipa/libipa/libipa.a[K
[226.805s] [173/264] Linking static target src/ipa/libipa/libipa.a[K
[230.593s] [173/264] Compiling C++ object src/ipa/rpi/cam_helper/librpi_ipa_cam_helper.a.p/cam_helper_imx415.cpp.o[K
[230.593s] [174/264] Compiling C++ object src/ipa/rpi/cam_helper/librpi_ipa_cam_helper.a.p/cam_helper_ov5647.cpp.o[K
[231.043s] [174/264] Compiling C++ object src/ipa/rpi/cam_helper/librpi_ipa_cam_helper.a.p/cam_helper_imx477.cpp.o[K
[231.047s] [175/264] Compiling C++ object src/ipa/rpi/cam_helper/librpi_ipa_cam_helper.a.p/cam_helper_imx283.cpp.o[K
[231.141s] [175/264] Compiling C++ object src/ipa/rpi/cam_helper/librpi_ipa_cam_helper.a.p/cam_helper_imx500.cpp.o[K
[231.144s] [176/264] Compiling C++ object src/ipa/rpi/cam_helper/librpi_ipa_cam_helper.a.p/cam_helper_imx219.cpp.o[K
[231.953s] [176/264] Compiling C++ object src/ipa/rpi/cam_helper/librpi_ipa_cam_helper.a.p/cam_helper_imx519.cpp.o[K
[231.953s] [177/264] Compiling C++ object src/ipa/rpi/cam_helper/librpi_ipa_cam_helper.a.p/cam_helper_imx290.cpp.o[K
[235.775s] [177/264] Compiling C++ object src/ipa/rpi/cam_helper/librpi_ipa_cam_helper.a.p/cam_helper_imx708.cpp.o[K
[235.780s] [178/264] Compiling C++ object src/ipa/rpi/cam_helper/librpi_ipa_cam_helper.a.p/cam_helper_imx296.cpp.o[K
[235.782s] [178/264] Compiling C++ object src/ipa/rpi/cam_helper/librpi_ipa_cam_helper.a.p/cam_helper_ov64a40.cpp.o[K
[235.784s] [179/264] Compiling C++ object src/ipa/rpi/cam_helper/librpi_ipa_cam_helper.a.p/cam_helper_imx415.cpp.o[K
[238.680s] [179/264] Compiling C++ object src/ipa/rpi/cam_helper/librpi_ipa_cam_helper.a.p/cam_helper_ov7251.cpp.o[K
[238.680s] [180/264] Compiling C++ object src/ipa/rpi/cam_helper/librpi_ipa_cam_helper.a.p/cam_helper_imx477.cpp.o[K
[241.539s] [180/264] Compiling C++ object src/ipa/rpi/cam_helper/librpi_ipa_cam_helper.a.p/cam_helper_ov9281.cpp.o[K
[241.543s] [181/264] Compiling C++ object src/ipa/rpi/cam_helper/librpi_ipa_cam_helper.a.p/cam_helper_imx500.cpp.o[K
[242.055s] [181/264] Compiling C++ object src/ipa/rpi/cam_helper/librpi_ipa_cam_helper.a.p/cam_helper_vd55g1.cpp.o[K
[242.056s] [182/264] Compiling C++ object src/ipa/rpi/cam_helper/librpi_ipa_cam_helper.a.p/cam_helper_imx519.cpp.o[K
[243.075s] [182/264] Compiling C++ object src/ipa/rpi/cam_helper/librpi_ipa_cam_helper.a.p/cam_helper_vd56g3.cpp.o[K
[243.079s] [183/264] Compiling C++ object src/ipa/rpi/cam_helper/librpi_ipa_cam_helper.a.p/cam_helper_ov7251.cpp.o[K
[243.229s] [183/264] Compiling C++ object src/ipa/rpi/cam_helper/librpi_ipa_cam_helper.a.p/md_parser_smia.cpp.o[K
[243.230s] [184/264] Compiling C++ object src/ipa/rpi/cam_helper/librpi_ipa_cam_helper.a.p/cam_helper_ov9281.cpp.o[K
[244.084s] [184/264] Compiling C++ object src/ipa/rpi/cam_helper/librpi_ipa_cam_helper.a.p/imx500_tensor_parser_imx500_tensor_parser.cpp.o[K
[244.084s] [185/264] Compiling C++ object src/ipa/rpi/cam_helper/librpi_ipa_cam_helper.a.p/cam_helper_imx708.cpp.o[K
[244.162s] [185/264] Compiling C++ object src/ipa/rpi/common/librpi_ipa_common.a.p/ipa_base.cpp.o[K
[244.165s] [186/264] Compiling C++ object src/ipa/rpi/cam_helper/librpi_ipa_cam_helper.a.p/cam_helper_ov64a40.cpp.o[K
[248.476s] [186/264] Compiling C++ object src/ipa/rpi/controller/librpi_ipa_controller.a.p/algorithm.cpp.o[K
[248.477s] [187/264] Compiling C++ object src/ipa/rpi/cam_helper/librpi_ipa_cam_helper.a.p/cam_helper_vd56g3.cpp.o[K
[250.005s] [187/264] Compiling C++ object src/ipa/rpi/controller/librpi_ipa_controller.a.p/controller.cpp.o[K
[250.013s] [188/264] Compiling C++ object src/ipa/rpi/controller/librpi_ipa_controller.a.p/algorithm.cpp.o[K
[251.067s] [188/264] Compiling C++ object src/ipa/rpi/controller/librpi_ipa_controller.a.p/device_status.cpp.o[K
[251.072s] [189/264] Compiling C++ object src/ipa/rpi/cam_helper/librpi_ipa_cam_helper.a.p/cam_helper_vd55g1.cpp.o[K
[252.237s] [189/264] Compiling C++ object src/ipa/rpi/controller/librpi_ipa_controller.a.p/histogram.cpp.o[K
[252.238s] [190/264] Compiling C++ object src/ipa/rpi/cam_helper/librpi_ipa_cam_helper.a.p/md_parser_smia.cpp.o[K
[252.866s] [190/264] Compiling C++ object src/ipa/rpi/controller/librpi_ipa_controller.a.p/rpi_af.cpp.o[K
[252.867s] [191/264] Compiling C++ object src/ipa/rpi/controller/librpi_ipa_controller.a.p/histogram.cpp.o[K
[254.239s] [191/264] Compiling C++ object src/ipa/rpi/controller/librpi_ipa_controller.a.p/rpi_agc.cpp.o[K
[254.240s] [192/264] Compiling C++ object src/ipa/rpi/controller/librpi_ipa_controller.a.p/controller.cpp.o[K
[256.760s] [192/264] Compiling C++ object src/ipa/rpi/controller/librpi_ipa_controller.a.p/rpi_agc_channel.cpp.o[K
[256.761s] [193/264] Compiling C++ object src/ipa/rpi/controller/librpi_ipa_controller.a.p/device_status.cpp.o[K
[261.198s] [193/264] Compiling C++ object src/ipa/rpi/controller/librpi_ipa_controller.a.p/rpi_alsc.cpp.o[K
[261.198s] [194/264] Compiling C++ object src/ipa/rpi/controller/librpi_ipa_controller.a.p/rpi_af.cpp.o[K
[261.840s] [194/264] Compiling C++ object src/ipa/rpi/controller/librpi_ipa_controller.a.p/rpi_awb.cpp.o[K
[261.841s] [195/264] Compiling C++ object src/ipa/rpi/cam_helper/librpi_ipa_cam_helper.a.p/imx500_tensor_parser_imx500_tensor_parser.cpp.o[K
[261.881s] [195/264] Linking static target src/ipa/rpi/cam_helper/librpi_ipa_cam_helper.a[K
[261.882s] [196/264] Linking static target src/ipa/rpi/cam_helper/librpi_ipa_cam_helper.a[K
[264.441s] [196/264] Compiling C++ object src/ipa/rpi/controller/librpi_ipa_controller.a.p/rpi_awb_bayes.cpp.o[K
[264.443s] [197/264] Compiling C++ object src/ipa/rpi/controller/librpi_ipa_controller.a.p/rpi_agc.cpp.o[K
[268.592s] [197/264] Compiling C++ object src/ipa/rpi/controller/librpi_ipa_controller.a.p/rpi_black_level.cpp.o[K
[268.593s] [198/264] Compiling C++ object src/ipa/rpi/controller/librpi_ipa_controller.a.p/rpi_agc_channel.cpp.o[K
[270.257s] [198/264] Compiling C++ object src/ipa/rpi/controller/librpi_ipa_controller.a.p/rpi_cac.cpp.o[K
[270.257s] [199/264] Compiling C++ object src/ipa/rpi/controller/librpi_ipa_controller.a.p/rpi_alsc.cpp.o[K
[271.953s] [199/264] Compiling C++ object src/ipa/rpi/controller/librpi_ipa_controller.a.p/rpi_ccm.cpp.o[K
[271.954s] [200/264] Compiling C++ object src/ipa/rpi/controller/librpi_ipa_controller.a.p/rpi_black_level.cpp.o[K
[272.275s] [200/264] Compiling C++ object src/ipa/rpi/controller/librpi_ipa_controller.a.p/rpi_contrast.cpp.o[K
[272.275s] [201/264] Compiling C++ object src/ipa/rpi/common/librpi_ipa_common.a.p/ipa_base.cpp.o[K
[272.301s] [201/264] Linking static target src/ipa/rpi/common/librpi_ipa_common.a[K
[272.301s] [202/264] Linking static target src/ipa/rpi/common/librpi_ipa_common.a[K
[272.685s] [202/264] Compiling C++ object src/ipa/rpi/controller/librpi_ipa_controller.a.p/rpi_decompand.cpp.o[K
[272.686s] [203/264] Compiling C++ object src/ipa/rpi/controller/librpi_ipa_controller.a.p/rpi_awb_bayes.cpp.o[K
[275.641s] [203/264] Compiling C++ object src/ipa/rpi/controller/librpi_ipa_controller.a.p/rpi_denoise.cpp.o[K
[275.644s] [204/264] Compiling C++ object src/ipa/rpi/controller/librpi_ipa_controller.a.p/rpi_awb.cpp.o[K
[276.888s] [204/264] Compiling C++ object src/ipa/rpi/controller/librpi_ipa_controller.a.p/rpi_dpc.cpp.o[K
[276.888s] [205/264] Compiling C++ object src/ipa/rpi/controller/librpi_ipa_controller.a.p/rpi_ccm.cpp.o[K
[277.495s] [205/264] Compiling C++ object src/ipa/rpi/controller/librpi_ipa_controller.a.p/rpi_geq.cpp.o[K
[277.496s] [206/264] Compiling C++ object src/ipa/rpi/controller/librpi_ipa_controller.a.p/rpi_cac.cpp.o[K
[281.554s] [206/264] Compiling C++ object src/ipa/rpi/controller/librpi_ipa_controller.a.p/rpi_hdr.cpp.o[K
[281.555s] [207/264] Compiling C++ object src/ipa/rpi/controller/librpi_ipa_controller.a.p/rpi_contrast.cpp.o[K
[282.703s] [207/264] Compiling C++ object src/ipa/rpi/controller/librpi_ipa_controller.a.p/rpi_lux.cpp.o[K
[282.703s] [208/264] Compiling C++ object src/ipa/rpi/controller/librpi_ipa_controller.a.p/rpi_decompand.cpp.o[K
[283.026s] [208/264] Compiling C++ object src/ipa/rpi/controller/librpi_ipa_controller.a.p/rpi_noise.cpp.o[K
[283.026s] [209/264] Compiling C++ object src/ipa/rpi/controller/librpi_ipa_controller.a.p/rpi_denoise.cpp.o[K
[283.350s] [209/264] Compiling C++ object src/ipa/rpi/controller/librpi_ipa_controller.a.p/rpi_saturation.cpp.o[K
[283.351s] [210/264] Compiling C++ object src/ipa/rpi/controller/librpi_ipa_controller.a.p/rpi_dpc.cpp.o[K
[286.212s] [210/264] Compiling C++ object src/ipa/rpi/controller/librpi_ipa_controller.a.p/rpi_sdn.cpp.o[K
[286.213s] [211/264] Compiling C++ object src/ipa/rpi/controller/librpi_ipa_controller.a.p/rpi_geq.cpp.o[K
[288.459s] [211/264] Compiling C++ object src/ipa/rpi/controller/librpi_ipa_controller.a.p/rpi_sharpen.cpp.o[K
[288.460s] [212/264] Compiling C++ object src/ipa/rpi/controller/librpi_ipa_controller.a.p/rpi_sdn.cpp.o[K
[290.365s] [212/264] Compiling C++ object src/ipa/rpi/controller/librpi_ipa_controller.a.p/rpi_sync.cpp.o[K
[290.370s] [213/264] Compiling C++ object src/ipa/rpi/controller/librpi_ipa_controller.a.p/rpi_saturation.cpp.o[K
[290.639s] [213/264] Compiling C++ object src/ipa/rpi/controller/librpi_ipa_controller.a.p/rpi_tonemap.cpp.o[K
[290.641s] [214/264] Compiling C++ object src/ipa/rpi/controller/librpi_ipa_controller.a.p/rpi_lux.cpp.o[K
[291.547s] [214/264] Compiling C++ object src/ipa/rpi/pisp/ipa_rpi_pisp.so.p/pisp.cpp.o[K
[291.550s] [215/264] Compiling C++ object src/ipa/rpi/controller/librpi_ipa_controller.a.p/rpi_hdr.cpp.o[K
[291.852s] [215/264] Compiling C++ object src/ipa/rpi/vc4/ipa_rpi_vc4.so.p/vc4.cpp.o[K
[291.853s] [216/264] Compiling C++ object src/ipa/rpi/controller/librpi_ipa_controller.a.p/rpi_noise.cpp.o[K
[295.031s] [216/264] Compiling C++ object src/apps/common/libapps.a.p/image.cpp.o[K
[295.031s] [217/264] Compiling C++ object src/ipa/rpi/controller/librpi_ipa_controller.a.p/rpi_sharpen.cpp.o[K
[296.087s] [217/264] Compiling C++ object src/apps/common/libapps.a.p/options.cpp.o[K
[296.088s] [218/264] Compiling C++ object src/ipa/rpi/controller/librpi_ipa_controller.a.p/rpi_sync.cpp.o[K
[296.310s] [218/264] Compiling C++ object src/apps/common/libapps.a.p/ppm_writer.cpp.o[K
[296.311s] [219/264] Compiling C++ object src/apps/common/libapps.a.p/image.cpp.o[K
[297.021s] [219/264] Compiling C++ object src/apps/common/libapps.a.p/stream_options.cpp.o[K
[297.021s] [220/264] Compiling C++ object src/ipa/rpi/controller/librpi_ipa_controller.a.p/rpi_tonemap.cpp.o[K
[297.048s] [220/264] Linking static target src/ipa/rpi/controller/librpi_ipa_controller.a[K
[297.048s] [221/264] Linking static target src/ipa/rpi/controller/librpi_ipa_controller.a[K
[299.410s] [221/264] Compiling C++ object src/apps/common/libapps.a.p/dng_writer.cpp.o[K
[299.413s] [222/264] Compiling C++ object src/apps/common/libapps.a.p/ppm_writer.cpp.o[K
[303.324s] [222/264] Compiling C++ object src/apps/ipa-verify/ipa_verify.p/main.cpp.o[K
[303.324s] [223/264] Compiling C++ object src/apps/common/libapps.a.p/stream_options.cpp.o[K
[304.087s] [223/264] Generating src/gstreamer/gstlibcamera-controls.cpp with a custom command (wrapped by meson to set env)[K
[304.090s] [224/264] Compiling C++ object src/apps/common/libapps.a.p/dng_writer.cpp.o[K
[304.123s] [224/264] Compiling C++ object src/gstreamer/libgstlibcamera.so.p/gstlibcamera-utils.cpp.o[K
[304.124s] [225/264] Generating src/gstreamer/gstlibcamera-controls.cpp with a custom command (wrapped by meson to set env)[K
[305.542s] [225/264] Compiling C++ object src/gstreamer/libgstlibcamera.so.p/meson-generated_.._gstlibcamera-controls.cpp.o[K
[305.542s] [226/264] Compiling C++ object src/ipa/rpi/vc4/ipa_rpi_vc4.so.p/vc4.cpp.o[K
[306.097s] [226/264] Linking target src/ipa/rpi/vc4/ipa_rpi_vc4.so[K
[306.097s] [227/264] Compiling C++ object src/apps/common/libapps.a.p/options.cpp.o[K
[306.127s] [227/264] Linking static target src/apps/common/libapps.a[K
[306.128s] [228/264] Linking static target src/apps/common/libapps.a[K
[306.316s] [228/264] Compiling C++ object src/gstreamer/libgstlibcamera.so.p/gstlibcamera.cpp.o[K
[306.317s] [229/264] Linking target src/ipa/rpi/vc4/ipa_rpi_vc4.so[K
[306.368s] [229/264] Generating src/ipa/rpi/vc4/ipa_rpi_vc4.so.sign with a custom command[K
[306.368s] [230/264] Generating src/ipa/rpi/vc4/ipa_rpi_vc4.so.sign with a custom command[K
[306.908s] [230/264] Compiling C++ object src/gstreamer/libgstlibcamera.so.p/gstlibcameraallocator.cpp.o[K
[306.910s] [231/264] Compiling C++ object src/ipa/rpi/pisp/ipa_rpi_pisp.so.p/pisp.cpp.o[K
[307.059s] [231/264] Linking target src/ipa/rpi/pisp/ipa_rpi_pisp.so[K
[307.065s] [232/264] Compiling C++ object src/gstreamer/libgstlibcamera.so.p/gstlibcamera.cpp.o[K
[307.526s] [232/264] Compiling C++ object src/gstreamer/libgstlibcamera.so.p/gstlibcamerapad.cpp.o[K
[307.527s] [233/264] Compiling C++ object src/apps/ipa-verify/ipa_verify.p/main.cpp.o[K
[307.667s] [233/264] Linking target src/apps/ipa-verify/ipa_verify[K
[307.668s] [234/264] Linking target src/ipa/rpi/pisp/ipa_rpi_pisp.so[K
[307.723s] [234/264] Generating src/ipa/rpi/pisp/ipa_rpi_pisp.so.sign with a custom command[K
[307.724s] [235/264] Generating src/ipa/rpi/pisp/ipa_rpi_pisp.so.sign with a custom command[K
[308.222s] [235/264] Compiling C++ object src/gstreamer/libgstlibcamera.so.p/gstlibcamerapool.cpp.o[K
[308.224s] [236/264] Linking target src/apps/ipa-verify/ipa_verify[K
[310.402s] [236/264] Compiling C++ object src/gstreamer/libgstlibcamera.so.p/gstlibcameraprovider.cpp.o[K
[310.405s] [237/264] Compiling C++ object src/gstreamer/libgstlibcamera.so.p/meson-generated_.._gstlibcamera-controls.cpp.o[K
[311.015s] [237/264] Compiling C++ object src/gstreamer/libgstlibcamera.so.p/gstlibcamerasrc.cpp.o[K
[311.020s] [238/264] Compiling C++ object src/gstreamer/libgstlibcamera.so.p/gstlibcamera-utils.cpp.o[K
[311.065s] [238/264] Generating src/py/libcamera/py_gen_controls with a custom command (wrapped by meson to set env)[K
[311.067s] [239/264] Compiling C++ object src/gstreamer/libgstlibcamera.so.p/gstlibcamerapad.cpp.o[K
[311.541s] [239/264] Generating src/py/libcamera/py_gen_properties with a custom command (wrapped by meson to set env)[K
[311.544s] [240/264] Generating src/py/libcamera/py_gen_properties with a custom command (wrapped by meson to set env)[K
[311.799s] [240/264] Generating src/py/libcamera/py_gen_formats with a custom command[K
[311.799s] [241/264] Generating src/py/libcamera/py_gen_formats with a custom command[K
[312.045s] [241/264] Compiling C++ object src/py/libcamera/_libcamera.cpython-312-aarch64-linux-gnu.so.p/meson-generated_.._py_properties_generated.cpp.o[K
[312.048s] [242/264] Generating src/py/libcamera/py_gen_controls with a custom command (wrapped by meson to set env)[K
[312.810s] [242/264] Compiling C++ object src/py/libcamera/_libcamera.cpython-312-aarch64-linux-gnu.so.p/meson-generated_.._py_controls_generated.cpp.o[K
[312.812s] [243/264] Compiling C++ object src/gstreamer/libgstlibcamera.so.p/gstlibcamerapool.cpp.o[K
[313.109s] [243/264] Compiling C++ object src/py/libcamera/_libcamera.cpython-312-aarch64-linux-gnu.so.p/meson-generated_.._py_formats_generated.cpp.o[K
[313.110s] [244/264] Compiling C++ object src/gstreamer/libgstlibcamera.so.p/gstlibcameraallocator.cpp.o[K
[313.507s] [244/264] Compiling C++ object src/py/libcamera/_libcamera.cpython-312-aarch64-linux-gnu.so.p/py_camera_manager.cpp.o[K
[313.510s] [245/264] Compiling C++ object src/gstreamer/libgstlibcamera.so.p/gstlibcameraprovider.cpp.o[K
[319.646s] [245/264] Compiling C++ object src/py/libcamera/_libcamera.cpython-312-aarch64-linux-gnu.so.p/py_color_space.cpp.o[K
[319.648s] [246/264] Compiling C++ object src/gstreamer/libgstlibcamera.so.p/gstlibcamerasrc.cpp.o[K
[320.352s] [246/264] Linking target src/gstreamer/libgstlibcamera.so[K
[320.352s] [247/264] Linking target src/gstreamer/libgstlibcamera.so[K
[338.520s] [247/264] Compiling C++ object src/py/libcamera/_libcamera.cpython-312-aarch64-linux-gnu.so.p/py_enums.cpp.o[K
[338.525s] [248/264] Compiling C++ object src/py/libcamera/_libcamera.cpython-312-aarch64-linux-gnu.so.p/py_camera_manager.cpp.o[K
[339.770s] [248/264] Compiling C++ object src/py/libcamera/_libcamera.cpython-312-aarch64-linux-gnu.so.p/py_geometry.cpp.o[K
[339.775s] [249/264] Compiling C++ object src/py/libcamera/_libcamera.cpython-312-aarch64-linux-gnu.so.p/meson-generated_.._py_formats_generated.cpp.o[K
[345.129s] [249/264] Compiling C++ object src/py/libcamera/_libcamera.cpython-312-aarch64-linux-gnu.so.p/py_helpers.cpp.o[K
[345.130s] [250/264] Compiling C++ object src/py/libcamera/_libcamera.cpython-312-aarch64-linux-gnu.so.p/meson-generated_.._py_properties_generated.cpp.o[K
[355.158s] [250/264] Compiling C++ object src/py/libcamera/_libcamera.cpython-312-aarch64-linux-gnu.so.p/py_main.cpp.o[K
[355.161s] [251/264] Compiling C++ object src/py/libcamera/_libcamera.cpython-312-aarch64-linux-gnu.so.p/py_color_space.cpp.o[K
[358.087s] [251/264] Compiling C++ object src/py/libcamera/_libcamera.cpython-312-aarch64-linux-gnu.so.p/py_transform.cpp.o[K
[358.093s] [252/264] Compiling C++ object src/py/libcamera/_libcamera.cpython-312-aarch64-linux-gnu.so.p/py_enums.cpp.o[K
[363.706s] [252/264] Compiling C++ object src/v4l2/v4l2-compat.so.p/v4l2_camera.cpp.o[K
[363.708s] [253/264] Compiling C++ object src/py/libcamera/_libcamera.cpython-312-aarch64-linux-gnu.so.p/py_helpers.cpp.o[K
[367.724s] [253/264] Compiling C++ object src/v4l2/v4l2-compat.so.p/v4l2_camera_file.cpp.o[K
[367.728s] [254/264] Compiling C++ object src/v4l2/v4l2-compat.so.p/v4l2_camera.cpp.o[K
[369.218s] [254/264] Compiling C++ object src/v4l2/v4l2-compat.so.p/v4l2_camera_proxy.cpp.o[K
[369.219s] [255/264] Compiling C++ object src/v4l2/v4l2-compat.so.p/v4l2_camera_file.cpp.o[K
[374.639s] [255/264] Compiling C++ object src/v4l2/v4l2-compat.so.p/v4l2_compat.cpp.o[K
[374.640s] [256/264] Compiling C++ object src/v4l2/v4l2-compat.so.p/v4l2_compat.cpp.o[K
[374.741s] [256/264] Compiling C++ object src/v4l2/v4l2-compat.so.p/v4l2_compat_manager.cpp.o[K
[377.458s] [257/264] Compiling C++ object src/py/libcamera/_libcamera.cpython-312-aarch64-linux-gnu.so.p/meson-generated_.._py_controls_generated.cpp.o[K
[382.214s] [258/264] Compiling C++ object src/v4l2/v4l2-compat.so.p/v4l2_camera_proxy.cpp.o[K
[382.214s] [259/264] Compiling C++ object src/v4l2/v4l2-compat.so.p/v4l2_compat_manager.cpp.o[K
[382.447s] [259/264] Linking target src/v4l2/v4l2-compat.so[K
[382.911s] [260/264] Linking target src/v4l2/v4l2-compat.so[K
[383.216s] [261/264] Compiling C++ object src/py/libcamera/_libcamera.cpython-312-aarch64-linux-gnu.so.p/py_transform.cpp.o[K
[396.867s] [262/264] Compiling C++ object src/py/libcamera/_libcamera.cpython-312-aarch64-linux-gnu.so.p/py_geometry.cpp.o[K
[396.867s] [263/264] Compiling C++ object src/py/libcamera/_libcamera.cpython-312-aarch64-linux-gnu.so.p/py_main.cpp.o[K
[397.142s] [263/264] Linking target src/py/libcamera/_libcamera.cpython-312-aarch64-linux-gnu.so[K
[397.142s] [264/264] Linking target src/py/libcamera/_libcamera.cpython-312-aarch64-linux-gnu.so[K
[397.270s] Invoked command in '/home/seeno04/camera_ws/build/libcamera' returned '0': DEBUGINFOD_URLS=https://debuginfod.ubuntu.com /usr/bin/meson compile
[397.272s] Invoking command in '/home/seeno04/camera_ws/build/libcamera': DEBUGINFOD_URLS=https://debuginfod.ubuntu.com /usr/bin/meson install
[397.609s] ninja: Entering directory `/home/seeno04/camera_ws/build/libcamera'
[397.634s] 
[397.634s] [0/17] Generating subprojects/libpisp/src/version.cpp with a custom command[K
[397.817s] [0/17] Generating src/libcamera/version.cpp with a custom command[K
[397.817s] [1/17] Generating subprojects/libpisp/src/version.cpp with a custom command[K
[397.868s] [1/17] Compiling C++ object subprojects/libpisp/src/libpisp.so.1.5.0.p/meson-generated_.._version.cpp.o[K
[398.255s] [2/17] Generating src/libcamera/version.cpp with a custom command[K
[398.255s] [3/16] Compiling C++ object subprojects/libpisp/src/libpisp.so.1.5.0.p/meson-generated_.._version.cpp.o[K
[398.430s] [3/16] Linking target subprojects/libpisp/src/libpisp.so.1.5.0[K
[398.430s] [4/16] Linking target subprojects/libpisp/src/libpisp.so.1.5.0[K
[398.571s] [4/16] Generating symbol file subprojects/libpisp/src/libpisp.so.1.5.0.p/libpisp.so.1.5.0.symbols[K
[398.571s] [5/16] Generating symbol file subprojects/libpisp/src/libpisp.so.1.5.0.p/libpisp.so.1.5.0.symbols[K
[398.572s] Installing include/libcamera/ipa/core_ipa_interface.h to /home/seeno04/camera_ws/install/libcamera/include/libcamera/libcamera/ipa
[398.573s] Installing include/libcamera/ipa/raspberrypi_ipa_interface.h to /home/seeno04/camera_ws/install/libcamera/include/libcamera/libcamera/ipa
[398.573s] Installing include/libcamera/control_ids.h to /home/seeno04/camera_ws/install/libcamera/include/libcamera/libcamera
[398.574s] Installing include/libcamera/property_ids.h to /home/seeno04/camera_ws/install/libcamera/include/libcamera/libcamera
[398.574s] Installing include/libcamera/formats.h to /home/seeno04/camera_ws/install/libcamera/include/libcamera/libcamera
[398.574s] Installing include/libcamera/libcamera.h to /home/seeno04/camera_ws/install/libcamera/include/libcamera/libcamera
[398.574s] Installing src/libcamera/base/libcamera-base.so.0.7.1 to /home/seeno04/camera_ws/install/libcamera/lib
[398.575s] Installing subprojects/libpisp/src/libpisp.so.1.5.0 to /home/seeno04/camera_ws/install/libcamera/lib
[398.579s] Installing src/libcamera/libcamera.so.0.7.1 to /home/seeno04/camera_ws/install/libcamera/lib
[398.588s] Installing src/libcamera/proxy/worker/raspberrypi_ipa_proxy to /home/seeno04/camera_ws/install/libcamera/libexec/libcamera
[398.589s] Installing src/ipa/rpi/pisp/ipa_rpi_pisp.so to /home/seeno04/camera_ws/install/libcamera/lib/libcamera/ipa
[398.591s] Installing src/ipa/rpi/vc4/ipa_rpi_vc4.so to /home/seeno04/camera_ws/install/libcamera/lib/libcamera/ipa
[398.594s] Installing src/gstreamer/libgstlibcamera.so to /home/seeno04/camera_ws/install/libcamera/lib/gstreamer-1.0
[398.595s] Installing src/py/libcamera/_libcamera.cpython-312-aarch64-linux-gnu.so to /home/seeno04/camera_ws/install/libcamera/lib/python3/dist-packages/libcamera
[398.599s] Installing src/v4l2/v4l2-compat.so to /home/seeno04/camera_ws/install/libcamera/libexec/libcamera
[398.601s] Installing /home/seeno04/camera_ws/src/libcamera/include/libcamera/base/bound_method.h to /home/seeno04/camera_ws/install/libcamera/include/libcamera/libcamera/base
[398.601s] Installing /home/seeno04/camera_ws/src/libcamera/include/libcamera/base/class.h to /home/seeno04/camera_ws/install/libcamera/include/libcamera/libcamera/base
[398.601s] Installing /home/seeno04/camera_ws/src/libcamera/include/libcamera/base/flags.h to /home/seeno04/camera_ws/install/libcamera/include/libcamera/libcamera/base
[398.601s] Installing /home/seeno04/camera_ws/src/libcamera/include/libcamera/base/object.h to /home/seeno04/camera_ws/install/libcamera/include/libcamera/libcamera/base
[398.601s] Installing /home/seeno04/camera_ws/src/libcamera/include/libcamera/base/shared_fd.h to /home/seeno04/camera_ws/install/libcamera/include/libcamera/libcamera/base
[398.601s] Installing /home/seeno04/camera_ws/src/libcamera/include/libcamera/base/signal.h to /home/seeno04/camera_ws/install/libcamera/include/libcamera/libcamera/base
[398.602s] Installing /home/seeno04/camera_ws/src/libcamera/include/libcamera/base/span.h to /home/seeno04/camera_ws/install/libcamera/include/libcamera/libcamera/base
[398.602s] Installing /home/seeno04/camera_ws/src/libcamera/include/libcamera/base/unique_fd.h to /home/seeno04/camera_ws/install/libcamera/include/libcamera/libcamera/base
[398.602s] Installing /home/seeno04/camera_ws/src/libcamera/include/libcamera/ipa/ipa_controls.h to /home/seeno04/camera_ws/install/libcamera/include/libcamera/libcamera/ipa
[398.602s] Installing /home/seeno04/camera_ws/src/libcamera/include/libcamera/ipa/ipa_interface.h to /home/seeno04/camera_ws/install/libcamera/include/libcamera/libcamera/ipa
[398.602s] Installing /home/seeno04/camera_ws/src/libcamera/include/libcamera/ipa/ipa_module_info.h to /home/seeno04/camera_ws/install/libcamera/include/libcamera/libcamera/ipa
[398.603s] Installing /home/seeno04/camera_ws/src/libcamera/include/libcamera/camera.h to /home/seeno04/camera_ws/install/libcamera/include/libcamera/libcamera
[398.603s] Installing /home/seeno04/camera_ws/src/libcamera/include/libcamera/camera_manager.h to /home/seeno04/camera_ws/install/libcamera/include/libcamera/libcamera
[398.603s] Installing /home/seeno04/camera_ws/src/libcamera/include/libcamera/color_space.h to /home/seeno04/camera_ws/install/libcamera/include/libcamera/libcamera
[398.604s] Installing /home/seeno04/camera_ws/src/libcamera/include/libcamera/controls.h to /home/seeno04/camera_ws/install/libcamera/include/libcamera/libcamera
[398.604s] Installing /home/seeno04/camera_ws/src/libcamera/include/libcamera/fence.h to /home/seeno04/camera_ws/install/libcamera/include/libcamera/libcamera
[398.606s] Installing /home/seeno04/camera_ws/src/libcamera/include/libcamera/framebuffer.h to /home/seeno04/camera_ws/install/libcamera/include/libcamera/libcamera
[398.606s] Installing /home/seeno04/camera_ws/src/libcamera/include/libcamera/framebuffer_allocator.h to /home/seeno04/camera_ws/install/libcamera/include/libcamera/libcamera
[398.606s] Installing /home/seeno04/camera_ws/src/libcamera/include/libcamera/geometry.h to /home/seeno04/camera_ws/install/libcamera/include/libcamera/libcamera
[398.606s] Installing /home/seeno04/camera_ws/src/libcamera/include/libcamera/logging.h to /home/seeno04/camera_ws/install/libcamera/include/libcamera/libcamera
[398.606s] Installing /home/seeno04/camera_ws/src/libcamera/include/libcamera/orientation.h to /home/seeno04/camera_ws/install/libcamera/include/libcamera/libcamera
[398.606s] Installing /home/seeno04/camera_ws/src/libcamera/include/libcamera/pixel_format.h to /home/seeno04/camera_ws/install/libcamera/include/libcamera/libcamera
[398.606s] Installing /home/seeno04/camera_ws/src/libcamera/include/libcamera/request.h to /home/seeno04/camera_ws/install/libcamera/include/libcamera/libcamera
[398.607s] Installing /home/seeno04/camera_ws/src/libcamera/include/libcamera/stream.h to /home/seeno04/camera_ws/install/libcamera/include/libcamera/libcamera
[398.607s] Installing /home/seeno04/camera_ws/src/libcamera/include/libcamera/transform.h to /home/seeno04/camera_ws/install/libcamera/include/libcamera/libcamera
[398.607s] Installing /home/seeno04/camera_ws/src/libcamera/subprojects/libpisp/src/libpisp/common/pisp_common.h to /home/seeno04/camera_ws/install/libcamera/include/libpisp/common
[398.607s] Installing /home/seeno04/camera_ws/src/libcamera/subprojects/libpisp/src/libpisp/common/logging.hpp to /home/seeno04/camera_ws/install/libcamera/include/libpisp/common
[398.607s] Installing /home/seeno04/camera_ws/src/libcamera/subprojects/libpisp/src/libpisp/common/shm_mutex.hpp to /home/seeno04/camera_ws/install/libcamera/include/libpisp/common
[398.607s] Installing /home/seeno04/camera_ws/src/libcamera/subprojects/libpisp/src/libpisp/common/utils.hpp to /home/seeno04/camera_ws/install/libcamera/include/libpisp/common
[398.607s] Installing /home/seeno04/camera_ws/src/libcamera/subprojects/libpisp/src/libpisp/common/version.hpp to /home/seeno04/camera_ws/install/libcamera/include/libpisp/common
[398.607s] Installing /home/seeno04/camera_ws/src/libcamera/subprojects/libpisp/src/libpisp/variants/variant.hpp to /home/seeno04/camera_ws/install/libcamera/include/libpisp/variants
[398.608s] Installing /home/seeno04/camera_ws/src/libcamera/subprojects/libpisp/src/libpisp/frontend/frontend.hpp to /home/seeno04/camera_ws/install/libcamera/include/libpisp/frontend
[398.608s] Installing /home/seeno04/camera_ws/src/libcamera/subprojects/libpisp/src/libpisp/frontend/pisp_fe_config.h to /home/seeno04/camera_ws/install/libcamera/include/libpisp/frontend
[398.608s] Installing /home/seeno04/camera_ws/src/libcamera/subprojects/libpisp/src/libpisp/frontend/pisp_statistics.h to /home/seeno04/camera_ws/install/libcamera/include/libpisp/frontend
[398.609s] Installing /home/seeno04/camera_ws/src/libcamera/subprojects/libpisp/src/libpisp/backend/backend.hpp to /home/seeno04/camera_ws/install/libcamera/include/libpisp/backend
[398.609s] Installing /home/seeno04/camera_ws/src/libcamera/subprojects/libpisp/src/libpisp/backend/pisp_be_config.h to /home/seeno04/camera_ws/install/libcamera/include/libpisp/backend
[398.609s] Installing /home/seeno04/camera_ws/src/libcamera/subprojects/libpisp/src/libpisp/backend/tiling/pisp_tiling.hpp to /home/seeno04/camera_ws/install/libcamera/include/libpisp/backend/tiling
[398.610s] Installing /home/seeno04/camera_ws/src/libcamera/subprojects/libpisp/src/libpisp/backend/tiling/types.hpp to /home/seeno04/camera_ws/install/libcamera/include/libpisp/backend/tiling
[398.610s] Installing /home/seeno04/camera_ws/src/libcamera/subprojects/libpisp/src/helpers/backend_device.hpp to /home/seeno04/camera_ws/install/libcamera/include/libpisp/helpers
[398.611s] Installing /home/seeno04/camera_ws/src/libcamera/subprojects/libpisp/src/helpers/buffer.hpp to /home/seeno04/camera_ws/install/libcamera/include/libpisp/helpers
[398.611s] Installing /home/seeno04/camera_ws/src/libcamera/subprojects/libpisp/src/helpers/device_fd.hpp to /home/seeno04/camera_ws/install/libcamera/include/libpisp/helpers
[398.611s] Installing /home/seeno04/camera_ws/src/libcamera/subprojects/libpisp/src/helpers/dma_heap.hpp to /home/seeno04/camera_ws/install/libcamera/include/libpisp/helpers
[398.614s] Installing /home/seeno04/camera_ws/src/libcamera/subprojects/libpisp/src/helpers/media_device.hpp to /home/seeno04/camera_ws/install/libcamera/include/libpisp/helpers
[398.614s] Installing /home/seeno04/camera_ws/src/libcamera/subprojects/libpisp/src/helpers/v4l2_device.hpp to /home/seeno04/camera_ws/install/libcamera/include/libpisp/helpers
[398.614s] Installing /home/seeno04/camera_ws/src/libcamera/utils/libcamera-bug-report to /home/seeno04/camera_ws/install/libcamera/bin
[398.618s] Installing /home/seeno04/camera_ws/build/libcamera/include/libcamera/version.h to /home/seeno04/camera_ws/install/libcamera/include/libcamera/libcamera
[398.618s] Installing /home/seeno04/camera_ws/build/libcamera/meson-private/libcamera-base.pc to /home/seeno04/camera_ws/install/libcamera/lib/pkgconfig
[398.618s] Installing /home/seeno04/camera_ws/src/libcamera/subprojects/libpisp/src/libpisp/backend/backend_default_config.json to /home/seeno04/camera_ws/install/libcamera/share/libpisp
[398.618s] Installing /home/seeno04/camera_ws/build/libcamera/meson-private/libpisp.pc to /home/seeno04/camera_ws/install/libcamera/lib/pkgconfig
[398.618s] Installing /home/seeno04/camera_ws/src/libcamera/src/libcamera/pipeline/rpi/pisp/data/example.yaml to /home/seeno04/camera_ws/install/libcamera/share/libcamera/pipeline/rpi/pisp
[398.619s] Installing /home/seeno04/camera_ws/src/libcamera/src/libcamera/pipeline/rpi/vc4/data/example.yaml to /home/seeno04/camera_ws/install/libcamera/share/libcamera/pipeline/rpi/vc4
[398.619s] Installing /home/seeno04/camera_ws/src/libcamera/src/libcamera/pipeline/rpi/vc4/data/rpi_apps.yaml to /home/seeno04/camera_ws/install/libcamera/share/libcamera/pipeline/rpi/vc4
[398.619s] Installing /home/seeno04/camera_ws/build/libcamera/meson-private/libcamera.pc to /home/seeno04/camera_ws/install/libcamera/lib/pkgconfig
[398.619s] Installing /home/seeno04/camera_ws/src/libcamera/src/ipa/rpi/pisp/data/imx219.json to /home/seeno04/camera_ws/install/libcamera/share/libcamera/ipa/rpi/pisp
[398.619s] Installing /home/seeno04/camera_ws/src/libcamera/src/ipa/rpi/pisp/data/imx219_noir.json to /home/seeno04/camera_ws/install/libcamera/share/libcamera/ipa/rpi/pisp
[398.619s] Installing /home/seeno04/camera_ws/src/libcamera/src/ipa/rpi/pisp/data/imx283.json to /home/seeno04/camera_ws/install/libcamera/share/libcamera/ipa/rpi/pisp
[398.619s] Installing /home/seeno04/camera_ws/src/libcamera/src/ipa/rpi/pisp/data/imx290.json to /home/seeno04/camera_ws/install/libcamera/share/libcamera/ipa/rpi/pisp
[398.620s] Installing /home/seeno04/camera_ws/src/libcamera/src/ipa/rpi/pisp/data/imx296.json to /home/seeno04/camera_ws/install/libcamera/share/libcamera/ipa/rpi/pisp
[398.623s] Installing /home/seeno04/camera_ws/src/libcamera/src/ipa/rpi/pisp/data/imx296_mono.json to /home/seeno04/camera_ws/install/libcamera/share/libcamera/ipa/rpi/pisp
[398.623s] Installing /home/seeno04/camera_ws/src/libcamera/src/ipa/rpi/pisp/data/imx335.json to /home/seeno04/camera_ws/install/libcamera/share/libcamera/ipa/rpi/pisp
[398.623s] Installing /home/seeno04/camera_ws/src/libcamera/src/ipa/rpi/pisp/data/imx378.json to /home/seeno04/camera_ws/install/libcamera/share/libcamera/ipa/rpi/pisp
[398.624s] Installing /home/seeno04/camera_ws/src/libcamera/src/ipa/rpi/pisp/data/imx415.json to /home/seeno04/camera_ws/install/libcamera/share/libcamera/ipa/rpi/pisp
[398.625s] Installing /home/seeno04/camera_ws/src/libcamera/src/ipa/rpi/pisp/data/imx415_b0569.json to /home/seeno04/camera_ws/install/libcamera/share/libcamera/ipa/rpi/pisp
[398.626s] Installing /home/seeno04/camera_ws/src/libcamera/src/ipa/rpi/pisp/data/imx462.json to /home/seeno04/camera_ws/install/libcamera/share/libcamera/ipa/rpi/pisp
[398.626s] Installing /home/seeno04/camera_ws/src/libcamera/src/ipa/rpi/pisp/data/imx477.json to /home/seeno04/camera_ws/install/libcamera/share/libcamera/ipa/rpi/pisp
[398.626s] Installing /home/seeno04/camera_ws/src/libcamera/src/ipa/rpi/pisp/data/imx477_noir.json to /home/seeno04/camera_ws/install/libcamera/share/libcamera/ipa/rpi/pisp
[398.626s] Installing /home/seeno04/camera_ws/src/libcamera/src/ipa/rpi/pisp/data/imx477_scientific.json to /home/seeno04/camera_ws/install/libcamera/share/libcamera/ipa/rpi/pisp
[398.626s] Installing /home/seeno04/camera_ws/src/libcamera/src/ipa/rpi/pisp/data/imx500.json to /home/seeno04/camera_ws/install/libcamera/share/libcamera/ipa/rpi/pisp
[398.626s] Installing /home/seeno04/camera_ws/src/libcamera/src/ipa/rpi/pisp/data/imx519.json to /home/seeno04/camera_ws/install/libcamera/share/libcamera/ipa/rpi/pisp
[398.626s] Installing /home/seeno04/camera_ws/src/libcamera/src/ipa/rpi/pisp/data/imx708.json to /home/seeno04/camera_ws/install/libcamera/share/libcamera/ipa/rpi/pisp
[398.627s] Installing /home/seeno04/camera_ws/src/libcamera/src/ipa/rpi/pisp/data/imx708_noir.json to /home/seeno04/camera_ws/install/libcamera/share/libcamera/ipa/rpi/pisp
[398.627s] Installing /home/seeno04/camera_ws/src/libcamera/src/ipa/rpi/pisp/data/imx708_wide.json to /home/seeno04/camera_ws/install/libcamera/share/libcamera/ipa/rpi/pisp
[398.630s] Installing /home/seeno04/camera_ws/src/libcamera/src/ipa/rpi/pisp/data/imx708_wide_noir.json to /home/seeno04/camera_ws/install/libcamera/share/libcamera/ipa/rpi/pisp
[398.630s] Installing /home/seeno04/camera_ws/src/libcamera/src/ipa/rpi/pisp/data/ov5647.json to /home/seeno04/camera_ws/install/libcamera/share/libcamera/ipa/rpi/pisp
[398.630s] Installing /home/seeno04/camera_ws/src/libcamera/src/ipa/rpi/pisp/data/ov5647_noir.json to /home/seeno04/camera_ws/install/libcamera/share/libcamera/ipa/rpi/pisp
[398.632s] Installing /home/seeno04/camera_ws/src/libcamera/src/ipa/rpi/pisp/data/ov64a40.json to /home/seeno04/camera_ws/install/libcamera/share/libcamera/ipa/rpi/pisp
[398.632s] Installing /home/seeno04/camera_ws/src/libcamera/src/ipa/rpi/pisp/data/ov9281_mono.json to /home/seeno04/camera_ws/install/libcamera/share/libcamera/ipa/rpi/pisp
[398.632s] Installing /home/seeno04/camera_ws/src/libcamera/src/ipa/rpi/pisp/data/se327m12.json to /home/seeno04/camera_ws/install/libcamera/share/libcamera/ipa/rpi/pisp
[398.632s] Installing /home/seeno04/camera_ws/src/libcamera/src/ipa/rpi/pisp/data/uncalibrated.json to /home/seeno04/camera_ws/install/libcamera/share/libcamera/ipa/rpi/pisp
[398.633s] Installing /home/seeno04/camera_ws/src/libcamera/src/ipa/rpi/pisp/data/vd55g1.json to /home/seeno04/camera_ws/install/libcamera/share/libcamera/ipa/rpi/pisp
[398.633s] Installing /home/seeno04/camera_ws/src/libcamera/src/ipa/rpi/pisp/data/vd55g1_mono.json to /home/seeno04/camera_ws/install/libcamera/share/libcamera/ipa/rpi/pisp
[398.633s] Installing /home/seeno04/camera_ws/src/libcamera/src/ipa/rpi/pisp/data/vd56g3.json to /home/seeno04/camera_ws/install/libcamera/share/libcamera/ipa/rpi/pisp
[398.633s] Installing /home/seeno04/camera_ws/src/libcamera/src/ipa/rpi/pisp/data/vd56g3_mono.json to /home/seeno04/camera_ws/install/libcamera/share/libcamera/ipa/rpi/pisp
[398.634s] Installing /home/seeno04/camera_ws/src/libcamera/src/ipa/rpi/vc4/data/imx219.json to /home/seeno04/camera_ws/install/libcamera/share/libcamera/ipa/rpi/vc4
[398.634s] Installing /home/seeno04/camera_ws/src/libcamera/src/ipa/rpi/vc4/data/imx219_noir.json to /home/seeno04/camera_ws/install/libcamera/share/libcamera/ipa/rpi/vc4
[398.634s] Installing /home/seeno04/camera_ws/src/libcamera/src/ipa/rpi/vc4/data/imx283.json to /home/seeno04/camera_ws/install/libcamera/share/libcamera/ipa/rpi/vc4
[398.634s] Installing /home/seeno04/camera_ws/src/libcamera/src/ipa/rpi/vc4/data/imx290.json to /home/seeno04/camera_ws/install/libcamera/share/libcamera/ipa/rpi/vc4
[398.639s] Installing /home/seeno04/camera_ws/src/libcamera/src/ipa/rpi/vc4/data/imx296.json to /home/seeno04/camera_ws/install/libcamera/share/libcamera/ipa/rpi/vc4
[398.639s] Installing /home/seeno04/camera_ws/src/libcamera/src/ipa/rpi/vc4/data/imx296_mono.json to /home/seeno04/camera_ws/install/libcamera/share/libcamera/ipa/rpi/vc4
[398.640s] Installing /home/seeno04/camera_ws/src/libcamera/src/ipa/rpi/vc4/data/imx327.json to /home/seeno04/camera_ws/install/libcamera/share/libcamera/ipa/rpi/vc4
[398.640s] Installing /home/seeno04/camera_ws/src/libcamera/src/ipa/rpi/vc4/data/imx335.json to /home/seeno04/camera_ws/install/libcamera/share/libcamera/ipa/rpi/vc4
[398.640s] Installing /home/seeno04/camera_ws/src/libcamera/src/ipa/rpi/vc4/data/imx378.json to /home/seeno04/camera_ws/install/libcamera/share/libcamera/ipa/rpi/vc4
[398.640s] Installing /home/seeno04/camera_ws/src/libcamera/src/ipa/rpi/vc4/data/imx415.json to /home/seeno04/camera_ws/install/libcamera/share/libcamera/ipa/rpi/vc4
[398.640s] Installing /home/seeno04/camera_ws/src/libcamera/src/ipa/rpi/vc4/data/imx415_b0569.json to /home/seeno04/camera_ws/install/libcamera/share/libcamera/ipa/rpi/vc4
[398.640s] Installing /home/seeno04/camera_ws/src/libcamera/src/ipa/rpi/vc4/data/imx462.json to /home/seeno04/camera_ws/install/libcamera/share/libcamera/ipa/rpi/vc4
[398.640s] Installing /home/seeno04/camera_ws/src/libcamera/src/ipa/rpi/vc4/data/imx477.json to /home/seeno04/camera_ws/install/libcamera/share/libcamera/ipa/rpi/vc4
[398.640s] Installing /home/seeno04/camera_ws/src/libcamera/src/ipa/rpi/vc4/data/imx477_noir.json to /home/seeno04/camera_ws/install/libcamera/share/libcamera/ipa/rpi/vc4
[398.640s] Installing /home/seeno04/camera_ws/src/libcamera/src/ipa/rpi/vc4/data/imx477_scientific.json to /home/seeno04/camera_ws/install/libcamera/share/libcamera/ipa/rpi/vc4
[398.640s] Installing /home/seeno04/camera_ws/src/libcamera/src/ipa/rpi/vc4/data/imx500.json to /home/seeno04/camera_ws/install/libcamera/share/libcamera/ipa/rpi/vc4
[398.640s] Installing /home/seeno04/camera_ws/src/libcamera/src/ipa/rpi/vc4/data/imx519.json to /home/seeno04/camera_ws/install/libcamera/share/libcamera/ipa/rpi/vc4
[398.644s] Installing /home/seeno04/camera_ws/src/libcamera/src/ipa/rpi/vc4/data/imx708.json to /home/seeno04/camera_ws/install/libcamera/share/libcamera/ipa/rpi/vc4
[398.644s] Installing /home/seeno04/camera_ws/src/libcamera/src/ipa/rpi/vc4/data/imx708_noir.json to /home/seeno04/camera_ws/install/libcamera/share/libcamera/ipa/rpi/vc4
[398.644s] Installing /home/seeno04/camera_ws/src/libcamera/src/ipa/rpi/vc4/data/imx708_wide.json to /home/seeno04/camera_ws/install/libcamera/share/libcamera/ipa/rpi/vc4
[398.644s] Installing /home/seeno04/camera_ws/src/libcamera/src/ipa/rpi/vc4/data/imx708_wide_noir.json to /home/seeno04/camera_ws/install/libcamera/share/libcamera/ipa/rpi/vc4
[398.644s] Installing /home/seeno04/camera_ws/src/libcamera/src/ipa/rpi/vc4/data/ov5647.json to /home/seeno04/camera_ws/install/libcamera/share/libcamera/ipa/rpi/vc4
[398.644s] Installing /home/seeno04/camera_ws/src/libcamera/src/ipa/rpi/vc4/data/ov5647_noir.json to /home/seeno04/camera_ws/install/libcamera/share/libcamera/ipa/rpi/vc4
[398.644s] Installing /home/seeno04/camera_ws/src/libcamera/src/ipa/rpi/vc4/data/ov64a40.json to /home/seeno04/camera_ws/install/libcamera/share/libcamera/ipa/rpi/vc4
[398.645s] Installing /home/seeno04/camera_ws/src/libcamera/src/ipa/rpi/vc4/data/ov7251_mono.json to /home/seeno04/camera_ws/install/libcamera/share/libcamera/ipa/rpi/vc4
[398.645s] Installing /home/seeno04/camera_ws/src/libcamera/src/ipa/rpi/vc4/data/ov9281_mono.json to /home/seeno04/camera_ws/install/libcamera/share/libcamera/ipa/rpi/vc4
[398.645s] Installing /home/seeno04/camera_ws/src/libcamera/src/ipa/rpi/vc4/data/se327m12.json to /home/seeno04/camera_ws/install/libcamera/share/libcamera/ipa/rpi/vc4
[398.645s] Installing /home/seeno04/camera_ws/src/libcamera/src/ipa/rpi/vc4/data/uncalibrated.json to /home/seeno04/camera_ws/install/libcamera/share/libcamera/ipa/rpi/vc4
[398.645s] Installing /home/seeno04/camera_ws/src/libcamera/src/ipa/rpi/vc4/data/vd55g1.json to /home/seeno04/camera_ws/install/libcamera/share/libcamera/ipa/rpi/vc4
[398.645s] Installing /home/seeno04/camera_ws/src/libcamera/src/ipa/rpi/vc4/data/vd55g1_mono.json to /home/seeno04/camera_ws/install/libcamera/share/libcamera/ipa/rpi/vc4
[398.645s] Installing /home/seeno04/camera_ws/src/libcamera/src/ipa/rpi/vc4/data/vd56g3.json to /home/seeno04/camera_ws/install/libcamera/share/libcamera/ipa/rpi/vc4
[398.645s] Installing /home/seeno04/camera_ws/src/libcamera/src/ipa/rpi/vc4/data/vd56g3_mono.json to /home/seeno04/camera_ws/install/libcamera/share/libcamera/ipa/rpi/vc4
[398.645s] Installing /home/seeno04/camera_ws/src/libcamera/src/py/libcamera/__init__.py to /home/seeno04/camera_ws/install/libcamera/lib/python3/dist-packages/libcamera
[398.645s] Installing /home/seeno04/camera_ws/build/libcamera/src/v4l2/libcamerify to /home/seeno04/camera_ws/install/libcamera/bin
[398.646s] Installing symlink pointing to libcamera-base.so.0.7.1 to /home/seeno04/camera_ws/install/libcamera/lib/libcamera-base.so.0.7
[398.646s] Installing symlink pointing to libcamera-base.so.0.7 to /home/seeno04/camera_ws/install/libcamera/lib/libcamera-base.so
[398.646s] Installing symlink pointing to libpisp.so.1.5.0 to /home/seeno04/camera_ws/install/libcamera/lib/libpisp.so.1
[398.646s] Installing symlink pointing to libpisp.so.1 to /home/seeno04/camera_ws/install/libcamera/lib/libpisp.so
[398.646s] Installing symlink pointing to libcamera.so.0.7.1 to /home/seeno04/camera_ws/install/libcamera/lib/libcamera.so.0.7
[398.646s] Installing symlink pointing to libcamera.so.0.7 to /home/seeno04/camera_ws/install/libcamera/lib/libcamera.so
[398.647s] Running custom install script '/home/seeno04/camera_ws/src/libcamera/src/ipa/ipa-sign-install.sh /home/seeno04/camera_ws/build/libcamera/src/ipa-priv-key.pem lib/libcamera/ipa/ipa_rpi_pisp.so lib/libcamera/ipa/ipa_rpi_vc4.so'
[398.655s] Regenerating IPA modules signatures
[398.690s] Running custom install script '/usr/bin/python3 /home/seeno04/camera_ws/build/libcamera/meson-private/pycompile.py python-3.12-installed.json 0'
[398.744s] Compiling '/home/seeno04/camera_ws/install/libcamera/lib/python3/dist-packages/libcamera/__init__.py'...
[398.880s] Invoked command in '/home/seeno04/camera_ws/build/libcamera' returned '0': DEBUGINFOD_URLS=https://debuginfod.ubuntu.com /usr/bin/meson install
