[0.000000] (-) TimerEvent: {}
[0.000587] (libcamera) JobQueued: {'identifier': 'libcamera', 'dependencies': OrderedDict()}
[0.001640] (camera_ros) JobQueued: {'identifier': 'camera_ros', 'dependencies': OrderedDict({'libcamera': '/home/seeno04/camera_ws/install/libcamera'})}
[0.001724] (libcamera) JobStarted: {'identifier': 'libcamera'}
[0.026644] (libcamera) JobProgress: {'identifier': 'libcamera', 'progress': 'meson'}
[0.026874] (libcamera) Command: {'cmd': ['/usr/bin/meson', 'setup', '--libdir=lib', '--prefix=/home/seeno04/camera_ws/install/libcamera', '--buildtype=release', '/home/seeno04/camera_ws/build/libcamera', '/home/seeno04/camera_ws/src/libcamera'], 'cwd': '/home/seeno04/camera_ws/build/libcamera', 'env': OrderedDict({'LESSOPEN': '| /usr/bin/lesspipe %s', 'USER': 'seeno04', 'LC_TIME': 'ko_KR.UTF-8', 'XDG_SESSION_TYPE': 'wayland', 'CLUTTER_DISABLE_MIPMAPPED_TEXT': '1', 'SHLVL': '1', 'LD_LIBRARY_PATH': '/opt/ros/jazzy/opt/rviz_ogre_vendor/lib:/opt/ros/jazzy/lib/aarch64-linux-gnu:/opt/ros/jazzy/opt/gz_math_vendor/lib:/opt/ros/jazzy/opt/gz_utils_vendor/lib:/opt/ros/jazzy/opt/gz_cmake_vendor/lib:/opt/ros/jazzy/lib', 'HOME': '/home/seeno04', 'OLDPWD': '/home/seeno04/camera_ws', 'DESKTOP_SESSION': 'ubuntu', 'ROS_PYTHON_VERSION': '3', 'GNOME_SHELL_SESSION_MODE': 'ubuntu', 'GTK_MODULES': 'gail:atk-bridge', 'LC_MONETARY': 'ko_KR.UTF-8', 'SYSTEMD_EXEC_PID': '2930', 'GSM_SKIP_SSH_AGENT_WORKAROUND': 'true', 'DBUS_SESSION_BUS_ADDRESS': 'unix:path=/run/user/1000/bus', 'COLORTERM': 'truecolor', 'DEBUGINFOD_URLS': 'https://debuginfod.ubuntu.com', 'IM_CONFIG_PHASE': '1', 'WAYLAND_DISPLAY': 'wayland-0', 'COLCON_PREFIX_PATH': '/home/seeno04/inno_ws/install', 'ROS_DISTRO': 'jazzy', 'LOGNAME': 'seeno04', '_': '/usr/bin/colcon', 'ROS_VERSION': '2', 'MEMORY_PRESSURE_WATCH': '/sys/fs/cgroup/user.slice/user-1000.slice/user@1000.service/session.slice/org.gnome.Shell@wayland.service/memory.pressure', 'XDG_SESSION_CLASS': 'user', 'USERNAME': 'seeno04', 'TERM': 'xterm-256color', 'GNOME_DESKTOP_SESSION_ID': 'this-is-deprecated', 'ROS_LOCALHOST_ONLY': '0', 'PATH': '/home/seeno04/.local/bin:/opt/ros/jazzy/bin:/home/seeno04/.local/bin:/usr/local/sbin:/usr/local/bin:/usr/sbin:/usr/bin:/sbin:/bin:/usr/games:/usr/local/games:/snap/bin:/snap/bin', 'SESSION_MANAGER': 'local/seeno04-desktop:@/tmp/.ICE-unix/2889,unix/seeno04-desktop:/tmp/.ICE-unix/2889', 'PAPERSIZE': 'a4', 'XDG_MENU_PREFIX': 'gnome-', 'LC_ADDRESS': 'ko_KR.UTF-8', 'GNOME_TERMINAL_SCREEN': '/org/gnome/Terminal/screen/1fb37773_1218_4b89_a8fd_29a75d0cb57b', 'GNOME_SETUP_DISPLAY': ':1', 'XDG_RUNTIME_DIR': '/run/user/1000', 'DISPLAY': ':0', 'LANG': 'ko_KR.UTF-8', 'XDG_CURRENT_DESKTOP': 'ubuntu:GNOME', 'LC_TELEPHONE': 'ko_KR.UTF-8', 'XMODIFIERS': '@im=ibus', 'XDG_SESSION_DESKTOP': 'ubuntu', 'XAUTHORITY': '/run/user/1000/.mutter-Xwaylandauth.4NVOS3', 'LS_COLORS': 'rs=0:di=01;34:ln=01;36:mh=00:pi=40;33:so=01;35:do=01;35:bd=40;33;01:cd=40;33;01:or=40;31;01:mi=00:su=37;41:sg=30;43:ca=00:tw=30;42:ow=34;42:st=37;44:ex=01;32:*.tar=01;31:*.tgz=01;31:*.arc=01;31:*.arj=01;31:*.taz=01;31:*.lha=01;31:*.lz4=01;31:*.lzh=01;31:*.lzma=01;31:*.tlz=01;31:*.txz=01;31:*.tzo=01;31:*.t7z=01;31:*.zip=01;31:*.z=01;31:*.dz=01;31:*.gz=01;31:*.lrz=01;31:*.lz=01;31:*.lzo=01;31:*.xz=01;31:*.zst=01;31:*.tzst=01;31:*.bz2=01;31:*.bz=01;31:*.tbz=01;31:*.tbz2=01;31:*.tz=01;31:*.deb=01;31:*.rpm=01;31:*.jar=01;31:*.war=01;31:*.ear=01;31:*.sar=01;31:*.rar=01;31:*.alz=01;31:*.ace=01;31:*.zoo=01;31:*.cpio=01;31:*.7z=01;31:*.rz=01;31:*.cab=01;31:*.wim=01;31:*.swm=01;31:*.dwm=01;31:*.esd=01;31:*.avif=01;35:*.jpg=01;35:*.jpeg=01;35:*.mjpg=01;35:*.mjpeg=01;35:*.gif=01;35:*.bmp=01;35:*.pbm=01;35:*.pgm=01;35:*.ppm=01;35:*.tga=01;35:*.xbm=01;35:*.xpm=01;35:*.tif=01;35:*.tiff=01;35:*.png=01;35:*.svg=01;35:*.svgz=01;35:*.mng=01;35:*.pcx=01;35:*.mov=01;35:*.mpg=01;35:*.mpeg=01;35:*.m2v=01;35:*.mkv=01;35:*.webm=01;35:*.webp=01;35:*.ogm=01;35:*.mp4=01;35:*.m4v=01;35:*.mp4v=01;35:*.vob=01;35:*.qt=01;35:*.nuv=01;35:*.wmv=01;35:*.asf=01;35:*.rm=01;35:*.rmvb=01;35:*.flc=01;35:*.avi=01;35:*.fli=01;35:*.flv=01;35:*.gl=01;35:*.dl=01;35:*.xcf=01;35:*.xwd=01;35:*.yuv=01;35:*.cgm=01;35:*.emf=01;35:*.ogv=01;35:*.ogx=01;35:*.aac=00;36:*.au=00;36:*.flac=00;36:*.m4a=00;36:*.mid=00;36:*.midi=00;36:*.mka=00;36:*.mp3=00;36:*.mpc=00;36:*.ogg=00;36:*.ra=00;36:*.wav=00;36:*.oga=00;36:*.opus=00;36:*.spx=00;36:*.xspf=00;36:*~=00;90:*#=00;90:*.bak=00;90:*.crdownload=00;90:*.dpkg-dist=00;90:*.dpkg-new=00;90:*.dpkg-old=00;90:*.dpkg-tmp=00;90:*.old=00;90:*.orig=00;90:*.part=00;90:*.rej=00;90:*.rpmnew=00;90:*.rpmorig=00;90:*.rpmsave=00;90:*.swp=00;90:*.tmp=00;90:*.ucf-dist=00;90:*.ucf-new=00;90:*.ucf-old=00;90:', 'GNOME_TERMINAL_SERVICE': ':1.101', 'SSH_AUTH_SOCK': '/run/user/1000/keyring/ssh', 'ROS_DOMAIN_ID': '3', 'AMENT_PREFIX_PATH': '/home/seeno04/inno_ws/install/sllidar_ros2:/opt/ros/jazzy', 'SHELL': '/bin/bash', 'LC_NAME': 'ko_KR.UTF-8', 'QT_ACCESSIBILITY': '1', 'GDMSESSION': 'ubuntu', 'LESSCLOSE': '/usr/bin/lesspipe %s %s', 'LC_MEASUREMENT': 'ko_KR.UTF-8', 'LC_IDENTIFICATION': 'ko_KR.UTF-8', 'ROS_AUTOMATIC_DISCOVERY_RANGE': 'SUBNET', 'QT_IM_MODULE': 'ibus', 'PWD': '/home/seeno04/camera_ws/build/libcamera', 'LC_ALL': 'ko_KR.UTF-8', 'XDG_CONFIG_DIRS': '/etc/xdg/xdg-ubuntu:/etc/xdg', 'XDG_DATA_DIRS': '/usr/share/ubuntu:/usr/share/gnome:/usr/local/share/:/usr/share/:/var/lib/snapd/desktop', 'PYTHONPATH': '/opt/ros/jazzy/lib/python3.12/site-packages', 'LC_NUMERIC': 'ko_KR.UTF-8', 'LC_PAPER': 'ko_KR.UTF-8', 'COLCON': '1', 'MEMORY_PRESSURE_WRITE': 'c29tZSAyMDAwMDAgMjAwMDAwMAA=', 'VTE_VERSION': '7600', 'CMAKE_PREFIX_PATH': '/home/seeno04/inno_ws/install/sllidar_ros2:/opt/ros/jazzy/opt/gz_math_vendor:/opt/ros/jazzy/opt/gz_utils_vendor:/opt/ros/jazzy/opt/gz_cmake_vendor'}), 'shell': False}
[0.099701] (-) TimerEvent: {}
[0.200034] (-) TimerEvent: {}
[0.300383] (-) TimerEvent: {}
[0.329567] (libcamera) StdoutLine: {'line': b'\x1b[1mThe Meson build system\x1b[0m\n'}
[0.329906] (libcamera) StdoutLine: {'line': b'Version: 1.3.2\n'}
[0.330023] (libcamera) StdoutLine: {'line': b'Source dir: \x1b[1m/home/seeno04/camera_ws/src/libcamera\x1b[0m\n'}
[0.330144] (libcamera) StdoutLine: {'line': b'Build dir: \x1b[1m/home/seeno04/camera_ws/build/libcamera\x1b[0m\n'}
[0.330281] (libcamera) StdoutLine: {'line': b'Build type: \x1b[1mnative build\x1b[0m\n'}
[0.357489] (libcamera) StdoutLine: {'line': b'../../src/libcamera/meson_options.txt:76: \x1b[1;33mWARNING:\x1b[0m Keyword argument "value" defined multiple times.\n'}
[0.357760] (libcamera) StdoutLine: {'line': b'\x1b[1;33mWARNING:\x1b[0m This will be an error in future Meson releases.\n'}
[0.376069] (libcamera) StdoutLine: {'line': b'Project name: \x1b[1mlibcamera\x1b[0m\n'}
[0.376808] (libcamera) StdoutLine: {'line': b'Project version: \x1b[1m0.7.1\x1b[0m\n'}
[0.402411] (-) TimerEvent: {}
[0.502910] (-) TimerEvent: {}
[0.603267] (-) TimerEvent: {}
[0.703621] (-) TimerEvent: {}
[0.790021] (libcamera) StdoutLine: {'line': b'C compiler for the host machine: \x1b[1mcc\x1b[0m (gcc 13.3.0 "cc (Ubuntu 13.3.0-6ubuntu2~24.04.1) 13.3.0")\n'}
[0.790348] (libcamera) StdoutLine: {'line': b'C linker for the host machine: \x1b[1mcc\x1b[0m ld.bfd 2.42\n'}
[0.804660] (-) TimerEvent: {}
[0.905033] (-) TimerEvent: {}
[1.005380] (-) TimerEvent: {}
[1.105744] (-) TimerEvent: {}
[1.137421] (libcamera) StdoutLine: {'line': b'C++ compiler for the host machine: \x1b[1mc++\x1b[0m (gcc 13.3.0 "c++ (Ubuntu 13.3.0-6ubuntu2~24.04.1) 13.3.0")\n'}
[1.137706] (libcamera) StdoutLine: {'line': b'C++ linker for the host machine: \x1b[1mc++\x1b[0m ld.bfd 2.42\n'}
[1.205874] (-) TimerEvent: {}
[1.306244] (-) TimerEvent: {}
[1.376639] (libcamera) StdoutLine: {'line': b'Host machine cpu family: \x1b[1maarch64\x1b[0m\n'}
[1.382335] (libcamera) StdoutLine: {'line': b'Host machine cpu: \x1b[1maarch64\x1b[0m\n'}
[1.406485] (-) TimerEvent: {}
[1.506946] (-) TimerEvent: {}
[1.579286] (libcamera) StdoutLine: {'line': b'Header "\x1b[1munistd.h\x1b[0m" has symbol "\x1b[1mclose_range\x1b[0m" : \x1b[1;32mYES\x1b[0m \n'}
[1.607074] (-) TimerEvent: {}
[1.631360] (libcamera) StdoutLine: {'line': b'Header "\x1b[1mfcntl.h\x1b[0m" has symbol "\x1b[1mF_ADD_SEALS\x1b[0m" : \x1b[1;32mYES\x1b[0m \n'}
[1.680413] (libcamera) StdoutLine: {'line': b'Header "\x1b[1munistd.h\x1b[0m" has symbol "\x1b[1missetugid\x1b[0m" : \x1b[1;31mNO\x1b[0m \n'}
[1.709763] (-) TimerEvent: {}
[1.745880] (libcamera) StdoutLine: {'line': b'Header "\x1b[1mlocale.h\x1b[0m" has symbol "\x1b[1mlocale_t\x1b[0m" : \x1b[1;32mYES\x1b[0m \n'}
[1.793348] (libcamera) StdoutLine: {'line': b'Header "\x1b[1msys/mman.h\x1b[0m" has symbol "\x1b[1mmemfd_create\x1b[0m" : \x1b[1;32mYES\x1b[0m \n'}
[1.811880] (-) TimerEvent: {}
[1.880067] (libcamera) StdoutLine: {'line': b'Header "\x1b[1mstdlib.h\x1b[0m" has symbol "\x1b[1msecure_getenv\x1b[0m" : \x1b[1;32mYES\x1b[0m \n'}
[1.911991] (-) TimerEvent: {}
[2.012175] (libcamera) StdoutLine: {'line': b'Header "\x1b[1mversion\x1b[0m" has symbol "\x1b[1m_LIBCPP_VERSION\x1b[0m" : \x1b[1;31mNO\x1b[0m \n'}
[2.015321] (-) TimerEvent: {}
[2.057013] (libcamera) StdoutLine: {'line': b'Header "\x1b[1mversion\x1b[0m" has symbol "\x1b[1m__GLIBCXX__\x1b[0m" : \x1b[1;32mYES\x1b[0m \n'}
[2.060010] (libcamera) StdoutLine: {'line': b'\x1b[1mMessage:\x1b[0m Detected C++ standard library: libstdc++\n'}
[2.087392] (libcamera) StdoutLine: {'line': b'Compiler for C supports arguments -Wno-c99-designator: \x1b[1;31mNO\x1b[0m \n'}
[2.115546] (-) TimerEvent: {}
[2.132297] (libcamera) StdoutLine: {'line': b'Found pkg-config: \x1b[1;32mYES\x1b[0m \x1b[1m(/usr/bin/pkg-config)\x1b[0m \x1b[1;34m1.8.1\x1b[0m\n'}
[2.215657] (-) TimerEvent: {}
[2.315985] (-) TimerEvent: {}
[2.398289] (libcamera) StdoutLine: {'line': b'Run-time dependency \x1b[1mlttng-ust\x1b[0m found: \x1b[1;32mYES\x1b[0m \x1b[36m2.13.7\x1b[0m\n'}
[2.416121] (-) TimerEvent: {}
[2.418305] (libcamera) StdoutLine: {'line': b'Program \x1b[1m./parser.py\x1b[0m found: \x1b[1;32mYES\x1b[0m (/home/seeno04/camera_ws/src/libcamera/utils/codegen/ipc/./parser.py)\n'}
[2.418615] (libcamera) StdoutLine: {'line': b'Program \x1b[1m./generate.py\x1b[0m found: \x1b[1;32mYES\x1b[0m (/home/seeno04/camera_ws/src/libcamera/utils/codegen/ipc/./generate.py)\n'}
[2.418846] (libcamera) StdoutLine: {'line': b'Program \x1b[1m./extract-docs.py\x1b[0m found: \x1b[1;32mYES\x1b[0m (/home/seeno04/camera_ws/src/libcamera/utils/codegen/ipc/./extract-docs.py)\n'}
[2.516225] (-) TimerEvent: {}
[2.527701] (libcamera) StdoutLine: {'line': b'Configuring \x1b[1mversion.h\x1b[0m using configuration\n'}
[2.536188] (libcamera) StdoutLine: {'line': b'Program \x1b[1mopenssl\x1b[0m found: \x1b[1;32mYES\x1b[0m (/usr/bin/openssl)\n'}
[2.616352] (-) TimerEvent: {}
[2.716662] (-) TimerEvent: {}
[2.782596] (libcamera) StdoutLine: {'line': b'Found CMake: \x1b[1m/usr/bin/cmake\x1b[0m (3.28.3)\n'}
[2.816866] (-) TimerEvent: {}
[2.917471] (-) TimerEvent: {}
[3.017812] (-) TimerEvent: {}
[3.118134] (-) TimerEvent: {}
[3.231030] (-) TimerEvent: {}
[3.331547] (-) TimerEvent: {}
[3.431904] (-) TimerEvent: {}
[3.532232] (-) TimerEvent: {}
[3.632584] (-) TimerEvent: {}
[3.732893] (-) TimerEvent: {}
[3.833227] (-) TimerEvent: {}
[3.896429] (libcamera) StdoutLine: {'line': b'Run-time dependency \x1b[1mlibyuv\x1b[0m found: \x1b[1;31mNO\x1b[0m (tried pkgconfig and cmake)\n'}
[3.920616] (libcamera) StdoutLine: {'line': b'Has header "\x1b[1mlibyuv.h\x1b[0m" : \x1b[1;32mYES\x1b[0m \n'}
[3.936127] (-) TimerEvent: {}
[4.003379] (libcamera) StdoutLine: {'line': b'Library \x1b[1myuv\x1b[0m found: \x1b[1;32mYES\x1b[0m\n'}
[4.037304] (-) TimerEvent: {}
[4.120080] (libcamera) StdoutLine: {'line': b'Library \x1b[1matomic\x1b[0m found: \x1b[1;32mYES\x1b[0m\n'}
[4.124501] (libcamera) StdoutLine: {'line': b'Run-time dependency \x1b[1mthreads\x1b[0m found: \x1b[1;32mYES\x1b[0m\n'}
[4.137450] (-) TimerEvent: {}
[4.148676] (libcamera) StdoutLine: {'line': b'Run-time dependency \x1b[1mlibdw\x1b[0m found: \x1b[1;32mYES\x1b[0m \x1b[36m0.190\x1b[0m\n'}
[4.163996] (libcamera) StdoutLine: {'line': b'Run-time dependency \x1b[1mlibunwind\x1b[0m found: \x1b[1;32mYES\x1b[0m \x1b[36m1.6.2\x1b[0m\n'}
[4.200951] (libcamera) StdoutLine: {'line': b'Header "\x1b[1mexecinfo.h\x1b[0m" has symbol "\x1b[1mbacktrace\x1b[0m" : \x1b[1;32mYES\x1b[0m \n'}
[4.237723] (-) TimerEvent: {}
[4.287033] (libcamera) StdoutLine: {'line': b'Library \x1b[1mrt\x1b[0m found: \x1b[1;32mYES\x1b[0m\n'}
[4.305866] (libcamera) StdoutLine: {'line': b'Run-time dependency \x1b[1mlibpisp\x1b[0m found: \x1b[1;31mNO\x1b[0m (tried pkgconfig and cmake)\n'}
[4.306213] (libcamera) StdoutLine: {'line': b'Looking for a fallback subproject for the dependency \x1b[1mlibpisp\x1b[0m\n'}
[4.308595] (libcamera) StderrLine: {'line': b"'libpisp'\xec\x97\x90 \xeb\xb3\xb5\xec\xa0\x9c\xed\x95\xa9\xeb\x8b\x88\xeb\x8b\xa4...\n"}
[4.337804] (-) TimerEvent: {}
[4.438126] (-) TimerEvent: {}
[4.538524] (-) TimerEvent: {}
[4.638904] (-) TimerEvent: {}
[4.739285] (-) TimerEvent: {}
[4.839658] (-) TimerEvent: {}
[4.940032] (-) TimerEvent: {}
[5.040414] (-) TimerEvent: {}
[5.140788] (-) TimerEvent: {}
[5.241146] (-) TimerEvent: {}
[5.341521] (-) TimerEvent: {}
[5.427792] (libcamera) StderrLine: {'line': b'remote: Enumerating objects: 109, done.\x1b[K\n'}
[5.428398] (libcamera) StderrLine: {'line': b'remote: Counting objects:   0% (1/109)\x1b[K\n'}
[5.428606] (libcamera) StderrLine: {'line': b'remote: Counting objects:   1% (2/109)\x1b[K\n'}
[5.428770] (libcamera) StderrLine: {'line': b'remote: Counting objects:   2% (3/109)\x1b[K\n'}
[5.428929] (libcamera) StderrLine: {'line': b'remote: Counting objects:   3% (4/109)\x1b[K\n'}
[5.429142] (libcamera) StderrLine: {'line': b'remote: Counting objects:   4% (5/109)\x1b[K\n'}
[5.429413] (libcamera) StderrLine: {'line': b'remote: Counting objects:   5% (6/109)\x1b[K\n'}
[5.429749] (libcamera) StderrLine: {'line': b'remote: Counting objects:   6% (7/109)\x1b[K\n'}
[5.429965] (libcamera) StderrLine: {'line': b'remote: Counting objects:   7% (8/109)\x1b[K\n'}
[5.430130] (libcamera) StderrLine: {'line': b'remote: Counting objects:   8% (9/109)\x1b[K\n'}
[5.430330] (libcamera) StderrLine: {'line': b'remote: Counting objects:   9% (10/109)\x1b[K\n'}
[5.430498] (libcamera) StderrLine: {'line': b'remote: Counting objects:  10% (11/109)\x1b[K\n'}
[5.430642] (libcamera) StderrLine: {'line': b'remote: Counting objects:  11% (12/109)\x1b[K\n'}
[5.430839] (libcamera) StderrLine: {'line': b'remote: Counting objects:  12% (14/109)\x1b[K\n'}
[5.431053] (libcamera) StderrLine: {'line': b'remote: Counting objects:  13% (15/109)\x1b[K\n'}
[5.431294] (libcamera) StderrLine: {'line': b'remote: Counting objects:  14% (16/109)\x1b[K\n'}
[5.431439] (libcamera) StderrLine: {'line': b'remote: Counting objects:  15% (17/109)\x1b[K\n'}
[5.431568] (libcamera) StderrLine: {'line': b'remote: Counting objects:  16% (18/109)\x1b[K\n'}
[5.431697] (libcamera) StderrLine: {'line': b'remote: Counting objects:  17% (19/109)\x1b[K\n'}
[5.431823] (libcamera) StderrLine: {'line': b'remote: Counting objects:  18% (20/109)\x1b[K\n'}
[5.431949] (libcamera) StderrLine: {'line': b'remote: Counting objects:  19% (21/109)\x1b[K\n'}
[5.432074] (libcamera) StderrLine: {'line': b'remote: Counting objects:  20% (22/109)\x1b[K\n'}
[5.432218] (libcamera) StderrLine: {'line': b'remote: Counting objects:  21% (23/109)\x1b[K\n'}
[5.432354] (libcamera) StderrLine: {'line': b'remote: Counting objects:  22% (24/109)\x1b[K\n'}
[5.432481] (libcamera) StderrLine: {'line': b'remote: Counting objects:  23% (26/109)\x1b[K\n'}
[5.432608] (libcamera) StderrLine: {'line': b'remote: Counting objects:  24% (27/109)\x1b[K\n'}
[5.432759] (libcamera) StderrLine: {'line': b'remote: Counting objects:  25% (28/109)\x1b[K\n'}
[5.432884] (libcamera) StderrLine: {'line': b'remote: Counting objects:  26% (29/109)\x1b[K\n'}
[5.433006] (libcamera) StderrLine: {'line': b'remote: Counting objects:  27% (30/109)\x1b[K\n'}
[5.433126] (libcamera) StderrLine: {'line': b'remote: Counting objects:  28% (31/109)\x1b[K\n'}
[5.436549] (libcamera) StderrLine: {'line': b'remote: Counting objects:  29% (32/109)\x1b[K\n'}
[5.436877] (libcamera) StderrLine: {'line': b'remote: Counting objects:  30% (33/109)\x1b[K\n'}
[5.437033] (libcamera) StderrLine: {'line': b'remote: Counting objects:  31% (34/109)\x1b[K\n'}
[5.437203] (libcamera) StderrLine: {'line': b'remote: Counting objects:  32% (35/109)\x1b[K\n'}
[5.437371] (libcamera) StderrLine: {'line': b'remote: Counting objects:  33% (36/109)\x1b[K\n'}
[5.437644] (libcamera) StderrLine: {'line': b'remote: Counting objects:  34% (38/109)\x1b[K\n'}
[5.437749] (libcamera) StderrLine: {'line': b'remote: Counting objects:  35% (39/109)\x1b[K\n'}
[5.437850] (libcamera) StderrLine: {'line': b'remote: Counting objects:  36% (40/109)\x1b[K\n'}
[5.437952] (libcamera) StderrLine: {'line': b'remote: Counting objects:  37% (41/109)\x1b[K\n'}
[5.438055] (libcamera) StderrLine: {'line': b'remote: Counting objects:  38% (42/109)\x1b[K\n'}
[5.438188] (libcamera) StderrLine: {'line': b'remote: Counting objects:  39% (43/109)\x1b[K\n'}
[5.438332] (libcamera) StderrLine: {'line': b'remote: Counting objects:  40% (44/109)\x1b[K\n'}
[5.438446] (libcamera) StderrLine: {'line': b'remote: Counting objects:  41% (45/109)\x1b[K\n'}
[5.438579] (libcamera) StderrLine: {'line': b'remote: Counting objects:  42% (46/109)\x1b[K\n'}
[5.438709] (libcamera) StderrLine: {'line': b'remote: Counting objects:  43% (47/109)\x1b[K\n'}
[5.439055] (libcamera) StderrLine: {'line': b'remote: Counting objects:  44% (48/109)\x1b[K\n'}
[5.439789] (libcamera) StderrLine: {'line': b'remote: Counting objects:  45% (50/109)\x1b[K\n'}
[5.440129] (libcamera) StderrLine: {'line': b'remote: Counting objects:  46% (51/109)\x1b[K\n'}
[5.440336] (libcamera) StderrLine: {'line': b'remote: Counting objects:  47% (52/109)\x1b[K\n'}
[5.440478] (libcamera) StderrLine: {'line': b'remote: Counting objects:  48% (53/109)\x1b[K\n'}
[5.440599] (libcamera) StderrLine: {'line': b'remote: Counting objects:  49% (54/109)\x1b[K\n'}
[5.440717] (libcamera) StderrLine: {'line': b'remote: Counting objects:  50% (55/109)\x1b[K\n'}
[5.440843] (libcamera) StderrLine: {'line': b'remote: Counting objects:  51% (56/109)\x1b[K\n'}
[5.440963] (libcamera) StderrLine: {'line': b'remote: Counting objects:  52% (57/109)\x1b[K\n'}
[5.441084] (libcamera) StderrLine: {'line': b'remote: Counting objects:  53% (58/109)\x1b[K\n'}
[5.441257] (libcamera) StderrLine: {'line': b'remote: Counting objects:  54% (59/109)\x1b[K\n'}
[5.441423] (libcamera) StderrLine: {'line': b'remote: Counting objects:  55% (60/109)\x1b[K\n'}
[5.441607] (-) TimerEvent: {}
[5.441822] (libcamera) StderrLine: {'line': b'remote: Counting objects:  56% (62/109)\x1b[K\n'}
[5.442065] (libcamera) StderrLine: {'line': b'remote: Counting objects:  57% (63/109)\x1b[K\n'}
[5.442371] (libcamera) StderrLine: {'line': b'remote: Counting objects:  58% (64/109)\x1b[K\n'}
[5.442584] (libcamera) StderrLine: {'line': b'remote: Counting objects:  59% (65/109)\x1b[K\n'}
[5.443416] (libcamera) StderrLine: {'line': b'remote: Counting objects:  60% (66/109)\x1b[K\n'}
[5.444057] (libcamera) StderrLine: {'line': b'remote: Counting objects:  61% (67/109)\x1b[K\n'}
[5.444697] (libcamera) StderrLine: {'line': b'remote: Counting objects:  62% (68/109)\x1b[K\n'}
[5.447864] (libcamera) StderrLine: {'line': b'remote: Counting objects:  63% (69/109)\x1b[K\n'}
[5.448194] (libcamera) StderrLine: {'line': b'remote: Counting objects:  64% (70/109)\x1b[K\n'}
[5.448368] (libcamera) StderrLine: {'line': b'remote: Counting objects:  65% (71/109)\x1b[K\n'}
[5.448483] (libcamera) StderrLine: {'line': b'remote: Counting objects:  66% (72/109)\x1b[K\n'}
[5.448587] (libcamera) StderrLine: {'line': b'remote: Counting objects:  67% (74/109)\x1b[K\n'}
[5.448693] (libcamera) StderrLine: {'line': b'remote: Counting objects:  68% (75/109)\x1b[K\n'}
[5.448793] (libcamera) StderrLine: {'line': b'remote: Counting objects:  69% (76/109)\x1b[K\n'}
[5.448883] (libcamera) StderrLine: {'line': b'remote: Counting objects:  70% (77/109)\x1b[K\n'}
[5.448988] (libcamera) StderrLine: {'line': b'remote: Counting objects:  71% (78/109)\x1b[K\n'}
[5.449081] (libcamera) StderrLine: {'line': b'remote: Counting objects:  72% (79/109)\x1b[K\n'}
[5.449202] (libcamera) StderrLine: {'line': b'remote: Counting objects:  73% (80/109)\x1b[K\n'}
[5.449332] (libcamera) StderrLine: {'line': b'remote: Counting objects:  74% (81/109)\x1b[K\n'}
[5.449437] (libcamera) StderrLine: {'line': b'remote: Counting objects:  75% (82/109)\x1b[K\n'}
[5.449569] (libcamera) StderrLine: {'line': b'remote: Counting objects:  76% (83/109)\x1b[K\n'}
[5.450953] (libcamera) StderrLine: {'line': b'remote: Counting objects:  77% (84/109)\x1b[K\n'}
[5.451523] (libcamera) StderrLine: {'line': b'remote: Counting objects:  78% (86/109)\x1b[K\n'}
[5.452262] (libcamera) StderrLine: {'line': b'remote: Counting objects:  79% (87/109)\x1b[K\n'}
[5.452528] (libcamera) StderrLine: {'line': b'remote: Counting objects:  80% (88/109)\x1b[K\n'}
[5.452678] (libcamera) StderrLine: {'line': b'remote: Counting objects:  81% (89/109)\x1b[K\n'}
[5.452801] (libcamera) StderrLine: {'line': b'remote: Counting objects:  82% (90/109)\x1b[K\n'}
[5.452907] (libcamera) StderrLine: {'line': b'remote: Counting objects:  83% (91/109)\x1b[K\n'}
[5.453013] (libcamera) StderrLine: {'line': b'remote: Counting objects:  84% (92/109)\x1b[K\n'}
[5.453114] (libcamera) StderrLine: {'line': b'remote: Counting objects:  85% (93/109)\x1b[K\n'}
[5.453345] (libcamera) StderrLine: {'line': b'remote: Counting objects:  86% (94/109)\x1b[K\n'}
[5.453649] (libcamera) StderrLine: {'line': b'remote: Counting objects:  87% (95/109)\x1b[K\n'}
[5.454288] (libcamera) StderrLine: {'line': b'remote: Counting objects:  88% (96/109)\x1b[K\n'}
[5.454872] (libcamera) StderrLine: {'line': b'remote: Counting objects:  89% (98/109)\x1b[K\n'}
[5.455109] (libcamera) StderrLine: {'line': b'remote: Counting objects:  90% (99/109)\x1b[K\n'}
[5.455234] (libcamera) StderrLine: {'line': b'remote: Counting objects:  91% (100/109)\x1b[K\n'}
[5.455331] (libcamera) StderrLine: {'line': b'remote: Counting objects:  92% (101/109)\x1b[K\n'}
[5.455417] (libcamera) StderrLine: {'line': b'remote: Counting objects:  93% (102/109)\x1b[K\n'}
[5.455543] (libcamera) StderrLine: {'line': b'remote: Counting objects:  94% (103/109)\x1b[K\n'}
[5.455639] (libcamera) StderrLine: {'line': b'remote: Counting objects:  95% (104/109)\x1b[K\n'}
[5.455720] (libcamera) StderrLine: {'line': b'remote: Counting objects:  96% (105/109)\x1b[K\n'}
[5.455801] (libcamera) StderrLine: {'line': b'remote: Counting objects:  97% (106/109)\x1b[K\n'}
[5.455884] (libcamera) StderrLine: {'line': b'remote: Counting objects:  98% (107/109)\x1b[K\n'}
[5.455998] (libcamera) StderrLine: {'line': b'remote: Counting objects:  99% (108/109)\x1b[K\n'}
[5.456091] (libcamera) StderrLine: {'line': b'remote: Counting objects: 100% (109/109)\x1b[K\n'}
[5.456200] (libcamera) StderrLine: {'line': b'remote: Counting objects: 100% (109/109), done.\x1b[K\n'}
[5.456324] (libcamera) StderrLine: {'line': b'remote: Compressing objects:   0% (1/102)\x1b[K\n'}
[5.456440] (libcamera) StderrLine: {'line': b'remote: Compressing objects:   1% (2/102)\x1b[K\n'}
[5.456568] (libcamera) StderrLine: {'line': b'remote: Compressing objects:   2% (3/102)\x1b[K\n'}
[5.456681] (libcamera) StderrLine: {'line': b'remote: Compressing objects:   3% (4/102)\x1b[K\n'}
[5.456777] (libcamera) StderrLine: {'line': b'remote: Compressing objects:   4% (5/102)\x1b[K\n'}
[5.456865] (libcamera) StderrLine: {'line': b'remote: Compressing objects:   5% (6/102)\x1b[K\n'}
[5.456962] (libcamera) StderrLine: {'line': b'remote: Compressing objects:   6% (7/102)\x1b[K\n'}
[5.457086] (libcamera) StderrLine: {'line': b'remote: Compressing objects:   7% (8/102)\x1b[K\n'}
[5.457235] (libcamera) StderrLine: {'line': b'remote: Compressing objects:   8% (9/102)\x1b[K\n'}
[5.457429] (libcamera) StderrLine: {'line': b'remote: Compressing objects:   9% (10/102)\x1b[K\n'}
[5.457578] (libcamera) StderrLine: {'line': b'remote: Compressing objects:  10% (11/102)\x1b[K\n'}
[5.457727] (libcamera) StderrLine: {'line': b'remote: Compressing objects:  11% (12/102)\x1b[K\n'}
[5.457859] (libcamera) StderrLine: {'line': b'remote: Compressing objects:  12% (13/102)\x1b[K\n'}
[5.458151] (libcamera) StderrLine: {'line': b'remote: Compressing objects:  13% (14/102)\x1b[K\n'}
[5.458327] (libcamera) StderrLine: {'line': b'remote: Compressing objects:  14% (15/102)\x1b[K\n'}
[5.458429] (libcamera) StderrLine: {'line': b'remote: Compressing objects:  15% (16/102)\x1b[K\n'}
[5.458569] (libcamera) StderrLine: {'line': b'remote: Compressing objects:  16% (17/102)\x1b[K\n'}
[5.458669] (libcamera) StderrLine: {'line': b'remote: Compressing objects:  17% (18/102)\x1b[K\n'}
[5.458755] (libcamera) StderrLine: {'line': b'remote: Compressing objects:  18% (19/102)\x1b[K\n'}
[5.458851] (libcamera) StderrLine: {'line': b'remote: Compressing objects:  19% (20/102)\x1b[K\n'}
[5.458948] (libcamera) StderrLine: {'line': b'remote: Compressing objects:  20% (21/102)\x1b[K\n'}
[5.459038] (libcamera) StderrLine: {'line': b'remote: Compressing objects:  21% (22/102)\x1b[K\n'}
[5.459196] (libcamera) StderrLine: {'line': b'remote: Compressing objects:  22% (23/102)\x1b[K\n'}
[5.459349] (libcamera) StderrLine: {'line': b'remote: Compressing objects:  23% (24/102)\x1b[K\n'}
[5.459593] (libcamera) StderrLine: {'line': b'remote: Compressing objects:  24% (25/102)\x1b[K\n'}
[5.460049] (libcamera) StderrLine: {'line': b'remote: Compressing objects:  25% (26/102)\x1b[K\n'}
[5.460505] (libcamera) StderrLine: {'line': b'remote: Compressing objects:  26% (27/102)\x1b[K\n'}
[5.460735] (libcamera) StderrLine: {'line': b'remote: Compressing objects:  27% (28/102)\x1b[K\n'}
[5.460888] (libcamera) StderrLine: {'line': b'remote: Compressing objects:  28% (29/102)\x1b[K\n'}
[5.460973] (libcamera) StderrLine: {'line': b'remote: Compressing objects:  29% (30/102)\x1b[K\n'}
[5.461055] (libcamera) StderrLine: {'line': b'remote: Compressing objects:  30% (31/102)\x1b[K\n'}
[5.461136] (libcamera) StderrLine: {'line': b'remote: Compressing objects:  31% (32/102)\x1b[K\n'}
[5.461241] (libcamera) StderrLine: {'line': b'remote: Compressing objects:  32% (33/102)\x1b[K\n'}
[5.461326] (libcamera) StderrLine: {'line': b'remote: Compressing objects:  33% (34/102)\x1b[K\n'}
[5.461580] (libcamera) StderrLine: {'line': b'remote: Compressing objects:  34% (35/102)\x1b[K\n'}
[5.461972] (libcamera) StderrLine: {'line': b'remote: Compressing objects:  35% (36/102)\x1b[K\n'}
[5.462230] (libcamera) StderrLine: {'line': b'remote: Compressing objects:  36% (37/102)\x1b[K\n'}
[5.462724] (libcamera) StderrLine: {'line': b'remote: Compressing objects:  37% (38/102)\x1b[K\n'}
[5.463094] (libcamera) StderrLine: {'line': b'remote: Compressing objects:  38% (39/102)\x1b[K\n'}
[5.463328] (libcamera) StderrLine: {'line': b'remote: Compressing objects:  39% (40/102)\x1b[K\n'}
[5.463582] (libcamera) StderrLine: {'line': b'remote: Compressing objects:  40% (41/102)\x1b[K\n'}
[5.463721] (libcamera) StderrLine: {'line': b'remote: Compressing objects:  41% (42/102)\x1b[K\n'}
[5.463844] (libcamera) StderrLine: {'line': b'remote: Compressing objects:  42% (43/102)\x1b[K\n'}
[5.463956] (libcamera) StderrLine: {'line': b'remote: Compressing objects:  43% (44/102)\x1b[K\n'}
[5.464192] (libcamera) StderrLine: {'line': b'remote: Compressing objects:  44% (45/102)\x1b[K\n'}
[5.464378] (libcamera) StderrLine: {'line': b'remote: Compressing objects:  45% (46/102)\x1b[K\n'}
[5.464459] (libcamera) StderrLine: {'line': b'remote: Compressing objects:  46% (47/102)\x1b[K\n'}
[5.464551] (libcamera) StderrLine: {'line': b'remote: Compressing objects:  47% (48/102)\x1b[K\n'}
[5.464630] (libcamera) StderrLine: {'line': b'remote: Compressing objects:  48% (49/102)\x1b[K\n'}
[5.464716] (libcamera) StderrLine: {'line': b'remote: Compressing objects:  49% (50/102)\x1b[K\n'}
[5.464799] (libcamera) StderrLine: {'line': b'remote: Compressing objects:  50% (51/102)\x1b[K\n'}
[5.464889] (libcamera) StderrLine: {'line': b'remote: Compressing objects:  51% (53/102)\x1b[K\n'}
[5.464971] (libcamera) StderrLine: {'line': b'remote: Compressing objects:  52% (54/102)\x1b[K\n'}
[5.465057] (libcamera) StderrLine: {'line': b'remote: Compressing objects:  53% (55/102)\x1b[K\n'}
[5.465139] (libcamera) StderrLine: {'line': b'remote: Compressing objects:  54% (56/102)\x1b[K\n'}
[5.468959] (libcamera) StderrLine: {'line': b'remote: Compressing objects:  55% (57/102)\x1b[K\n'}
[5.469461] (libcamera) StderrLine: {'line': b'remote: Compressing objects:  56% (58/102)\x1b[K\n'}
[5.469608] (libcamera) StderrLine: {'line': b'remote: Compressing objects:  57% (59/102)\x1b[K\n'}
[5.469857] (libcamera) StderrLine: {'line': b'remote: Compressing objects:  58% (60/102)\x1b[K\n'}
[5.470098] (libcamera) StderrLine: {'line': b'remote: Compressing objects:  59% (61/102)\x1b[K\n'}
[5.470232] (libcamera) StderrLine: {'line': b'remote: Compressing objects:  60% (62/102)\x1b[K\n'}
[5.470338] (libcamera) StderrLine: {'line': b'remote: Compressing objects:  61% (63/102)\x1b[K\n'}
[5.470425] (libcamera) StderrLine: {'line': b'remote: Compressing objects:  62% (64/102)\x1b[K\n'}
[5.470504] (libcamera) StderrLine: {'line': b'remote: Compressing objects:  63% (65/102)\x1b[K\n'}
[5.470595] (libcamera) StderrLine: {'line': b'remote: Compressing objects:  64% (66/102)\x1b[K\n'}
[5.470736] (libcamera) StderrLine: {'line': b'remote: Compressing objects:  65% (67/102)\x1b[K\n'}
[5.470850] (libcamera) StderrLine: {'line': b'remote: Compressing objects:  66% (68/102)\x1b[K\n'}
[5.470972] (libcamera) StderrLine: {'line': b'remote: Compressing objects:  67% (69/102)\x1b[K\n'}
[5.471097] (libcamera) StderrLine: {'line': b'remote: Compressing objects:  68% (70/102)\x1b[K\n'}
[5.471371] (libcamera) StderrLine: {'line': b'remote: Compressing objects:  69% (71/102)\x1b[K\n'}
[5.471543] (libcamera) StderrLine: {'line': b'remote: Compressing objects:  70% (72/102)\x1b[K\n'}
[5.471802] (libcamera) StderrLine: {'line': b'remote: Compressing objects:  71% (73/102)\x1b[K\n'}
[5.472096] (libcamera) StderrLine: {'line': b'remote: Compressing objects:  72% (74/102)\x1b[K\n'}
[5.472234] (libcamera) StderrLine: {'line': b'remote: Compressing objects:  73% (75/102)\x1b[K\n'}
[5.472331] (libcamera) StderrLine: {'line': b'remote: Compressing objects:  74% (76/102)\x1b[K\n'}
[5.472413] (libcamera) StderrLine: {'line': b'remote: Compressing objects:  75% (77/102)\x1b[K\n'}
[5.472492] (libcamera) StderrLine: {'line': b'remote: Compressing objects:  76% (78/102)\x1b[K\n'}
[5.472572] (libcamera) StderrLine: {'line': b'remote: Compressing objects:  77% (79/102)\x1b[K\n'}
[5.472650] (libcamera) StderrLine: {'line': b'remote: Compressing objects:  78% (80/102)\x1b[K\n'}
[5.472728] (libcamera) StderrLine: {'line': b'remote: Compressing objects:  79% (81/102)\x1b[K\n'}
[5.472807] (libcamera) StderrLine: {'line': b'remote: Compressing objects:  80% (82/102)\x1b[K\n'}
[5.472885] (libcamera) StderrLine: {'line': b'remote: Compressing objects:  81% (83/102)\x1b[K\n'}
[5.472977] (libcamera) StderrLine: {'line': b'remote: Compressing objects:  82% (84/102)\x1b[K\n'}
[5.473058] (libcamera) StderrLine: {'line': b'remote: Compressing objects:  83% (85/102)\x1b[K\n'}
[5.473137] (libcamera) StderrLine: {'line': b'remote: Compressing objects:  84% (86/102)\x1b[K\n'}
[5.473235] (libcamera) StderrLine: {'line': b'remote: Compressing objects:  85% (87/102)\x1b[K\n'}
[5.473317] (libcamera) StderrLine: {'line': b'remote: Compressing objects:  86% (88/102)\x1b[K\n'}
[5.473395] (libcamera) StderrLine: {'line': b'remote: Compressing objects:  87% (89/102)\x1b[K\n'}
[5.473473] (libcamera) StderrLine: {'line': b'remote: Compressing objects:  88% (90/102)\x1b[K\n'}
[5.473551] (libcamera) StderrLine: {'line': b'remote: Compressing objects:  89% (91/102)\x1b[K\n'}
[5.473629] (libcamera) StderrLine: {'line': b'remote: Compressing objects:  90% (92/102)\x1b[K\n'}
[5.473707] (libcamera) StderrLine: {'line': b'remote: Compressing objects:  91% (93/102)\x1b[K\n'}
[5.473785] (libcamera) StderrLine: {'line': b'remote: Compressing objects:  92% (94/102)\x1b[K\n'}
[5.473863] (libcamera) StderrLine: {'line': b'remote: Compressing objects:  93% (95/102)\x1b[K\n'}
[5.473940] (libcamera) StderrLine: {'line': b'remote: Compressing objects:  94% (96/102)\x1b[K\n'}
[5.474018] (libcamera) StderrLine: {'line': b'remote: Compressing objects:  95% (97/102)\x1b[K\n'}
[5.474096] (libcamera) StderrLine: {'line': b'remote: Compressing objects:  96% (98/102)\x1b[K\n'}
[5.474186] (libcamera) StderrLine: {'line': b'remote: Compressing objects:  97% (99/102)\x1b[K\n'}
[5.474274] (libcamera) StderrLine: {'line': b'remote: Compressing objects:  98% (100/102)\x1b[K\n'}
[5.474363] (libcamera) StderrLine: {'line': b'remote: Compressing objects:  99% (101/102)\x1b[K\n'}
[5.474441] (libcamera) StderrLine: {'line': b'remote: Compressing objects: 100% (102/102)\x1b[K\n'}
[5.474519] (libcamera) StderrLine: {'line': b'remote: Compressing objects: 100% (102/102), done.\x1b[K\n'}
[5.474597] (libcamera) StderrLine: {'line': b'\xec\x98\xa4\xeb\xb8\x8c\xec\xa0\x9d\xed\x8a\xb8\xeb\xa5\xbc \xeb\xb0\x9b\xeb\x8a\x94 \xec\xa4\x91:   0% (1/109)\n'}
[5.474676] (libcamera) StderrLine: {'line': b'\xec\x98\xa4\xeb\xb8\x8c\xec\xa0\x9d\xed\x8a\xb8\xeb\xa5\xbc \xeb\xb0\x9b\xeb\x8a\x94 \xec\xa4\x91:   1% (2/109)\n'}
[5.474754] (libcamera) StderrLine: {'line': b'\xec\x98\xa4\xeb\xb8\x8c\xec\xa0\x9d\xed\x8a\xb8\xeb\xa5\xbc \xeb\xb0\x9b\xeb\x8a\x94 \xec\xa4\x91:   2% (3/109)\n'}
[5.474832] (libcamera) StderrLine: {'line': b'\xec\x98\xa4\xeb\xb8\x8c\xec\xa0\x9d\xed\x8a\xb8\xeb\xa5\xbc \xeb\xb0\x9b\xeb\x8a\x94 \xec\xa4\x91:   3% (4/109)\n'}
[5.474916] (libcamera) StderrLine: {'line': b'\xec\x98\xa4\xeb\xb8\x8c\xec\xa0\x9d\xed\x8a\xb8\xeb\xa5\xbc \xeb\xb0\x9b\xeb\x8a\x94 \xec\xa4\x91:   4% (5/109)\n'}
[5.474994] (libcamera) StderrLine: {'line': b'\xec\x98\xa4\xeb\xb8\x8c\xec\xa0\x9d\xed\x8a\xb8\xeb\xa5\xbc \xeb\xb0\x9b\xeb\x8a\x94 \xec\xa4\x91:   5% (6/109)\n'}
[5.475072] (libcamera) StderrLine: {'line': b'\xec\x98\xa4\xeb\xb8\x8c\xec\xa0\x9d\xed\x8a\xb8\xeb\xa5\xbc \xeb\xb0\x9b\xeb\x8a\x94 \xec\xa4\x91:   6% (7/109)\n'}
[5.475149] (libcamera) StderrLine: {'line': b'\xec\x98\xa4\xeb\xb8\x8c\xec\xa0\x9d\xed\x8a\xb8\xeb\xa5\xbc \xeb\xb0\x9b\xeb\x8a\x94 \xec\xa4\x91:   7% (8/109)\n'}
[5.475244] (libcamera) StderrLine: {'line': b'\xec\x98\xa4\xeb\xb8\x8c\xec\xa0\x9d\xed\x8a\xb8\xeb\xa5\xbc \xeb\xb0\x9b\xeb\x8a\x94 \xec\xa4\x91:   8% (9/109)\n'}
[5.475323] (libcamera) StderrLine: {'line': b'\xec\x98\xa4\xeb\xb8\x8c\xec\xa0\x9d\xed\x8a\xb8\xeb\xa5\xbc \xeb\xb0\x9b\xeb\x8a\x94 \xec\xa4\x91:   9% (10/109)\n'}
[5.475401] (libcamera) StderrLine: {'line': b'\xec\x98\xa4\xeb\xb8\x8c\xec\xa0\x9d\xed\x8a\xb8\xeb\xa5\xbc \xeb\xb0\x9b\xeb\x8a\x94 \xec\xa4\x91:  10% (11/109)\n'}
[5.475479] (libcamera) StderrLine: {'line': b'\xec\x98\xa4\xeb\xb8\x8c\xec\xa0\x9d\xed\x8a\xb8\xeb\xa5\xbc \xeb\xb0\x9b\xeb\x8a\x94 \xec\xa4\x91:  11% (12/109)\n'}
[5.475555] (libcamera) StderrLine: {'line': b'\xec\x98\xa4\xeb\xb8\x8c\xec\xa0\x9d\xed\x8a\xb8\xeb\xa5\xbc \xeb\xb0\x9b\xeb\x8a\x94 \xec\xa4\x91:  12% (14/109)\n'}
[5.475632] (libcamera) StderrLine: {'line': b'\xec\x98\xa4\xeb\xb8\x8c\xec\xa0\x9d\xed\x8a\xb8\xeb\xa5\xbc \xeb\xb0\x9b\xeb\x8a\x94 \xec\xa4\x91:  13% (15/109)\n'}
[5.475709] (libcamera) StderrLine: {'line': b'\xec\x98\xa4\xeb\xb8\x8c\xec\xa0\x9d\xed\x8a\xb8\xeb\xa5\xbc \xeb\xb0\x9b\xeb\x8a\x94 \xec\xa4\x91:  14% (16/109)\n'}
[5.475785] (libcamera) StderrLine: {'line': b'\xec\x98\xa4\xeb\xb8\x8c\xec\xa0\x9d\xed\x8a\xb8\xeb\xa5\xbc \xeb\xb0\x9b\xeb\x8a\x94 \xec\xa4\x91:  15% (17/109)\n'}
[5.475862] (libcamera) StderrLine: {'line': b'\xec\x98\xa4\xeb\xb8\x8c\xec\xa0\x9d\xed\x8a\xb8\xeb\xa5\xbc \xeb\xb0\x9b\xeb\x8a\x94 \xec\xa4\x91:  16% (18/109)\n'}
[5.475938] (libcamera) StderrLine: {'line': b'\xec\x98\xa4\xeb\xb8\x8c\xec\xa0\x9d\xed\x8a\xb8\xeb\xa5\xbc \xeb\xb0\x9b\xeb\x8a\x94 \xec\xa4\x91:  17% (19/109)\n'}
[5.476015] (libcamera) StderrLine: {'line': b'\xec\x98\xa4\xeb\xb8\x8c\xec\xa0\x9d\xed\x8a\xb8\xeb\xa5\xbc \xeb\xb0\x9b\xeb\x8a\x94 \xec\xa4\x91:  18% (20/109)\n'}
[5.476092] (libcamera) StderrLine: {'line': b'\xec\x98\xa4\xeb\xb8\x8c\xec\xa0\x9d\xed\x8a\xb8\xeb\xa5\xbc \xeb\xb0\x9b\xeb\x8a\x94 \xec\xa4\x91:  19% (21/109)\n'}
[5.476175] (libcamera) StderrLine: {'line': b'\xec\x98\xa4\xeb\xb8\x8c\xec\xa0\x9d\xed\x8a\xb8\xeb\xa5\xbc \xeb\xb0\x9b\xeb\x8a\x94 \xec\xa4\x91:  20% (22/109)\n'}
[5.476263] (libcamera) StderrLine: {'line': b'\xec\x98\xa4\xeb\xb8\x8c\xec\xa0\x9d\xed\x8a\xb8\xeb\xa5\xbc \xeb\xb0\x9b\xeb\x8a\x94 \xec\xa4\x91:  21% (23/109)\n'}
[5.476342] (libcamera) StderrLine: {'line': b'\xec\x98\xa4\xeb\xb8\x8c\xec\xa0\x9d\xed\x8a\xb8\xeb\xa5\xbc \xeb\xb0\x9b\xeb\x8a\x94 \xec\xa4\x91:  22% (24/109)\n'}
[5.476428] (libcamera) StderrLine: {'line': b'\xec\x98\xa4\xeb\xb8\x8c\xec\xa0\x9d\xed\x8a\xb8\xeb\xa5\xbc \xeb\xb0\x9b\xeb\x8a\x94 \xec\xa4\x91:  23% (26/109)\n'}
[5.476505] (libcamera) StderrLine: {'line': b'\xec\x98\xa4\xeb\xb8\x8c\xec\xa0\x9d\xed\x8a\xb8\xeb\xa5\xbc \xeb\xb0\x9b\xeb\x8a\x94 \xec\xa4\x91:  24% (27/109)\n'}
[5.476582] (libcamera) StderrLine: {'line': b'\xec\x98\xa4\xeb\xb8\x8c\xec\xa0\x9d\xed\x8a\xb8\xeb\xa5\xbc \xeb\xb0\x9b\xeb\x8a\x94 \xec\xa4\x91:  25% (28/109)\n'}
[5.476659] (libcamera) StderrLine: {'line': b'\xec\x98\xa4\xeb\xb8\x8c\xec\xa0\x9d\xed\x8a\xb8\xeb\xa5\xbc \xeb\xb0\x9b\xeb\x8a\x94 \xec\xa4\x91:  26% (29/109)\n'}
[5.476736] (libcamera) StderrLine: {'line': b'\xec\x98\xa4\xeb\xb8\x8c\xec\xa0\x9d\xed\x8a\xb8\xeb\xa5\xbc \xeb\xb0\x9b\xeb\x8a\x94 \xec\xa4\x91:  27% (30/109)\n'}
[5.476813] (libcamera) StderrLine: {'line': b'\xec\x98\xa4\xeb\xb8\x8c\xec\xa0\x9d\xed\x8a\xb8\xeb\xa5\xbc \xeb\xb0\x9b\xeb\x8a\x94 \xec\xa4\x91:  28% (31/109)\n'}
[5.476890] (libcamera) StderrLine: {'line': b'\xec\x98\xa4\xeb\xb8\x8c\xec\xa0\x9d\xed\x8a\xb8\xeb\xa5\xbc \xeb\xb0\x9b\xeb\x8a\x94 \xec\xa4\x91:  29% (32/109)\n'}
[5.476967] (libcamera) StderrLine: {'line': b'\xec\x98\xa4\xeb\xb8\x8c\xec\xa0\x9d\xed\x8a\xb8\xeb\xa5\xbc \xeb\xb0\x9b\xeb\x8a\x94 \xec\xa4\x91:  30% (33/109)\n'}
[5.492470] (libcamera) StderrLine: {'line': b'\xec\x98\xa4\xeb\xb8\x8c\xec\xa0\x9d\xed\x8a\xb8\xeb\xa5\xbc \xeb\xb0\x9b\xeb\x8a\x94 \xec\xa4\x91:  31% (34/109)\n'}
[5.492847] (libcamera) StderrLine: {'line': b'\xec\x98\xa4\xeb\xb8\x8c\xec\xa0\x9d\xed\x8a\xb8\xeb\xa5\xbc \xeb\xb0\x9b\xeb\x8a\x94 \xec\xa4\x91:  32% (35/109)\n'}
[5.519443] (libcamera) StderrLine: {'line': b'\xec\x98\xa4\xeb\xb8\x8c\xec\xa0\x9d\xed\x8a\xb8\xeb\xa5\xbc \xeb\xb0\x9b\xeb\x8a\x94 \xec\xa4\x91:  33% (36/109)\n'}
[5.519815] (libcamera) StderrLine: {'line': b'\xec\x98\xa4\xeb\xb8\x8c\xec\xa0\x9d\xed\x8a\xb8\xeb\xa5\xbc \xeb\xb0\x9b\xeb\x8a\x94 \xec\xa4\x91:  34% (38/109)\n'}
[5.520005] (libcamera) StderrLine: {'line': b'\xec\x98\xa4\xeb\xb8\x8c\xec\xa0\x9d\xed\x8a\xb8\xeb\xa5\xbc \xeb\xb0\x9b\xeb\x8a\x94 \xec\xa4\x91:  35% (39/109)\n'}
[5.520271] (libcamera) StderrLine: {'line': b'\xec\x98\xa4\xeb\xb8\x8c\xec\xa0\x9d\xed\x8a\xb8\xeb\xa5\xbc \xeb\xb0\x9b\xeb\x8a\x94 \xec\xa4\x91:  36% (40/109)\n'}
[5.520502] (libcamera) StderrLine: {'line': b'\xec\x98\xa4\xeb\xb8\x8c\xec\xa0\x9d\xed\x8a\xb8\xeb\xa5\xbc \xeb\xb0\x9b\xeb\x8a\x94 \xec\xa4\x91:  37% (41/109)\n'}
[5.520694] (libcamera) StderrLine: {'line': b'\xec\x98\xa4\xeb\xb8\x8c\xec\xa0\x9d\xed\x8a\xb8\xeb\xa5\xbc \xeb\xb0\x9b\xeb\x8a\x94 \xec\xa4\x91:  38% (42/109)\n'}
[5.520800] (libcamera) StderrLine: {'line': b'\xec\x98\xa4\xeb\xb8\x8c\xec\xa0\x9d\xed\x8a\xb8\xeb\xa5\xbc \xeb\xb0\x9b\xeb\x8a\x94 \xec\xa4\x91:  39% (43/109)\n'}
[5.520889] (libcamera) StderrLine: {'line': b'\xec\x98\xa4\xeb\xb8\x8c\xec\xa0\x9d\xed\x8a\xb8\xeb\xa5\xbc \xeb\xb0\x9b\xeb\x8a\x94 \xec\xa4\x91:  40% (44/109)\n'}
[5.520975] (libcamera) StderrLine: {'line': b'\xec\x98\xa4\xeb\xb8\x8c\xec\xa0\x9d\xed\x8a\xb8\xeb\xa5\xbc \xeb\xb0\x9b\xeb\x8a\x94 \xec\xa4\x91:  41% (45/109)\n'}
[5.521116] (libcamera) StderrLine: {'line': b'\xec\x98\xa4\xeb\xb8\x8c\xec\xa0\x9d\xed\x8a\xb8\xeb\xa5\xbc \xeb\xb0\x9b\xeb\x8a\x94 \xec\xa4\x91:  42% (46/109)\n'}
[5.521252] (libcamera) StderrLine: {'line': b'\xec\x98\xa4\xeb\xb8\x8c\xec\xa0\x9d\xed\x8a\xb8\xeb\xa5\xbc \xeb\xb0\x9b\xeb\x8a\x94 \xec\xa4\x91:  43% (47/109)\n'}
[5.521347] (libcamera) StderrLine: {'line': b'\xec\x98\xa4\xeb\xb8\x8c\xec\xa0\x9d\xed\x8a\xb8\xeb\xa5\xbc \xeb\xb0\x9b\xeb\x8a\x94 \xec\xa4\x91:  44% (48/109)\n'}
[5.521430] (libcamera) StderrLine: {'line': b'\xec\x98\xa4\xeb\xb8\x8c\xec\xa0\x9d\xed\x8a\xb8\xeb\xa5\xbc \xeb\xb0\x9b\xeb\x8a\x94 \xec\xa4\x91:  45% (50/109)\n'}
[5.521510] (libcamera) StderrLine: {'line': b'\xec\x98\xa4\xeb\xb8\x8c\xec\xa0\x9d\xed\x8a\xb8\xeb\xa5\xbc \xeb\xb0\x9b\xeb\x8a\x94 \xec\xa4\x91:  46% (51/109)\n'}
[5.521592] (libcamera) StderrLine: {'line': b'\xec\x98\xa4\xeb\xb8\x8c\xec\xa0\x9d\xed\x8a\xb8\xeb\xa5\xbc \xeb\xb0\x9b\xeb\x8a\x94 \xec\xa4\x91:  47% (52/109)\n'}
[5.521698] (libcamera) StderrLine: {'line': b'\xec\x98\xa4\xeb\xb8\x8c\xec\xa0\x9d\xed\x8a\xb8\xeb\xa5\xbc \xeb\xb0\x9b\xeb\x8a\x94 \xec\xa4\x91:  48% (53/109)\n'}
[5.521821] (libcamera) StderrLine: {'line': b'\xec\x98\xa4\xeb\xb8\x8c\xec\xa0\x9d\xed\x8a\xb8\xeb\xa5\xbc \xeb\xb0\x9b\xeb\x8a\x94 \xec\xa4\x91:  49% (54/109)\n'}
[5.521931] (libcamera) StderrLine: {'line': b'\xec\x98\xa4\xeb\xb8\x8c\xec\xa0\x9d\xed\x8a\xb8\xeb\xa5\xbc \xeb\xb0\x9b\xeb\x8a\x94 \xec\xa4\x91:  50% (55/109)\n'}
[5.522217] (libcamera) StderrLine: {'line': b'\xec\x98\xa4\xeb\xb8\x8c\xec\xa0\x9d\xed\x8a\xb8\xeb\xa5\xbc \xeb\xb0\x9b\xeb\x8a\x94 \xec\xa4\x91:  51% (56/109)\n'}
[5.522426] (libcamera) StderrLine: {'line': b'\xec\x98\xa4\xeb\xb8\x8c\xec\xa0\x9d\xed\x8a\xb8\xeb\xa5\xbc \xeb\xb0\x9b\xeb\x8a\x94 \xec\xa4\x91:  52% (57/109)\n'}
[5.522800] (libcamera) StderrLine: {'line': b'\xec\x98\xa4\xeb\xb8\x8c\xec\xa0\x9d\xed\x8a\xb8\xeb\xa5\xbc \xeb\xb0\x9b\xeb\x8a\x94 \xec\xa4\x91:  53% (58/109)\n'}
[5.523078] (libcamera) StderrLine: {'line': b'\xec\x98\xa4\xeb\xb8\x8c\xec\xa0\x9d\xed\x8a\xb8\xeb\xa5\xbc \xeb\xb0\x9b\xeb\x8a\x94 \xec\xa4\x91:  54% (59/109)\n'}
[5.523204] (libcamera) StderrLine: {'line': b'\xec\x98\xa4\xeb\xb8\x8c\xec\xa0\x9d\xed\x8a\xb8\xeb\xa5\xbc \xeb\xb0\x9b\xeb\x8a\x94 \xec\xa4\x91:  55% (60/109)\n'}
[5.523304] (libcamera) StderrLine: {'line': b'\xec\x98\xa4\xeb\xb8\x8c\xec\xa0\x9d\xed\x8a\xb8\xeb\xa5\xbc \xeb\xb0\x9b\xeb\x8a\x94 \xec\xa4\x91:  56% (62/109)\n'}
[5.523389] (libcamera) StderrLine: {'line': b'\xec\x98\xa4\xeb\xb8\x8c\xec\xa0\x9d\xed\x8a\xb8\xeb\xa5\xbc \xeb\xb0\x9b\xeb\x8a\x94 \xec\xa4\x91:  57% (63/109)\n'}
[5.523471] (libcamera) StderrLine: {'line': b'\xec\x98\xa4\xeb\xb8\x8c\xec\xa0\x9d\xed\x8a\xb8\xeb\xa5\xbc \xeb\xb0\x9b\xeb\x8a\x94 \xec\xa4\x91:  58% (64/109)\n'}
[5.523551] (libcamera) StderrLine: {'line': b'\xec\x98\xa4\xeb\xb8\x8c\xec\xa0\x9d\xed\x8a\xb8\xeb\xa5\xbc \xeb\xb0\x9b\xeb\x8a\x94 \xec\xa4\x91:  59% (65/109)\n'}
[5.535822] (libcamera) StderrLine: {'line': b'\xec\x98\xa4\xeb\xb8\x8c\xec\xa0\x9d\xed\x8a\xb8\xeb\xa5\xbc \xeb\xb0\x9b\xeb\x8a\x94 \xec\xa4\x91:  60% (66/109)\n'}
[5.536185] (libcamera) StderrLine: {'line': b'\xec\x98\xa4\xeb\xb8\x8c\xec\xa0\x9d\xed\x8a\xb8\xeb\xa5\xbc \xeb\xb0\x9b\xeb\x8a\x94 \xec\xa4\x91:  61% (67/109)\n'}
[5.536310] (libcamera) StderrLine: {'line': b'\xec\x98\xa4\xeb\xb8\x8c\xec\xa0\x9d\xed\x8a\xb8\xeb\xa5\xbc \xeb\xb0\x9b\xeb\x8a\x94 \xec\xa4\x91:  62% (68/109)\n'}
[5.536410] (libcamera) StderrLine: {'line': b'\xec\x98\xa4\xeb\xb8\x8c\xec\xa0\x9d\xed\x8a\xb8\xeb\xa5\xbc \xeb\xb0\x9b\xeb\x8a\x94 \xec\xa4\x91:  63% (69/109)\n'}
[5.536506] (libcamera) StderrLine: {'line': b'\xec\x98\xa4\xeb\xb8\x8c\xec\xa0\x9d\xed\x8a\xb8\xeb\xa5\xbc \xeb\xb0\x9b\xeb\x8a\x94 \xec\xa4\x91:  64% (70/109)\n'}
[5.536600] (libcamera) StderrLine: {'line': b'\xec\x98\xa4\xeb\xb8\x8c\xec\xa0\x9d\xed\x8a\xb8\xeb\xa5\xbc \xeb\xb0\x9b\xeb\x8a\x94 \xec\xa4\x91:  65% (71/109)\n'}
[5.541738] (-) TimerEvent: {}
[5.548220] (libcamera) StderrLine: {'line': b'\xec\x98\xa4\xeb\xb8\x8c\xec\xa0\x9d\xed\x8a\xb8\xeb\xa5\xbc \xeb\xb0\x9b\xeb\x8a\x94 \xec\xa4\x91:  66% (72/109)\n'}
[5.548721] (libcamera) StderrLine: {'line': b'\xec\x98\xa4\xeb\xb8\x8c\xec\xa0\x9d\xed\x8a\xb8\xeb\xa5\xbc \xeb\xb0\x9b\xeb\x8a\x94 \xec\xa4\x91:  67% (74/109)\n'}
[5.548927] (libcamera) StderrLine: {'line': b'\xec\x98\xa4\xeb\xb8\x8c\xec\xa0\x9d\xed\x8a\xb8\xeb\xa5\xbc \xeb\xb0\x9b\xeb\x8a\x94 \xec\xa4\x91:  68% (75/109)\n'}
[5.549050] (libcamera) StderrLine: {'line': b'\xec\x98\xa4\xeb\xb8\x8c\xec\xa0\x9d\xed\x8a\xb8\xeb\xa5\xbc \xeb\xb0\x9b\xeb\x8a\x94 \xec\xa4\x91:  69% (76/109)\n'}
[5.549169] (libcamera) StderrLine: {'line': b'\xec\x98\xa4\xeb\xb8\x8c\xec\xa0\x9d\xed\x8a\xb8\xeb\xa5\xbc \xeb\xb0\x9b\xeb\x8a\x94 \xec\xa4\x91:  70% (77/109)\n'}
[5.549293] (libcamera) StderrLine: {'line': b'\xec\x98\xa4\xeb\xb8\x8c\xec\xa0\x9d\xed\x8a\xb8\xeb\xa5\xbc \xeb\xb0\x9b\xeb\x8a\x94 \xec\xa4\x91:  71% (78/109)\n'}
[5.549400] (libcamera) StderrLine: {'line': b'\xec\x98\xa4\xeb\xb8\x8c\xec\xa0\x9d\xed\x8a\xb8\xeb\xa5\xbc \xeb\xb0\x9b\xeb\x8a\x94 \xec\xa4\x91:  72% (79/109)\n'}
[5.549529] (libcamera) StderrLine: {'line': b'\xec\x98\xa4\xeb\xb8\x8c\xec\xa0\x9d\xed\x8a\xb8\xeb\xa5\xbc \xeb\xb0\x9b\xeb\x8a\x94 \xec\xa4\x91:  73% (80/109)\n'}
[5.549634] (libcamera) StderrLine: {'line': b'\xec\x98\xa4\xeb\xb8\x8c\xec\xa0\x9d\xed\x8a\xb8\xeb\xa5\xbc \xeb\xb0\x9b\xeb\x8a\x94 \xec\xa4\x91:  74% (81/109)\n'}
[5.549746] (libcamera) StderrLine: {'line': b'\xec\x98\xa4\xeb\xb8\x8c\xec\xa0\x9d\xed\x8a\xb8\xeb\xa5\xbc \xeb\xb0\x9b\xeb\x8a\x94 \xec\xa4\x91:  75% (82/109)\n'}
[5.549850] (libcamera) StderrLine: {'line': b'\xec\x98\xa4\xeb\xb8\x8c\xec\xa0\x9d\xed\x8a\xb8\xeb\xa5\xbc \xeb\xb0\x9b\xeb\x8a\x94 \xec\xa4\x91:  76% (83/109)\n'}
[5.551505] (libcamera) StderrLine: {'line': b'\xec\x98\xa4\xeb\xb8\x8c\xec\xa0\x9d\xed\x8a\xb8\xeb\xa5\xbc \xeb\xb0\x9b\xeb\x8a\x94 \xec\xa4\x91:  77% (84/109)\n'}
[5.551690] (libcamera) StderrLine: {'line': b'\xec\x98\xa4\xeb\xb8\x8c\xec\xa0\x9d\xed\x8a\xb8\xeb\xa5\xbc \xeb\xb0\x9b\xeb\x8a\x94 \xec\xa4\x91:  78% (86/109)\n'}
[5.551910] (libcamera) StderrLine: {'line': b'\xec\x98\xa4\xeb\xb8\x8c\xec\xa0\x9d\xed\x8a\xb8\xeb\xa5\xbc \xeb\xb0\x9b\xeb\x8a\x94 \xec\xa4\x91:  79% (87/109)\n'}
[5.552070] (libcamera) StderrLine: {'line': b'\xec\x98\xa4\xeb\xb8\x8c\xec\xa0\x9d\xed\x8a\xb8\xeb\xa5\xbc \xeb\xb0\x9b\xeb\x8a\x94 \xec\xa4\x91:  80% (88/109)\n'}
[5.552203] (libcamera) StderrLine: {'line': b'\xec\x98\xa4\xeb\xb8\x8c\xec\xa0\x9d\xed\x8a\xb8\xeb\xa5\xbc \xeb\xb0\x9b\xeb\x8a\x94 \xec\xa4\x91:  81% (89/109)\n'}
[5.552334] (libcamera) StderrLine: {'line': b'\xec\x98\xa4\xeb\xb8\x8c\xec\xa0\x9d\xed\x8a\xb8\xeb\xa5\xbc \xeb\xb0\x9b\xeb\x8a\x94 \xec\xa4\x91:  82% (90/109)\n'}
[5.552970] (libcamera) StderrLine: {'line': b'\xec\x98\xa4\xeb\xb8\x8c\xec\xa0\x9d\xed\x8a\xb8\xeb\xa5\xbc \xeb\xb0\x9b\xeb\x8a\x94 \xec\xa4\x91:  83% (91/109)\n'}
[5.553551] (libcamera) StderrLine: {'line': b'\xec\x98\xa4\xeb\xb8\x8c\xec\xa0\x9d\xed\x8a\xb8\xeb\xa5\xbc \xeb\xb0\x9b\xeb\x8a\x94 \xec\xa4\x91:  84% (92/109)\n'}
[5.553878] (libcamera) StderrLine: {'line': b'\xec\x98\xa4\xeb\xb8\x8c\xec\xa0\x9d\xed\x8a\xb8\xeb\xa5\xbc \xeb\xb0\x9b\xeb\x8a\x94 \xec\xa4\x91:  85% (93/109)\n'}
[5.554056] (libcamera) StderrLine: {'line': b'\xec\x98\xa4\xeb\xb8\x8c\xec\xa0\x9d\xed\x8a\xb8\xeb\xa5\xbc \xeb\xb0\x9b\xeb\x8a\x94 \xec\xa4\x91:  86% (94/109)\n'}
[5.554260] (libcamera) StderrLine: {'line': b'\xec\x98\xa4\xeb\xb8\x8c\xec\xa0\x9d\xed\x8a\xb8\xeb\xa5\xbc \xeb\xb0\x9b\xeb\x8a\x94 \xec\xa4\x91:  87% (95/109)\n'}
[5.554441] (libcamera) StderrLine: {'line': b'\xec\x98\xa4\xeb\xb8\x8c\xec\xa0\x9d\xed\x8a\xb8\xeb\xa5\xbc \xeb\xb0\x9b\xeb\x8a\x94 \xec\xa4\x91:  88% (96/109)\n'}
[5.554600] (libcamera) StderrLine: {'line': b'\xec\x98\xa4\xeb\xb8\x8c\xec\xa0\x9d\xed\x8a\xb8\xeb\xa5\xbc \xeb\xb0\x9b\xeb\x8a\x94 \xec\xa4\x91:  89% (98/109)\n'}
[5.557706] (libcamera) StderrLine: {'line': b'\xec\x98\xa4\xeb\xb8\x8c\xec\xa0\x9d\xed\x8a\xb8\xeb\xa5\xbc \xeb\xb0\x9b\xeb\x8a\x94 \xec\xa4\x91:  90% (99/109)\n'}
[5.559442] (libcamera) StderrLine: {'line': b'remote: Total 109 (delta 5), reused 75 (delta 4), pack-reused 0 (from 0)\x1b[K\n'}
[5.560894] (libcamera) StderrLine: {'line': b'\xec\x98\xa4\xeb\xb8\x8c\xec\xa0\x9d\xed\x8a\xb8\xeb\xa5\xbc \xeb\xb0\x9b\xeb\x8a\x94 \xec\xa4\x91:  91% (100/109)\n'}
[5.561085] (libcamera) StderrLine: {'line': b'\xec\x98\xa4\xeb\xb8\x8c\xec\xa0\x9d\xed\x8a\xb8\xeb\xa5\xbc \xeb\xb0\x9b\xeb\x8a\x94 \xec\xa4\x91:  92% (101/109)\n'}
[5.561220] (libcamera) StderrLine: {'line': b'\xec\x98\xa4\xeb\xb8\x8c\xec\xa0\x9d\xed\x8a\xb8\xeb\xa5\xbc \xeb\xb0\x9b\xeb\x8a\x94 \xec\xa4\x91:  93% (102/109)\n'}
[5.561386] (libcamera) StderrLine: {'line': b'\xec\x98\xa4\xeb\xb8\x8c\xec\xa0\x9d\xed\x8a\xb8\xeb\xa5\xbc \xeb\xb0\x9b\xeb\x8a\x94 \xec\xa4\x91:  94% (103/109)\n'}
[5.561842] (libcamera) StderrLine: {'line': b'\xec\x98\xa4\xeb\xb8\x8c\xec\xa0\x9d\xed\x8a\xb8\xeb\xa5\xbc \xeb\xb0\x9b\xeb\x8a\x94 \xec\xa4\x91:  95% (104/109)\n'}
[5.562084] (libcamera) StderrLine: {'line': b'\xec\x98\xa4\xeb\xb8\x8c\xec\xa0\x9d\xed\x8a\xb8\xeb\xa5\xbc \xeb\xb0\x9b\xeb\x8a\x94 \xec\xa4\x91:  96% (105/109)\n'}
[5.562759] (libcamera) StderrLine: {'line': b'\xec\x98\xa4\xeb\xb8\x8c\xec\xa0\x9d\xed\x8a\xb8\xeb\xa5\xbc \xeb\xb0\x9b\xeb\x8a\x94 \xec\xa4\x91:  97% (106/109)\n'}
[5.578827] (libcamera) StderrLine: {'line': b'\xec\x98\xa4\xeb\xb8\x8c\xec\xa0\x9d\xed\x8a\xb8\xeb\xa5\xbc \xeb\xb0\x9b\xeb\x8a\x94 \xec\xa4\x91:  98% (107/109)\n'}
[5.578978] (libcamera) StderrLine: {'line': b'\xec\x98\xa4\xeb\xb8\x8c\xec\xa0\x9d\xed\x8a\xb8\xeb\xa5\xbc \xeb\xb0\x9b\xeb\x8a\x94 \xec\xa4\x91:  99% (108/109)\n'}
[5.579108] (libcamera) StderrLine: {'line': b'\xec\x98\xa4\xeb\xb8\x8c\xec\xa0\x9d\xed\x8a\xb8\xeb\xa5\xbc \xeb\xb0\x9b\xeb\x8a\x94 \xec\xa4\x91: 100% (109/109)\n'}
[5.579240] (libcamera) StderrLine: {'line': b'\xec\x98\xa4\xeb\xb8\x8c\xec\xa0\x9d\xed\x8a\xb8\xeb\xa5\xbc \xeb\xb0\x9b\xeb\x8a\x94 \xec\xa4\x91: 100% (109/109), 128.73 KiB | 1.43 MiB/s, \xec\x99\x84\xeb\xa3\x8c.\n'}
[5.579348] (libcamera) StderrLine: {'line': b'\xeb\x8d\xb8\xed\x83\x80\xeb\xa5\xbc \xec\x95\x8c\xec\x95\x84\xeb\x82\xb4\xeb\x8a\x94 \xec\xa4\x91:   0% (0/5)\n'}
[5.579440] (libcamera) StderrLine: {'line': b'\xeb\x8d\xb8\xed\x83\x80\xeb\xa5\xbc \xec\x95\x8c\xec\x95\x84\xeb\x82\xb4\xeb\x8a\x94 \xec\xa4\x91:  20% (1/5)\n'}
[5.579529] (libcamera) StderrLine: {'line': b'\xeb\x8d\xb8\xed\x83\x80\xeb\xa5\xbc \xec\x95\x8c\xec\x95\x84\xeb\x82\xb4\xeb\x8a\x94 \xec\xa4\x91:  40% (2/5)\n'}
[5.579708] (libcamera) StderrLine: {'line': b'\xeb\x8d\xb8\xed\x83\x80\xeb\xa5\xbc \xec\x95\x8c\xec\x95\x84\xeb\x82\xb4\xeb\x8a\x94 \xec\xa4\x91:  60% (3/5)\n'}
[5.579947] (libcamera) StderrLine: {'line': b'\xeb\x8d\xb8\xed\x83\x80\xeb\xa5\xbc \xec\x95\x8c\xec\x95\x84\xeb\x82\xb4\xeb\x8a\x94 \xec\xa4\x91:  80% (4/5)\n'}
[5.580093] (libcamera) StderrLine: {'line': b'\xeb\x8d\xb8\xed\x83\x80\xeb\xa5\xbc \xec\x95\x8c\xec\x95\x84\xeb\x82\xb4\xeb\x8a\x94 \xec\xa4\x91: 100% (5/5)\n'}
[5.580357] (libcamera) StderrLine: {'line': b'\xeb\x8d\xb8\xed\x83\x80\xeb\xa5\xbc \xec\x95\x8c\xec\x95\x84\xeb\x82\xb4\xeb\x8a\x94 \xec\xa4\x91: 100% (5/5), \xec\x99\x84\xeb\xa3\x8c.\n'}
[5.641884] (-) TimerEvent: {}
[5.742254] (-) TimerEvent: {}
[5.818168] (libcamera) StdoutLine: {'line': b'\n'}
[5.818483] (libcamera) StdoutLine: {'line': b'Executing subproject \x1b[1mlibpisp\x1b[0m \n'}
[5.818637] (libcamera) StdoutLine: {'line': b'\n'}
[5.828537] (libcamera) StdoutLine: {'line': b'libpisp| Project name: \x1b[1mlibpisp\x1b[0m\n'}
[5.828943] (libcamera) StdoutLine: {'line': b'libpisp| Project version: \x1b[1m1.5.0\x1b[0m\n'}
[5.829094] (libcamera) StdoutLine: {'line': b'libpisp| C compiler for the host machine: \x1b[1mcc\x1b[0m (gcc 13.3.0 "cc (Ubuntu 13.3.0-6ubuntu2~24.04.1) 13.3.0")\n'}
[5.829258] (libcamera) StdoutLine: {'line': b'libpisp| C linker for the host machine: \x1b[1mcc\x1b[0m ld.bfd 2.42\n'}
[5.829470] (libcamera) StdoutLine: {'line': b'libpisp| C++ compiler for the host machine: \x1b[1mc++\x1b[0m (gcc 13.3.0 "c++ (Ubuntu 13.3.0-6ubuntu2~24.04.1) 13.3.0")\n'}
[5.829870] (libcamera) StdoutLine: {'line': b'libpisp| C++ linker for the host machine: \x1b[1mc++\x1b[0m ld.bfd 2.42\n'}
[5.842409] (-) TimerEvent: {}
[5.855212] (libcamera) StdoutLine: {'line': b'libpisp| Configuring \x1b[1mpisp_build_config.h\x1b[0m using configuration\n'}
[5.881423] (libcamera) StdoutLine: {'line': b'libpisp| Run-time dependency \x1b[1mnlohmann_json\x1b[0m found: \x1b[1;31mNO\x1b[0m (tried pkgconfig and cmake)\n'}
[5.881935] (libcamera) StdoutLine: {'line': b'libpisp| Looking for a fallback subproject for the dependency \x1b[1mnlohmann_json\x1b[0m\n'}
[5.882119] (libcamera) StdoutLine: {'line': b'libpisp| Using \x1b[1msubprojects/libpisp/subprojects/nlohmann_json.wrap\x1b[0m\n'}
[5.882369] (libcamera) StdoutLine: {'line': b'libpisp| Downloading \x1b[1mnlohmann_json\x1b[0m source from \x1b[1mhttps://github.com/nlohmann/json/releases/download/v3.12.0/include.zip\x1b[0m\n'}
[5.942506] (-) TimerEvent: {}
[6.042860] (-) TimerEvent: {}
[6.143245] (-) TimerEvent: {}
[6.243633] (-) TimerEvent: {}
[6.344014] (-) TimerEvent: {}
[6.444383] (-) TimerEvent: {}
[6.507468] (libcamera) StdoutLine: {'line': b'Download size: 309160\n'}
[6.544500] (-) TimerEvent: {}
[6.605727] (libcamera) StdoutLine: {'line': b'Downloading: ..........\n'}
[6.629523] (libcamera) StdoutLine: {'line': b'\n'}
[6.629815] (libcamera) StdoutLine: {'line': b'Executing subproject \x1b[1mlibpisp:nlohmann_json\x1b[0m\n'}
[6.629935] (libcamera) StdoutLine: {'line': b'\n'}
[6.633642] (libcamera) StdoutLine: {'line': b'nlohmann_json| Project name: \x1b[1mnlohmann_json\x1b[0m\n'}
[6.634076] (libcamera) StdoutLine: {'line': b'nlohmann_json| Project version: \x1b[1m3.12.0\x1b[0m\n'}
[6.634723] (libcamera) StdoutLine: {'line': b'nlohmann_json| C++ compiler for the host machine: \x1b[1mc++\x1b[0m (gcc 13.3.0 "c++ (Ubuntu 13.3.0-6ubuntu2~24.04.1) 13.3.0")\n'}
[6.634966] (libcamera) StdoutLine: {'line': b'nlohmann_json| C++ linker for the host machine: \x1b[1mc++\x1b[0m ld.bfd 2.42\n'}
[6.638346] (libcamera) StdoutLine: {'line': b'nlohmann_json| Build targets in project: \x1b[1m25\x1b[0m\n'}
[6.639058] (libcamera) StdoutLine: {'line': b'nlohmann_json| Subproject \x1b[1mnlohmann_json\x1b[0m finished.\n'}
[6.639302] (libcamera) StdoutLine: {'line': b'\n'}
[6.639927] (libcamera) StdoutLine: {'line': b'libpisp| Dependency \x1b[1mnlohmann_json\x1b[0m from subproject \x1b[1msubprojects/nlohmann_json-3.12.0\x1b[0m found: \x1b[1;32mYES\x1b[0m \x1b[36m3.12.0\x1b[0m\n'}
[6.640246] (libcamera) StdoutLine: {'line': b'libpisp| Dependency \x1b[1mthreads\x1b[0m found: \x1b[1;32mYES\x1b[0m \x1b[36munknown\x1b[0m \x1b[1;34m(cached)\x1b[0m\n'}
[6.644956] (-) TimerEvent: {}
[6.712868] (libcamera) StdoutLine: {'line': b'libpisp| Library \x1b[1mdl\x1b[0m found: \x1b[1;32mYES\x1b[0m\n'}
[6.744973] (-) TimerEvent: {}
[6.828565] (libcamera) StdoutLine: {'line': b'libpisp| Run-time dependency \x1b[1mBoost\x1b[0m (found: log, log_setup, system, thread) found: \x1b[1;32mYES\x1b[0m \x1b[36m1.83.0\x1b[0m (/usr)\n'}
[6.845104] (libcamera) StdoutLine: {'line': b'libpisp| Dependency \x1b[1mgstreamer-1.0\x1b[0m skipped: feature \x1b[1mgstreamer\x1b[0m disabled\n'}
[6.845407] (-) TimerEvent: {}
[6.845518] (libcamera) StdoutLine: {'line': b'libpisp| Dependency \x1b[1mgstreamer-base-1.0\x1b[0m skipped: feature \x1b[1mgstreamer\x1b[0m disabled\n'}
[6.845713] (libcamera) StdoutLine: {'line': b'libpisp| Dependency \x1b[1mgstreamer-video-1.0\x1b[0m skipped: feature \x1b[1mgstreamer\x1b[0m disabled\n'}
[6.846039] (libcamera) StdoutLine: {'line': b'libpisp| Dependency \x1b[1mgstreamer-allocators-1.0\x1b[0m skipped: feature \x1b[1mgstreamer\x1b[0m disabled\n'}
[6.846446] (libcamera) StdoutLine: {'line': b'libpisp| Build targets in project: \x1b[1m27\x1b[0m\n'}
[6.846599] (libcamera) StdoutLine: {'line': b'libpisp| Subproject \x1b[1mlibpisp\x1b[0m finished.\n'}
[6.846746] (libcamera) StdoutLine: {'line': b'\n'}
[6.846855] (libcamera) StdoutLine: {'line': b'Dependency \x1b[1mlibpisp\x1b[0m from subproject \x1b[1msubprojects/libpisp\x1b[0m found: \x1b[1;32mYES\x1b[0m \x1b[36m1.5.0\x1b[0m\n'}
[6.945555] (-) TimerEvent: {}
[6.948701] (libcamera) StdoutLine: {'line': b'Run-time dependency \x1b[1mdl\x1b[0m found: \x1b[1;32mYES\x1b[0m\n'}
[6.962268] (libcamera) StdoutLine: {'line': b'Run-time dependency \x1b[1mlibudev\x1b[0m found: \x1b[1;32mYES\x1b[0m \x1b[36m255\x1b[0m\n'}
[6.971289] (libcamera) StdoutLine: {'line': b'Run-time dependency \x1b[1myaml-0.1\x1b[0m found: \x1b[1;32mYES\x1b[0m \x1b[36m0.2.5\x1b[0m\n'}
[6.989603] (libcamera) StdoutLine: {'line': b'Run-time dependency \x1b[1mgnutls\x1b[0m found: \x1b[1;32mYES\x1b[0m \x1b[36m3.8.3\x1b[0m\n'}
[7.011972] (libcamera) StdoutLine: {'line': b'Header "\x1b[1muchar.h\x1b[0m" has symbol "\x1b[1mmbrtoc16\x1b[0m" skipped: feature \x1b[1mandroid\x1b[0m disabled\n'}
[7.045655] (-) TimerEvent: {}
[7.065961] (libcamera) StdoutLine: {'line': b'Run-time dependency \x1b[1mtensorflow-lite\x1b[0m found: \x1b[1;31mNO\x1b[0m (tried pkgconfig and cmake)\n'}
[7.103043] (libcamera) StdoutLine: {'line': b'Dependency \x1b[1mlibevent_pthreads\x1b[0m skipped: feature \x1b[1mcam\x1b[0m disabled\n'}
[7.103653] (libcamera) StdoutLine: {'line': b'Dependency \x1b[1mlibevent_pthreads\x1b[0m skipped: feature \x1b[1mlc-compliance\x1b[0m disabled\n'}
[7.117898] (libcamera) StdoutLine: {'line': b'Run-time dependency \x1b[1mlibtiff-4\x1b[0m found: \x1b[1;32mYES\x1b[0m \x1b[36m4.5.1\x1b[0m\n'}
[7.124765] (libcamera) StdoutLine: {'line': b'Dependency \x1b[1mgtest\x1b[0m skipped: feature \x1b[1mlc-compliance\x1b[0m disabled\n'}
[7.137204] (libcamera) StdoutLine: {'line': b'Dependency \x1b[1mqt6 (modules: Core, Gui, OpenGL, OpenGLWidgets, Widgets)\x1b[0m skipped: feature \x1b[1mqcam\x1b[0m disabled\n'}
[7.145758] (-) TimerEvent: {}
[7.153831] (libcamera) StdoutLine: {'line': b'Run-time dependency \x1b[1mglib-2.0\x1b[0m found: \x1b[1;32mYES\x1b[0m \x1b[36m2.80.0\x1b[0m\n'}
[7.169657] (libcamera) StdoutLine: {'line': b'Run-time dependency \x1b[1mgstreamer-video-1.0\x1b[0m found: \x1b[1;32mYES\x1b[0m \x1b[36m1.24.2\x1b[0m\n'}
[7.188297] (libcamera) StdoutLine: {'line': b'Run-time dependency \x1b[1mgstreamer-allocators-1.0\x1b[0m found: \x1b[1;32mYES\x1b[0m \x1b[36m1.24.2\x1b[0m\n'}
[7.245912] (-) TimerEvent: {}
[7.248702] (libcamera) StdoutLine: {'line': b'Program python3 found: \x1b[1;32mYES\x1b[0m (/usr/bin/python3)\n'}
[7.262754] (libcamera) StdoutLine: {'line': b'Run-time dependency \x1b[1mpybind11\x1b[0m found: \x1b[1;32mYES\x1b[0m \x1b[36m2.11.1\x1b[0m\n'}
[7.287602] (libcamera) StdoutLine: {'line': b'Run-time dependency \x1b[1mpython\x1b[0m found: \x1b[1;32mYES\x1b[0m \x1b[36m3.12\x1b[0m\n'}
[7.310248] (libcamera) StdoutLine: {'line': b'Configuring \x1b[1mlibcamerify\x1b[0m using configuration\n'}
[7.325821] (libcamera) StdoutLine: {'line': b'Program \x1b[1mdoxygen\x1b[0m skipped: feature \x1b[1mdocumentation\x1b[0m disabled\n'}
[7.326239] (libcamera) StdoutLine: {'line': b'Program \x1b[1mdot\x1b[0m skipped: feature \x1b[1mdocumentation\x1b[0m disabled\n'}
[7.326521] (libcamera) StdoutLine: {'line': b'Program \x1b[1msphinx-build-3 sphinx-build\x1b[0m skipped: feature \x1b[1mdocumentation\x1b[0m disabled\n'}
[7.345523] (libcamera) StdoutLine: {'line': b'Configuring \x1b[1mconfig.h\x1b[0m using configuration\n'}
[7.345986] (-) TimerEvent: {}
[7.446250] (-) TimerEvent: {}
[7.546681] (-) TimerEvent: {}
[7.646997] (-) TimerEvent: {}
[7.658323] (libcamera) StdoutLine: {'line': b'Build targets in project: \x1b[1m53\x1b[0m\n'}
[7.658743] (libcamera) StdoutLine: {'line': b'\n'}
[7.658881] (libcamera) StdoutLine: {'line': b'libcamera \x1b[36m0.7.1\x1b[0m\n'}
[7.659028] (libcamera) StdoutLine: {'line': b'\n'}
[7.659126] (libcamera) StdoutLine: {'line': b'  \x1b[1mVersions\x1b[0m\n'}
[7.659329] (libcamera) StdoutLine: {'line': b'    Sources                  : 0.7.1+rpt20260609\n'}
[7.659486] (libcamera) StdoutLine: {'line': b'\n'}
[7.659600] (libcamera) StdoutLine: {'line': b'  \x1b[1mPaths\x1b[0m\n'}
[7.659690] (libcamera) StdoutLine: {'line': b'    LIBCAMERA_DATA_DIR       : "/home/seeno04/camera_ws/install/libcamera/share/libcamera"\n'}
[7.659775] (libcamera) StdoutLine: {'line': b'    LIBCAMERA_SYSCONF_DIR    : "/home/seeno04/camera_ws/install/libcamera/etc/libcamera"\n'}
[7.659858] (libcamera) StdoutLine: {'line': b'    IPA_PROXY_DIR            : "/home/seeno04/camera_ws/install/libcamera/libexec/libcamera"\n'}
[7.659939] (libcamera) StdoutLine: {'line': b'    IPA_CONFIG_DIR           : "/home/seeno04/camera_ws/install/libcamera/etc/libcamera/ipa:/home/seeno04/camera_ws/install/libcamera/share/libcamera/ipa"\n'}
[7.660023] (libcamera) StdoutLine: {'line': b'    IPA_MODULE_DIR           : "/home/seeno04/camera_ws/install/libcamera/lib/libcamera/ipa"\n'}
[7.660103] (libcamera) StdoutLine: {'line': b'\n'}
[7.660206] (libcamera) StdoutLine: {'line': b'  \x1b[1mConfiguration\x1b[0m\n'}
[7.660339] (libcamera) StdoutLine: {'line': b'    SoftISP support          : \x1b[1;31mNO\x1b[0m\n'}
[7.660430] (libcamera) StdoutLine: {'line': b'    IPA modules signed with  : gnutls\n'}
[7.660515] (libcamera) StdoutLine: {'line': b'    Enabled pipelines        : rpi/pisp\n'}
[7.660599] (libcamera) StdoutLine: {'line': b'                               rpi/vc4\n'}
[7.660685] (libcamera) StdoutLine: {'line': b'    Enabled IPA modules      : rpi/pisp\n'}
[7.660792] (libcamera) StdoutLine: {'line': b'                               rpi/vc4\n'}
[7.660874] (libcamera) StdoutLine: {'line': b'    Controls files           : control_ids_core.yaml\n'}
[7.660956] (libcamera) StdoutLine: {'line': b'                               control_ids_debug.yaml\n'}
[7.661038] (libcamera) StdoutLine: {'line': b'                               control_ids_draft.yaml\n'}
[7.661116] (libcamera) StdoutLine: {'line': b'                               control_ids_rpi.yaml\n'}
[7.661230] (libcamera) StdoutLine: {'line': b'    Properties files         : property_ids_draft.yaml\n'}
[7.661318] (libcamera) StdoutLine: {'line': b'                               property_ids_core.yaml\n'}
[7.661397] (libcamera) StdoutLine: {'line': b'    Hotplug support          : \x1b[1;32mYES\x1b[0m\n'}
[7.661476] (libcamera) StdoutLine: {'line': b'    Tracing support          : \x1b[1;32mYES\x1b[0m\n'}
[7.661555] (libcamera) StdoutLine: {'line': b'    Android support          : \x1b[1;31mNO\x1b[0m\n'}
[7.661634] (libcamera) StdoutLine: {'line': b'    GStreamer support        : \x1b[1;32mYES\x1b[0m\n'}
[7.661715] (libcamera) StdoutLine: {'line': b'    Python bindings          : \x1b[1;32mYES\x1b[0m\n'}
[7.661801] (libcamera) StdoutLine: {'line': b'    V4L2 emulation support   : \x1b[1;32mYES\x1b[0m\n'}
[7.661892] (libcamera) StdoutLine: {'line': b'    Unit tests               : \x1b[1;31mNO\x1b[0m\n'}
[7.661980] (libcamera) StdoutLine: {'line': b'\n'}
[7.662066] (libcamera) StdoutLine: {'line': b'  \x1b[1mApplications\x1b[0m\n'}
[7.662148] (libcamera) StdoutLine: {'line': b'    cam application          : \x1b[1;31mNO\x1b[0m\n'}
[7.662247] (libcamera) StdoutLine: {'line': b'    cam options              :\n'}
[7.662332] (libcamera) StdoutLine: {'line': b'    DNG output support       : \x1b[1;32mYES\x1b[0m\n'}
[7.662412] (libcamera) StdoutLine: {'line': b'    qcam application         : \x1b[1;31mNO\x1b[0m\n'}
[7.662491] (libcamera) StdoutLine: {'line': b'    lc-compliance application: \x1b[1;31mNO\x1b[0m\n'}
[7.662571] (libcamera) StdoutLine: {'line': b'\n'}
[7.662665] (libcamera) StdoutLine: {'line': b'  \x1b[1mSubprojects\x1b[0m\n'}
[7.662753] (libcamera) StdoutLine: {'line': b'    libpisp                  : \x1b[1;32mYES\x1b[0m\n'}
[7.662836] (libcamera) StdoutLine: {'line': b'    nlohmann_json            : \x1b[1;32mYES\x1b[0m (from libpisp)\n'}
[7.662917] (libcamera) StdoutLine: {'line': b'\n'}
[7.662996] (libcamera) StdoutLine: {'line': b'  \x1b[1mUser defined options\x1b[0m\n'}
[7.663076] (libcamera) StdoutLine: {'line': b'    buildtype                : release\n'}
[7.663167] (libcamera) StdoutLine: {'line': b'    libdir                   : lib\n'}
[7.663261] (libcamera) StdoutLine: {'line': b'    prefix                   : /home/seeno04/camera_ws/install/libcamera\n'}
[7.663352] (libcamera) StdoutLine: {'line': b'\n'}
[7.711982] (libcamera) StdoutLine: {'line': b'Found ninja-1.11.1 at /usr/bin/ninja\n'}
[7.747101] (-) TimerEvent: {}
[7.847400] (-) TimerEvent: {}
[7.947744] (-) TimerEvent: {}
[8.048246] (-) TimerEvent: {}
[8.107952] (libcamera) CommandEnded: {'returncode': 0}
[8.108619] (libcamera) JobProgress: {'identifier': 'libcamera', 'progress': 'build'}
[8.108695] (libcamera) Command: {'cmd': ['/usr/bin/meson', 'compile'], 'cwd': '/home/seeno04/camera_ws/build/libcamera', 'env': OrderedDict({'LESSOPEN': '| /usr/bin/lesspipe %s', 'USER': 'seeno04', 'LC_TIME': 'ko_KR.UTF-8', 'XDG_SESSION_TYPE': 'wayland', 'CLUTTER_DISABLE_MIPMAPPED_TEXT': '1', 'SHLVL': '1', 'LD_LIBRARY_PATH': '/opt/ros/jazzy/opt/rviz_ogre_vendor/lib:/opt/ros/jazzy/lib/aarch64-linux-gnu:/opt/ros/jazzy/opt/gz_math_vendor/lib:/opt/ros/jazzy/opt/gz_utils_vendor/lib:/opt/ros/jazzy/opt/gz_cmake_vendor/lib:/opt/ros/jazzy/lib', 'HOME': '/home/seeno04', 'OLDPWD': '/home/seeno04/camera_ws', 'DESKTOP_SESSION': 'ubuntu', 'ROS_PYTHON_VERSION': '3', 'GNOME_SHELL_SESSION_MODE': 'ubuntu', 'GTK_MODULES': 'gail:atk-bridge', 'LC_MONETARY': 'ko_KR.UTF-8', 'SYSTEMD_EXEC_PID': '2930', 'GSM_SKIP_SSH_AGENT_WORKAROUND': 'true', 'DBUS_SESSION_BUS_ADDRESS': 'unix:path=/run/user/1000/bus', 'COLORTERM': 'truecolor', 'DEBUGINFOD_URLS': 'https://debuginfod.ubuntu.com', 'IM_CONFIG_PHASE': '1', 'WAYLAND_DISPLAY': 'wayland-0', 'COLCON_PREFIX_PATH': '/home/seeno04/inno_ws/install', 'ROS_DISTRO': 'jazzy', 'LOGNAME': 'seeno04', '_': '/usr/bin/colcon', 'ROS_VERSION': '2', 'MEMORY_PRESSURE_WATCH': '/sys/fs/cgroup/user.slice/user-1000.slice/user@1000.service/session.slice/org.gnome.Shell@wayland.service/memory.pressure', 'XDG_SESSION_CLASS': 'user', 'USERNAME': 'seeno04', 'TERM': 'xterm-256color', 'GNOME_DESKTOP_SESSION_ID': 'this-is-deprecated', 'ROS_LOCALHOST_ONLY': '0', 'PATH': '/home/seeno04/.local/bin:/opt/ros/jazzy/bin:/home/seeno04/.local/bin:/usr/local/sbin:/usr/local/bin:/usr/sbin:/usr/bin:/sbin:/bin:/usr/games:/usr/local/games:/snap/bin:/snap/bin', 'SESSION_MANAGER': 'local/seeno04-desktop:@/tmp/.ICE-unix/2889,unix/seeno04-desktop:/tmp/.ICE-unix/2889', 'PAPERSIZE': 'a4', 'XDG_MENU_PREFIX': 'gnome-', 'LC_ADDRESS': 'ko_KR.UTF-8', 'GNOME_TERMINAL_SCREEN': '/org/gnome/Terminal/screen/1fb37773_1218_4b89_a8fd_29a75d0cb57b', 'GNOME_SETUP_DISPLAY': ':1', 'XDG_RUNTIME_DIR': '/run/user/1000', 'DISPLAY': ':0', 'LANG': 'ko_KR.UTF-8', 'XDG_CURRENT_DESKTOP': 'ubuntu:GNOME', 'LC_TELEPHONE': 'ko_KR.UTF-8', 'XMODIFIERS': '@im=ibus', 'XDG_SESSION_DESKTOP': 'ubuntu', 'XAUTHORITY': '/run/user/1000/.mutter-Xwaylandauth.4NVOS3', 'LS_COLORS': 'rs=0:di=01;34:ln=01;36:mh=00:pi=40;33:so=01;35:do=01;35:bd=40;33;01:cd=40;33;01:or=40;31;01:mi=00:su=37;41:sg=30;43:ca=00:tw=30;42:ow=34;42:st=37;44:ex=01;32:*.tar=01;31:*.tgz=01;31:*.arc=01;31:*.arj=01;31:*.taz=01;31:*.lha=01;31:*.lz4=01;31:*.lzh=01;31:*.lzma=01;31:*.tlz=01;31:*.txz=01;31:*.tzo=01;31:*.t7z=01;31:*.zip=01;31:*.z=01;31:*.dz=01;31:*.gz=01;31:*.lrz=01;31:*.lz=01;31:*.lzo=01;31:*.xz=01;31:*.zst=01;31:*.tzst=01;31:*.bz2=01;31:*.bz=01;31:*.tbz=01;31:*.tbz2=01;31:*.tz=01;31:*.deb=01;31:*.rpm=01;31:*.jar=01;31:*.war=01;31:*.ear=01;31:*.sar=01;31:*.rar=01;31:*.alz=01;31:*.ace=01;31:*.zoo=01;31:*.cpio=01;31:*.7z=01;31:*.rz=01;31:*.cab=01;31:*.wim=01;31:*.swm=01;31:*.dwm=01;31:*.esd=01;31:*.avif=01;35:*.jpg=01;35:*.jpeg=01;35:*.mjpg=01;35:*.mjpeg=01;35:*.gif=01;35:*.bmp=01;35:*.pbm=01;35:*.pgm=01;35:*.ppm=01;35:*.tga=01;35:*.xbm=01;35:*.xpm=01;35:*.tif=01;35:*.tiff=01;35:*.png=01;35:*.svg=01;35:*.svgz=01;35:*.mng=01;35:*.pcx=01;35:*.mov=01;35:*.mpg=01;35:*.mpeg=01;35:*.m2v=01;35:*.mkv=01;35:*.webm=01;35:*.webp=01;35:*.ogm=01;35:*.mp4=01;35:*.m4v=01;35:*.mp4v=01;35:*.vob=01;35:*.qt=01;35:*.nuv=01;35:*.wmv=01;35:*.asf=01;35:*.rm=01;35:*.rmvb=01;35:*.flc=01;35:*.avi=01;35:*.fli=01;35:*.flv=01;35:*.gl=01;35:*.dl=01;35:*.xcf=01;35:*.xwd=01;35:*.yuv=01;35:*.cgm=01;35:*.emf=01;35:*.ogv=01;35:*.ogx=01;35:*.aac=00;36:*.au=00;36:*.flac=00;36:*.m4a=00;36:*.mid=00;36:*.midi=00;36:*.mka=00;36:*.mp3=00;36:*.mpc=00;36:*.ogg=00;36:*.ra=00;36:*.wav=00;36:*.oga=00;36:*.opus=00;36:*.spx=00;36:*.xspf=00;36:*~=00;90:*#=00;90:*.bak=00;90:*.crdownload=00;90:*.dpkg-dist=00;90:*.dpkg-new=00;90:*.dpkg-old=00;90:*.dpkg-tmp=00;90:*.old=00;90:*.orig=00;90:*.part=00;90:*.rej=00;90:*.rpmnew=00;90:*.rpmorig=00;90:*.rpmsave=00;90:*.swp=00;90:*.tmp=00;90:*.ucf-dist=00;90:*.ucf-new=00;90:*.ucf-old=00;90:', 'GNOME_TERMINAL_SERVICE': ':1.101', 'SSH_AUTH_SOCK': '/run/user/1000/keyring/ssh', 'ROS_DOMAIN_ID': '3', 'AMENT_PREFIX_PATH': '/home/seeno04/inno_ws/install/sllidar_ros2:/opt/ros/jazzy', 'SHELL': '/bin/bash', 'LC_NAME': 'ko_KR.UTF-8', 'QT_ACCESSIBILITY': '1', 'GDMSESSION': 'ubuntu', 'LESSCLOSE': '/usr/bin/lesspipe %s %s', 'LC_MEASUREMENT': 'ko_KR.UTF-8', 'LC_IDENTIFICATION': 'ko_KR.UTF-8', 'ROS_AUTOMATIC_DISCOVERY_RANGE': 'SUBNET', 'QT_IM_MODULE': 'ibus', 'PWD': '/home/seeno04/camera_ws/build/libcamera', 'LC_ALL': 'ko_KR.UTF-8', 'XDG_CONFIG_DIRS': '/etc/xdg/xdg-ubuntu:/etc/xdg', 'XDG_DATA_DIRS': '/usr/share/ubuntu:/usr/share/gnome:/usr/local/share/:/usr/share/:/var/lib/snapd/desktop', 'PYTHONPATH': '/opt/ros/jazzy/lib/python3.12/site-packages', 'LC_NUMERIC': 'ko_KR.UTF-8', 'LC_PAPER': 'ko_KR.UTF-8', 'COLCON': '1', 'MEMORY_PRESSURE_WRITE': 'c29tZSAyMDAwMDAgMjAwMDAwMAA=', 'VTE_VERSION': '7600', 'CMAKE_PREFIX_PATH': '/home/seeno04/inno_ws/install/sllidar_ros2:/opt/ros/jazzy/opt/gz_math_vendor:/opt/ros/jazzy/opt/gz_utils_vendor:/opt/ros/jazzy/opt/gz_cmake_vendor'}), 'shell': False}
[8.148328] (-) TimerEvent: {}
[8.248623] (-) TimerEvent: {}
[8.348945] (-) TimerEvent: {}
[8.432794] (libcamera) StdoutLine: {'line': b'\x1b[1;32mINFO:\x1b[0m autodetecting backend as ninja\n'}
[8.438638] (libcamera) StdoutLine: {'line': b'\x1b[1;32mINFO:\x1b[0m calculating backend command to run: /usr/bin/ninja\n'}
[8.449071] (-) TimerEvent: {}
[8.450784] (libcamera) StdoutLine: {'line': b'\n'}
[8.452447] (libcamera) StdoutLine: {'line': b'[0/264] Generating utils/codegen/ipc/mojom_templates with a custom command (wrapped by meson to set env)\x1b[K\n'}
[8.452800] (libcamera) StdoutLine: {'line': b'[0/264] Compiling C object utils/ipu3/ipu3-pack.p/ipu3-pack.c.o\x1b[K\n'}
[8.456328] (libcamera) StdoutLine: {'line': b'[0/264] Compiling C object utils/ipu3/ipu3-unpack.p/ipu3-unpack.c.o\x1b[K\n'}
[8.456757] (libcamera) StdoutLine: {'line': b'[0/264] Generating include/libcamera/internal/tp_header with a custom command\x1b[K\n'}
[8.457054] (libcamera) StdoutLine: {'line': b'[0/264] Generating include/libcamera/ipa/core_mojom_module with a custom command (wrapped by meson to set env)\x1b[K\n'}
[8.551254] (-) TimerEvent: {}
[8.651671] (-) TimerEvent: {}
[8.752636] (-) TimerEvent: {}
[8.793085] (libcamera) StdoutLine: {'line': b'[0/264] Generating include/libcamera/control_ids_rpi.yaml_h with a custom command (wrapped by meson to set env)\x1b[K\n'}
[8.794630] (libcamera) StdoutLine: {'line': b'[1/264] Generating include/libcamera/internal/tp_header with a custom command\x1b[K\n'}
[8.854247] (-) TimerEvent: {}
[8.884045] (libcamera) StdoutLine: {'line': b'[1/264] Generating include/libcamera/property_ids_core.yaml_h with a custom command (wrapped by meson to set env)\x1b[K\n'}
[8.884412] (libcamera) StdoutLine: {'line': b'[2/264] Compiling C object utils/ipu3/ipu3-unpack.p/ipu3-unpack.c.o\x1b[K\n'}
[8.890664] (libcamera) StdoutLine: {'line': b'[2/264] Linking target utils/ipu3/ipu3-unpack\x1b[K\n'}
[8.891527] (libcamera) StdoutLine: {'line': b'[3/264] Compiling C object utils/ipu3/ipu3-pack.p/ipu3-pack.c.o\x1b[K\n'}
[8.939594] (libcamera) StdoutLine: {'line': b'[3/264] Linking target utils/ipu3/ipu3-pack\x1b[K\n'}
[8.940213] (libcamera) StdoutLine: {'line': b'[4/264] Generating include/libcamera/ipa/core_mojom_module with a custom command (wrapped by meson to set env)\x1b[K\n'}
[8.957425] (-) TimerEvent: {}
[9.002289] (libcamera) StdoutLine: {'line': b'[4/264] Generating include/libcamera/ipa/raspberrypi_mojom_module with a custom command (wrapped by meson to set env)\x1b[K\n'}
[9.002771] (libcamera) StdoutLine: {'line': b'[5/264] Linking target utils/ipu3/ipu3-pack\x1b[K\n'}
[9.060439] (-) TimerEvent: {}
[9.074902] (libcamera) StdoutLine: {'line': b'[5/264] Generating include/libcamera/formats_h with a custom command\x1b[K\n'}
[9.075523] (libcamera) StdoutLine: {'line': b'[6/264] Linking target utils/ipu3/ipu3-unpack\x1b[K\n'}
[9.123473] (libcamera) StdoutLine: {'line': b'[6/264] Generating src/ipa-priv-key with a custom command\x1b[K\n'}
[9.124535] (libcamera) StdoutLine: {'line': b'[7/264] Generating include/libcamera/control_ids_rpi.yaml_h with a custom command (wrapped by meson to set env)\x1b[K\n'}
[9.163273] (-) TimerEvent: {}
[9.263695] (-) TimerEvent: {}
[9.283044] (libcamera) StdoutLine: {'line': b'[7/264] Compiling C++ object src/libcamera/base/libcamera-base.so.0.7.1.p/bound_method.cpp.o\x1b[K\n'}
[9.284117] (libcamera) StdoutLine: {'line': b'[8/264] Generating utils/codegen/ipc/mojom_templates with a custom command (wrapped by meson to set env)\x1b[K\n'}
[9.334304] (libcamera) StdoutLine: {'line': b'[8/264] Generating include/libcamera/ipa/core_ipa_interface_h with a custom command (wrapped by meson to set env)\x1b[K\n'}
[9.334906] (libcamera) StdoutLine: {'line': b'[9/264] Generating include/libcamera/property_ids_core.yaml_h with a custom command (wrapped by meson to set env)\x1b[K\n'}
[9.370258] (-) TimerEvent: {}
[9.409928] (libcamera) StdoutLine: {'line': b'[9/264] Generating include/libcamera/ipa/core_ipa_serializer_h with a custom command (wrapped by meson to set env)\x1b[K\n'}
[9.410492] (libcamera) StdoutLine: {'line': b'[10/264] Generating include/libcamera/ipa/raspberrypi_mojom_module with a custom command (wrapped by meson to set env)\x1b[K\n'}
[9.470433] (-) TimerEvent: {}
[9.555333] (libcamera) StdoutLine: {'line': b'[10/264] Generating include/libcamera/ipa/raspberrypi_ipa_interface_h with a custom command (wrapped by meson to set env)\x1b[K\n'}
[9.558453] (libcamera) StdoutLine: {'line': b'[11/264] Generating include/libcamera/formats_h with a custom command\x1b[K\n'}
[9.573369] (-) TimerEvent: {}
[9.673958] (-) TimerEvent: {}
[9.774422] (-) TimerEvent: {}
[9.805497] (libcamera) StdoutLine: {'line': b'[11/264] Generating include/libcamera/ipa/raspberrypi_ipa_serializer_h with a custom command (wrapped by meson to set env)\x1b[K\n'}
[9.805919] (libcamera) StdoutLine: {'line': b'[12/264] Generating include/libcamera/ipa/raspberrypi_ipa_interface_h with a custom command (wrapped by meson to set env)\x1b[K\n'}
[9.872729] (libcamera) StdoutLine: {'line': b'[12/264] Generating include/libcamera/ipa/raspberrypi_proxy_h with a custom command (wrapped by meson to set env)\x1b[K\n'}
[9.873238] (libcamera) StdoutLine: {'line': b'[13/264] Generating include/libcamera/ipa/core_ipa_serializer_h with a custom command (wrapped by meson to set env)\x1b[K\n'}
[9.874547] (-) TimerEvent: {}
[9.975814] (libcamera) StdoutLine: {'line': b'[13/264] Generating include/libcamera/gen-header with a custom command\x1b[K\n'}
[9.976285] (-) TimerEvent: {}
[9.979291] (libcamera) StdoutLine: {'line': b'[14/264] Generating include/libcamera/ipa/core_ipa_interface_h with a custom command (wrapped by meson to set env)\x1b[K\n'}
[10.022688] (libcamera) StdoutLine: {'line': b'[14/264] Compiling C++ object src/libcamera/base/libcamera-base.so.0.7.1.p/class.cpp.o\x1b[K\n'}
[10.023132] (libcamera) StdoutLine: {'line': b'[15/264] Generating include/libcamera/gen-header with a custom command\x1b[K\n'}
[10.025055] (libcamera) StdoutLine: {'line': b'[15/264] Compiling C++ object src/libcamera/base/libcamera-base.so.0.7.1.p/flags.cpp.o\x1b[K\n'}
[10.026051] (libcamera) StdoutLine: {'line': b'[16/264] Generating include/libcamera/ipa/raspberrypi_ipa_serializer_h with a custom command (wrapped by meson to set env)\x1b[K\n'}
[10.080299] (-) TimerEvent: {}
[10.180725] (-) TimerEvent: {}
[10.200367] (libcamera) StdoutLine: {'line': b'[16/264] Compiling C++ object src/libcamera/base/libcamera-base.so.0.7.1.p/object.cpp.o\x1b[K\n'}
[10.200926] (libcamera) StdoutLine: {'line': b'[17/264] Compiling C++ object src/libcamera/base/libcamera-base.so.0.7.1.p/flags.cpp.o\x1b[K\n'}
[10.282240] (-) TimerEvent: {}
[10.385407] (-) TimerEvent: {}
[10.396006] (libcamera) StdoutLine: {'line': b'[17/264] Compiling C++ object src/libcamera/base/libcamera-base.so.0.7.1.p/shared_fd.cpp.o\x1b[K\n'}
[10.396422] (libcamera) StdoutLine: {'line': b'[18/264] Generating include/libcamera/ipa/raspberrypi_proxy_h with a custom command (wrapped by meson to set env)\x1b[K\n'}
[10.487298] (-) TimerEvent: {}
[10.595274] (-) TimerEvent: {}
[10.602595] (libcamera) StdoutLine: {'line': b'[18/264] Compiling C++ object src/libcamera/base/libcamera-base.so.0.7.1.p/signal.cpp.o\x1b[K\n'}
[10.602997] (libcamera) StdoutLine: {'line': b'[19/264] Generating src/ipa-priv-key with a custom command\x1b[K\n'}
[10.603204] (libcamera) StdoutLine: {'line': b'........+..+.........+...+......+++++++++++++++++++++++++++++++++++++++++++++++++++++++++++++++++*....+..+.........+++++++++++++++++++++++++++++++++++++++++++++++++++++++++++++++++*....+..+......+.......+..+.+............+........+.+......+.....+....+.....+.+.................+...+.......+........+....+..............+.+...+...........+.........+.+.........+..+......+.........+....+..+.........+.............+.....+...+...+............+.......+...+........+......+..........+...+...+.....+....+...+..+.........+....+...+...+..+++++++++++++++++++++++++++++++++++++++++++++++++++++++++++++++++\n'}
[10.603495] (libcamera) StdoutLine: {'line': b'..+..................+..+.......+.....+....+.....+.+...+...........+......+......+...+....+............+........+.+.....+.+......+.....+.......+...+++++++++++++++++++++++++++++++++++++++++++++++++++++++++++++++++*.+....+...........+.......+...+............+..+..........+........+.+.....+....+...+........+++++++++++++++++++++++++++++++++++++++++++++++++++++++++++++++++*.............+.+......+.....+...+.............+.................+......+......+.+........+......+.+.....+.............+............+..+...+...............+...+.+...........+.......+...........+......+.+...+............+.........+...+..+....+...........+....+..+....+.....+...+......+.........+...+....+...+...+........+.+........+......+....+..+.........+....+.................+...+.+.........+.....+.+............+..+..........+..+.+..................+..+.......+..+......+.........+......+............+............+......+.......+............+...+.....+.....................+.+...+...........+......+.+...+..+.........+...+...+............+.+..............+......+.+...+...+........+.........+.+.....+......+.+..+...+...+....+...+...+..+...+......+......+.........+....+......+++++++++++++++++++++++++++++++++++++++++++++++++++++++++++++++++\n'}
[10.603704] (libcamera) StdoutLine: {'line': b'\n'}
[10.695450] (-) TimerEvent: {}
[10.798277] (-) TimerEvent: {}
[10.901532] (-) TimerEvent: {}
[11.002097] (-) TimerEvent: {}
[11.102635] (-) TimerEvent: {}
[11.207291] (-) TimerEvent: {}
[11.307806] (-) TimerEvent: {}
[11.408297] (-) TimerEvent: {}
[11.510283] (-) TimerEvent: {}
[11.610852] (-) TimerEvent: {}
[11.718277] (-) TimerEvent: {}
[11.818737] (-) TimerEvent: {}
[11.919329] (-) TimerEvent: {}
[12.021290] (-) TimerEvent: {}
[12.124322] (-) TimerEvent: {}
[12.163291] (libcamera) StdoutLine: {'line': b'[19/264] Compiling C++ object src/libcamera/base/libcamera-base.so.0.7.1.p/unique_fd.cpp.o\x1b[K\n'}
[12.163773] (libcamera) StdoutLine: {'line': b'[20/264] Compiling C++ object src/libcamera/base/libcamera-base.so.0.7.1.p/class.cpp.o\x1b[K\n'}
[12.227254] (-) TimerEvent: {}
[12.327698] (-) TimerEvent: {}
[12.428202] (-) TimerEvent: {}
[12.528707] (-) TimerEvent: {}
[12.629220] (-) TimerEvent: {}
[12.732282] (-) TimerEvent: {}
[12.832860] (-) TimerEvent: {}
[12.933428] (-) TimerEvent: {}
[13.036304] (-) TimerEvent: {}
[13.136838] (-) TimerEvent: {}
[13.239322] (-) TimerEvent: {}
[13.339918] (-) TimerEvent: {}
[13.440552] (-) TimerEvent: {}
[13.543280] (-) TimerEvent: {}
[13.647731] (-) TimerEvent: {}
[13.753275] (-) TimerEvent: {}
[13.853769] (-) TimerEvent: {}
[13.954297] (-) TimerEvent: {}
[14.054814] (-) TimerEvent: {}
[14.155268] (-) TimerEvent: {}
[14.255712] (-) TimerEvent: {}
[14.358501] (-) TimerEvent: {}
[14.465298] (-) TimerEvent: {}
[14.571275] (-) TimerEvent: {}
[14.671745] (-) TimerEvent: {}
[14.772285] (-) TimerEvent: {}
[14.863484] (libcamera) StdoutLine: {'line': b'[20/264] Compiling C++ object src/libcamera/base/libcamera-base.so.0.7.1.p/backtrace.cpp.o\x1b[K\n'}
[14.863913] (libcamera) StdoutLine: {'line': b'[21/264] Compiling C++ object src/libcamera/base/libcamera-base.so.0.7.1.p/signal.cpp.o\x1b[K\n'}
[14.878417] (-) TimerEvent: {}
[14.978924] (-) TimerEvent: {}
[15.079429] (-) TimerEvent: {}
[15.182728] (-) TimerEvent: {}
[15.288293] (-) TimerEvent: {}
[15.395685] (-) TimerEvent: {}
[15.496135] (-) TimerEvent: {}
[15.596620] (-) TimerEvent: {}
[15.600449] (libcamera) StdoutLine: {'line': b'[21/264] Compiling C++ object src/libcamera/base/libcamera-base.so.0.7.1.p/event_dispatcher.cpp.o\x1b[K\n'}
[15.601297] (libcamera) StdoutLine: {'line': b'[22/264] Compiling C++ object src/libcamera/base/libcamera-base.so.0.7.1.p/bound_method.cpp.o\x1b[K\n'}
[15.696828] (-) TimerEvent: {}
[15.802371] (-) TimerEvent: {}
[15.902990] (-) TimerEvent: {}
[16.003466] (-) TimerEvent: {}
[16.106644] (-) TimerEvent: {}
[16.210539] (-) TimerEvent: {}
[16.313564] (-) TimerEvent: {}
[16.414105] (-) TimerEvent: {}
[16.514623] (-) TimerEvent: {}
[16.617573] (-) TimerEvent: {}
[16.718103] (-) TimerEvent: {}
[16.827880] (-) TimerEvent: {}
[16.928453] (-) TimerEvent: {}
[17.028962] (-) TimerEvent: {}
[17.134395] (-) TimerEvent: {}
[17.234855] (-) TimerEvent: {}
[17.338289] (-) TimerEvent: {}
[17.438908] (-) TimerEvent: {}
[17.498763] (libcamera) StdoutLine: {'line': b'[22/264] Compiling C++ object src/libcamera/base/libcamera-base.so.0.7.1.p/event_dispatcher_poll.cpp.o\x1b[K\n'}
[17.505724] (libcamera) StdoutLine: {'line': b'[23/264] Compiling C++ object src/libcamera/base/libcamera-base.so.0.7.1.p/unique_fd.cpp.o\x1b[K\n'}
[17.541307] (-) TimerEvent: {}
[17.641835] (-) TimerEvent: {}
[17.648277] (libcamera) StdoutLine: {'line': b'[23/264] Compiling C++ object src/libcamera/base/libcamera-base.so.0.7.1.p/event_notifier.cpp.o\x1b[K\n'}
[17.648667] (libcamera) StdoutLine: {'line': b'[24/264] Compiling C++ object src/libcamera/base/libcamera-base.so.0.7.1.p/shared_fd.cpp.o\x1b[K\n'}
[17.742005] (-) TimerEvent: {}
[17.844257] (-) TimerEvent: {}
[17.947269] (-) TimerEvent: {}
[18.050274] (-) TimerEvent: {}
[18.150759] (-) TimerEvent: {}
[18.251282] (-) TimerEvent: {}
[18.351827] (-) TimerEvent: {}
[18.452337] (-) TimerEvent: {}
[18.556513] (-) TimerEvent: {}
[18.657037] (-) TimerEvent: {}
[18.760246] (-) TimerEvent: {}
[18.860697] (-) TimerEvent: {}
[18.961200] (-) TimerEvent: {}
[19.061662] (-) TimerEvent: {}
[19.169670] (-) TimerEvent: {}
[19.221261] (libcamera) StdoutLine: {'line': b'[24/264] Compiling C++ object src/libcamera/base/libcamera-base.so.0.7.1.p/file.cpp.o\x1b[K\n'}
[19.221773] (libcamera) StdoutLine: {'line': b'[25/264] Compiling C++ object src/libcamera/base/libcamera-base.so.0.7.1.p/object.cpp.o\x1b[K\n'}
[19.271265] (-) TimerEvent: {}
[19.371783] (-) TimerEvent: {}
[19.474868] (-) TimerEvent: {}
[19.575373] (-) TimerEvent: {}
[19.681289] (-) TimerEvent: {}
[19.786639] (-) TimerEvent: {}
[19.889269] (-) TimerEvent: {}
[19.989781] (-) TimerEvent: {}
[20.093899] (-) TimerEvent: {}
[20.201579] (-) TimerEvent: {}
[20.268459] (libcamera) StdoutLine: {'line': b'[25/264] Compiling C++ object src/libcamera/base/libcamera-base.so.0.7.1.p/log.cpp.o\x1b[K\n'}
[20.273035] (libcamera) StdoutLine: {'line': b'[26/264] Compiling C++ object src/libcamera/base/libcamera-base.so.0.7.1.p/backtrace.cpp.o\x1b[K\n'}
[20.305344] (-) TimerEvent: {}
[20.405882] (-) TimerEvent: {}
[20.508452] (-) TimerEvent: {}
[20.608975] (-) TimerEvent: {}
[20.712284] (-) TimerEvent: {}
[20.812771] (-) TimerEvent: {}
[20.913292] (-) TimerEvent: {}
[21.014302] (-) TimerEvent: {}
[21.114780] (-) TimerEvent: {}
[21.218289] (-) TimerEvent: {}
[21.319277] (-) TimerEvent: {}
[21.421290] (-) TimerEvent: {}
[21.513131] (libcamera) StdoutLine: {'line': b'[26/264] Compiling C++ object src/libcamera/base/libcamera-base.so.0.7.1.p/memfd.cpp.o\x1b[K\n'}
[21.516017] (libcamera) StdoutLine: {'line': b'[27/264] Compiling C++ object src/libcamera/base/libcamera-base.so.0.7.1.p/event_dispatcher.cpp.o\x1b[K\n'}
[21.521463] (-) TimerEvent: {}
[21.625299] (-) TimerEvent: {}
[21.728379] (-) TimerEvent: {}
[21.829000] (-) TimerEvent: {}
[21.935266] (-) TimerEvent: {}
[22.038200] (-) TimerEvent: {}
[22.138675] (-) TimerEvent: {}
[22.239204] (-) TimerEvent: {}
[22.342278] (-) TimerEvent: {}
[22.442772] (-) TimerEvent: {}
[22.543512] (-) TimerEvent: {}
[22.645295] (-) TimerEvent: {}
[22.747643] (-) TimerEvent: {}
[22.852327] (-) TimerEvent: {}
[22.952790] (-) TimerEvent: {}
[23.053318] (-) TimerEvent: {}
[23.121307] (libcamera) StdoutLine: {'line': b'[27/264] Compiling C++ object src/libcamera/base/libcamera-base.so.0.7.1.p/message.cpp.o\x1b[K\n'}
[23.121777] (libcamera) StdoutLine: {'line': b'[28/264] Compiling C++ object src/libcamera/base/libcamera-base.so.0.7.1.p/event_dispatcher_poll.cpp.o\x1b[K\n'}
[23.153456] (-) TimerEvent: {}
[23.253967] (-) TimerEvent: {}
[23.357172] (-) TimerEvent: {}
[23.457627] (-) TimerEvent: {}
[23.562266] (-) TimerEvent: {}
[23.665273] (-) TimerEvent: {}
[23.767272] (-) TimerEvent: {}
[23.870473] (-) TimerEvent: {}
[23.973516] (-) TimerEvent: {}
[24.073967] (-) TimerEvent: {}
[24.102219] (libcamera) StdoutLine: {'line': b'[28/264] Compiling C++ object src/libcamera/base/libcamera-base.so.0.7.1.p/mutex.cpp.o\x1b[K\n'}
[24.102847] (libcamera) StdoutLine: {'line': b'[29/264] Compiling C++ object src/libcamera/base/libcamera-base.so.0.7.1.p/file.cpp.o\x1b[K\n'}
[24.176278] (-) TimerEvent: {}
[24.276931] (-) TimerEvent: {}
[24.380275] (-) TimerEvent: {}
[24.480730] (-) TimerEvent: {}
[24.585284] (-) TimerEvent: {}
[24.685773] (-) TimerEvent: {}
[24.788312] (-) TimerEvent: {}
[24.888885] (-) TimerEvent: {}
[24.992659] (-) TimerEvent: {}
[25.093207] (-) TimerEvent: {}
[25.198275] (-) TimerEvent: {}
[25.298749] (-) TimerEvent: {}
[25.400309] (-) TimerEvent: {}
[25.500809] (-) TimerEvent: {}
[25.605272] (-) TimerEvent: {}
[25.697405] (libcamera) StdoutLine: {'line': b'[29/264] Compiling C++ object src/libcamera/base/libcamera-base.so.0.7.1.p/semaphore.cpp.o\x1b[K\n'}
[25.697912] (libcamera) StdoutLine: {'line': b'[30/264] Compiling C++ object src/libcamera/base/libcamera-base.so.0.7.1.p/event_notifier.cpp.o\x1b[K\n'}
[25.706293] (-) TimerEvent: {}
[25.754286] (libcamera) StdoutLine: {'line': b'[30/264] Compiling C++ object src/libcamera/base/libcamera-base.so.0.7.1.p/thread.cpp.o\x1b[K\n'}
[25.754747] (libcamera) StdoutLine: {'line': b'[31/264] Compiling C++ object src/libcamera/base/libcamera-base.so.0.7.1.p/mutex.cpp.o\x1b[K\n'}
[25.809273] (-) TimerEvent: {}
[25.909854] (-) TimerEvent: {}
[26.010994] (-) TimerEvent: {}
[26.114299] (-) TimerEvent: {}
[26.217256] (-) TimerEvent: {}
[26.317706] (-) TimerEvent: {}
[26.418319] (-) TimerEvent: {}
[26.463985] (libcamera) StdoutLine: {'line': b'[31/264] Compiling C++ object src/libcamera/base/libcamera-base.so.0.7.1.p/timer.cpp.o\x1b[K\n'}
[26.464496] (libcamera) StdoutLine: {'line': b'[32/264] Compiling C++ object src/libcamera/base/libcamera-base.so.0.7.1.p/message.cpp.o\x1b[K\n'}
[26.521301] (-) TimerEvent: {}
[26.621797] (-) TimerEvent: {}
[26.727697] (-) TimerEvent: {}
[26.831285] (-) TimerEvent: {}
[26.931746] (-) TimerEvent: {}
[27.032244] (-) TimerEvent: {}
[27.135304] (-) TimerEvent: {}
[27.235845] (-) TimerEvent: {}
[27.267513] (libcamera) StdoutLine: {'line': b'[32/264] Compiling C++ object src/libcamera/base/libcamera-base.so.0.7.1.p/utils.cpp.o\x1b[K\n'}
[27.268091] (libcamera) StdoutLine: {'line': b'[33/264] Compiling C++ object src/libcamera/base/libcamera-base.so.0.7.1.p/memfd.cpp.o\x1b[K\n'}
[27.273435] (libcamera) StdoutLine: {'line': b'[33/264] Generating subprojects/libpisp/src/libpisp/backend/Default config to build dir with a custom command\x1b[K\n'}
[27.274015] (libcamera) StdoutLine: {'line': b'[34/264] Generating subprojects/libpisp/src/libpisp/backend/Default config to build dir with a custom command\x1b[K\n'}
[27.336483] (-) TimerEvent: {}
[27.437010] (-) TimerEvent: {}
[27.528290] (libcamera) StdoutLine: {'line': b'[34/264] Generating subprojects/libpisp/src/version.cpp with a custom command\x1b[K\n'}
[27.528814] (libcamera) StdoutLine: {'line': b'[35/264] Compiling C++ object src/libcamera/base/libcamera-base.so.0.7.1.p/semaphore.cpp.o\x1b[K\n'}
[27.537786] (-) TimerEvent: {}
[27.644483] (-) TimerEvent: {}
[27.744971] (-) TimerEvent: {}
[27.770390] (libcamera) StdoutLine: {'line': b'[35/264] Compiling C++ object subprojects/libpisp/src/libpisp.so.1.5.0.p/libpisp_common_pisp_utils.cpp.o\x1b[K\n'}
[27.770861] (libcamera) StdoutLine: {'line': b'[36/264] Generating subprojects/libpisp/src/version.cpp with a custom command\x1b[K\n'}
[27.845186] (-) TimerEvent: {}
[27.948447] (-) TimerEvent: {}
[28.049003] (-) TimerEvent: {}
[28.149474] (-) TimerEvent: {}
[28.249968] (-) TimerEvent: {}
[28.360273] (-) TimerEvent: {}
[28.460742] (-) TimerEvent: {}
[28.564520] (-) TimerEvent: {}
[28.666612] (-) TimerEvent: {}
[28.771283] (-) TimerEvent: {}
[28.871771] (-) TimerEvent: {}
[28.977278] (-) TimerEvent: {}
[29.077834] (-) TimerEvent: {}
[29.178412] (-) TimerEvent: {}
[29.278989] (-) TimerEvent: {}
[29.386261] (-) TimerEvent: {}
[29.464807] (libcamera) StdoutLine: {'line': b'[36/264] Compiling C++ object subprojects/libpisp/src/libpisp.so.1.5.0.p/meson-generated_.._version.cpp.o\x1b[K\n'}
[29.470262] (libcamera) StdoutLine: {'line': b'[37/264] Compiling C++ object subprojects/libpisp/src/libpisp.so.1.5.0.p/meson-generated_.._version.cpp.o\x1b[K\n'}
[29.490320] (-) TimerEvent: {}
[29.590797] (-) TimerEvent: {}
[29.695656] (-) TimerEvent: {}
[29.798550] (-) TimerEvent: {}
[29.901616] (-) TimerEvent: {}
[30.004577] (-) TimerEvent: {}
[30.112303] (-) TimerEvent: {}
[30.212867] (-) TimerEvent: {}
[30.313379] (-) TimerEvent: {}
[30.416334] (-) TimerEvent: {}
[30.516981] (-) TimerEvent: {}
[30.617476] (-) TimerEvent: {}
[30.717977] (-) TimerEvent: {}
[30.809625] (libcamera) StdoutLine: {'line': b'[37/264] Compiling C++ object subprojects/libpisp/src/libpisp.so.1.5.0.p/libpisp_common_pisp_logging.cpp.o\x1b[K\n'}
[30.812391] (libcamera) StdoutLine: {'line': b'[38/264] Compiling C++ object src/libcamera/base/libcamera-base.so.0.7.1.p/log.cpp.o\x1b[K\n'}
[30.818613] (-) TimerEvent: {}
[30.920589] (-) TimerEvent: {}
[31.023570] (-) TimerEvent: {}
[31.124017] (-) TimerEvent: {}
[31.229778] (-) TimerEvent: {}
[31.330280] (-) TimerEvent: {}
[31.432277] (-) TimerEvent: {}
[31.532769] (-) TimerEvent: {}
[31.633249] (-) TimerEvent: {}
[31.736608] (-) TimerEvent: {}
[31.842265] (-) TimerEvent: {}
[31.942758] (-) TimerEvent: {}
[32.043265] (-) TimerEvent: {}
[32.143733] (-) TimerEvent: {}
[32.247575] (-) TimerEvent: {}
[32.348080] (-) TimerEvent: {}
[32.451264] (-) TimerEvent: {}
[32.551714] (-) TimerEvent: {}
[32.594904] (libcamera) StdoutLine: {'line': b'[38/264] Compiling C++ object subprojects/libpisp/src/libpisp.so.1.5.0.p/libpisp_common_pisp_pwl.cpp.o\x1b[K\n'}
[32.595304] (libcamera) StdoutLine: {'line': b'[39/264] Compiling C++ object src/libcamera/base/libcamera-base.so.0.7.1.p/utils.cpp.o\x1b[K\n'}
[32.654280] (-) TimerEvent: {}
[32.754741] (-) TimerEvent: {}
[32.860274] (-) TimerEvent: {}
[32.964465] (-) TimerEvent: {}
[33.064938] (-) TimerEvent: {}
[33.165475] (-) TimerEvent: {}
[33.267270] (-) TimerEvent: {}
[33.369275] (-) TimerEvent: {}
[33.469741] (-) TimerEvent: {}
[33.570246] (-) TimerEvent: {}
[33.680306] (-) TimerEvent: {}
[33.780822] (-) TimerEvent: {}
[33.881390] (-) TimerEvent: {}
[33.932370] (libcamera) StdoutLine: {'line': b'[39/264] Compiling C++ object subprojects/libpisp/src/libpisp.so.1.5.0.p/libpisp_variants_variant.cpp.o\x1b[K\n'}
[33.932823] (libcamera) StdoutLine: {'line': b'[40/264] Compiling C++ object src/libcamera/base/libcamera-base.so.0.7.1.p/timer.cpp.o\x1b[K\n'}
[33.981541] (-) TimerEvent: {}
[34.086270] (-) TimerEvent: {}
[34.186749] (-) TimerEvent: {}
[34.295274] (-) TimerEvent: {}
[34.395744] (-) TimerEvent: {}
[34.496285] (-) TimerEvent: {}
[34.596929] (-) TimerEvent: {}
[34.695885] (libcamera) StdoutLine: {'line': b'[40/264] Compiling C++ object subprojects/libpisp/src/libpisp.so.1.5.0.p/libpisp_frontend_frontend.cpp.o\x1b[K\n'}
[34.702224] (-) TimerEvent: {}
[34.702641] (libcamera) StdoutLine: {'line': b'[41/264] Compiling C++ object subprojects/libpisp/src/libpisp.so.1.5.0.p/libpisp_variants_variant.cpp.o\x1b[K\n'}
[34.806289] (-) TimerEvent: {}
[34.906781] (-) TimerEvent: {}
[35.007408] (-) TimerEvent: {}
[35.110277] (-) TimerEvent: {}
[35.125378] (libcamera) StdoutLine: {'line': b'[41/264] Compiling C++ object subprojects/libpisp/src/libpisp.so.1.5.0.p/libpisp_backend_backend.cpp.o\x1b[K\n'}
[35.125884] (libcamera) StdoutLine: {'line': b'[42/264] Compiling C++ object src/libcamera/base/libcamera-base.so.0.7.1.p/thread.cpp.o\x1b[K\n'}
[35.210484] (-) TimerEvent: {}
[35.316336] (-) TimerEvent: {}
[35.419260] (-) TimerEvent: {}
[35.519717] (-) TimerEvent: {}
[35.625544] (-) TimerEvent: {}
[35.656757] (libcamera) StdoutLine: {'line': b'[42/264] Linking target src/libcamera/base/libcamera-base.so.0.7.1\x1b[K\n'}
[35.661466] (libcamera) StdoutLine: {'line': b'[43/264] Linking target src/libcamera/base/libcamera-base.so.0.7.1\x1b[K\n'}
[35.728272] (-) TimerEvent: {}
[35.830295] (-) TimerEvent: {}
[35.930794] (-) TimerEvent: {}
[35.976367] (libcamera) StdoutLine: {'line': b'[43/264] Generating symbol file src/libcamera/base/libcamera-base.so.0.7.1.p/libcamera-base.so.0.7.1.symbols\x1b[K\n'}
[35.976779] (libcamera) StdoutLine: {'line': b'[44/264] Compiling C++ object subprojects/libpisp/src/libpisp.so.1.5.0.p/libpisp_common_pisp_utils.cpp.o\x1b[K\n'}
[36.036266] (-) TimerEvent: {}
[36.099827] (libcamera) StdoutLine: {'line': b'[44/264] Compiling C++ object subprojects/libpisp/src/libpisp.so.1.5.0.p/libpisp_backend_backend_debug.cpp.o\x1b[K\n'}
[36.100377] (libcamera) StdoutLine: {'line': b'[45/264] Generating symbol file src/libcamera/base/libcamera-base.so.0.7.1.p/libcamera-base.so.0.7.1.symbols\x1b[K\n'}
[36.136404] (-) TimerEvent: {}
[36.239335] (-) TimerEvent: {}
[36.343355] (-) TimerEvent: {}
[36.443858] (-) TimerEvent: {}
[36.544345] (-) TimerEvent: {}
[36.644899] (-) TimerEvent: {}
[36.745419] (-) TimerEvent: {}
[36.848265] (-) TimerEvent: {}
[36.948800] (-) TimerEvent: {}
[37.049293] (-) TimerEvent: {}
[37.149790] (-) TimerEvent: {}
[37.250365] (-) TimerEvent: {}
[37.354656] (-) TimerEvent: {}
[37.455181] (-) TimerEvent: {}
[37.556298] (-) TimerEvent: {}
[37.656805] (-) TimerEvent: {}
[37.757278] (-) TimerEvent: {}
[37.857723] (-) TimerEvent: {}
[37.961396] (-) TimerEvent: {}
[38.061891] (-) TimerEvent: {}
[38.162444] (-) TimerEvent: {}
[38.262882] (-) TimerEvent: {}
[38.365575] (-) TimerEvent: {}
[38.466054] (-) TimerEvent: {}
[38.566532] (-) TimerEvent: {}
[38.666984] (-) TimerEvent: {}
[38.770240] (-) TimerEvent: {}
[38.873278] (-) TimerEvent: {}
[38.973863] (-) TimerEvent: {}
[39.074561] (-) TimerEvent: {}
[39.178550] (-) TimerEvent: {}
[39.279092] (-) TimerEvent: {}
[39.379642] (-) TimerEvent: {}
[39.481222] (-) TimerEvent: {}
[39.584276] (-) TimerEvent: {}
[39.684797] (-) TimerEvent: {}
[39.788261] (-) TimerEvent: {}
[39.893321] (-) TimerEvent: {}
[39.996286] (-) TimerEvent: {}
[40.098306] (-) TimerEvent: {}
[40.200328] (-) TimerEvent: {}
[40.259728] (libcamera) StdoutLine: {'line': b'[45/264] Compiling C++ object subprojects/libpisp/src/libpisp.so.1.5.0.p/libpisp_backend_backend_default_config.cpp.o\x1b[K\n'}
[40.263825] (libcamera) StdoutLine: {'line': b'[46/264] Compiling C++ object subprojects/libpisp/src/libpisp.so.1.5.0.p/libpisp_backend_backend.cpp.o\x1b[K\n'}
[40.303099] (-) TimerEvent: {}
[40.381372] (libcamera) StdoutLine: {'line': b'[46/264] Compiling C++ object subprojects/libpisp/src/libpisp.so.1.5.0.p/libpisp_backend_backend_prepare.cpp.o\x1b[K\n'}
[40.383615] (libcamera) StdoutLine: {'line': b'[47/264] Compiling C++ object subprojects/libpisp/src/libpisp.so.1.5.0.p/libpisp_frontend_frontend.cpp.o\x1b[K\n'}
[40.404887] (-) TimerEvent: {}
[40.512336] (-) TimerEvent: {}
[40.612891] (-) TimerEvent: {}
[40.713444] (-) TimerEvent: {}
[40.813938] (-) TimerEvent: {}
[40.917263] (-) TimerEvent: {}
[41.017681] (-) TimerEvent: {}
[41.120291] (-) TimerEvent: {}
[41.220734] (-) TimerEvent: {}
[41.321303] (-) TimerEvent: {}
[41.424775] (-) TimerEvent: {}
[41.526302] (-) TimerEvent: {}
[41.619257] (libcamera) StdoutLine: {'line': b'[47/264] Compiling C++ object subprojects/libpisp/src/libpisp.so.1.5.0.p/libpisp_backend_tiling_context_stage.cpp.o\x1b[K\n'}
[41.622286] (libcamera) StdoutLine: {'line': b'[48/264] Compiling C++ object subprojects/libpisp/src/libpisp.so.1.5.0.p/libpisp_common_pisp_pwl.cpp.o\x1b[K\n'}
[41.626495] (-) TimerEvent: {}
[41.727143] (-) TimerEvent: {}
[41.830275] (-) TimerEvent: {}
[41.930746] (-) TimerEvent: {}
[42.034341] (-) TimerEvent: {}
[42.134889] (-) TimerEvent: {}
[42.235410] (-) TimerEvent: {}
[42.338261] (-) TimerEvent: {}
[42.441263] (-) TimerEvent: {}
[42.541767] (-) TimerEvent: {}
[42.642297] (-) TimerEvent: {}
[42.749279] (-) TimerEvent: {}
[42.849774] (-) TimerEvent: {}
[42.950240] (-) TimerEvent: {}
[43.050717] (-) TimerEvent: {}
[43.158180] (-) TimerEvent: {}
[43.261251] (-) TimerEvent: {}
[43.361724] (-) TimerEvent: {}
[43.462267] (-) TimerEvent: {}
[43.566262] (-) TimerEvent: {}
[43.666724] (-) TimerEvent: {}
[43.767137] (-) TimerEvent: {}
[43.867614] (-) TimerEvent: {}
[43.968108] (-) TimerEvent: {}
[44.068594] (-) TimerEvent: {}
[44.170492] (-) TimerEvent: {}
[44.273497] (-) TimerEvent: {}
[44.376487] (-) TimerEvent: {}
[44.476933] (-) TimerEvent: {}
[44.583876] (-) TimerEvent: {}
[44.684377] (-) TimerEvent: {}
[44.789446] (-) TimerEvent: {}
[44.889927] (-) TimerEvent: {}
[44.993255] (-) TimerEvent: {}
[45.093676] (-) TimerEvent: {}
[45.194136] (-) TimerEvent: {}
[45.297273] (-) TimerEvent: {}
[45.397729] (-) TimerEvent: {}
[45.501270] (-) TimerEvent: {}
[45.601714] (-) TimerEvent: {}
[45.702170] (-) TimerEvent: {}
[45.802689] (-) TimerEvent: {}
[45.905494] (-) TimerEvent: {}
[46.005962] (-) TimerEvent: {}
[46.110730] (-) TimerEvent: {}
[46.211285] (-) TimerEvent: {}
[46.311727] (-) TimerEvent: {}
[46.414497] (-) TimerEvent: {}
[46.514961] (-) TimerEvent: {}
[46.620024] (-) TimerEvent: {}
[46.727468] (-) TimerEvent: {}
[46.827986] (-) TimerEvent: {}
[46.931256] (-) TimerEvent: {}
[47.031713] (-) TimerEvent: {}
[47.132201] (-) TimerEvent: {}
[47.232639] (-) TimerEvent: {}
[47.335514] (-) TimerEvent: {}
[47.439455] (-) TimerEvent: {}
[47.539957] (-) TimerEvent: {}
[47.640491] (-) TimerEvent: {}
[47.743715] (-) TimerEvent: {}
[47.848522] (-) TimerEvent: {}
[47.948969] (-) TimerEvent: {}
[48.049498] (-) TimerEvent: {}
[48.151259] (-) TimerEvent: {}
[48.254271] (-) TimerEvent: {}
[48.355211] (-) TimerEvent: {}
[48.457300] (-) TimerEvent: {}
[48.559321] (-) TimerEvent: {}
[48.659996] (-) TimerEvent: {}
[48.761933] (-) TimerEvent: {}
[48.862373] (-) TimerEvent: {}
[48.965527] (-) TimerEvent: {}
[49.068331] (-) TimerEvent: {}
[49.168864] (-) TimerEvent: {}
[49.269501] (-) TimerEvent: {}
[49.372644] (-) TimerEvent: {}
[49.474977] (-) TimerEvent: {}
[49.575433] (-) TimerEvent: {}
[49.677035] (-) TimerEvent: {}
[49.781807] (-) TimerEvent: {}
[49.882274] (-) TimerEvent: {}
[49.988283] (-) TimerEvent: {}
[50.091286] (-) TimerEvent: {}
[50.191847] (-) TimerEvent: {}
[50.292365] (-) TimerEvent: {}
[50.399238] (-) TimerEvent: {}
[50.503304] (-) TimerEvent: {}
[50.603845] (-) TimerEvent: {}
[50.707007] (-) TimerEvent: {}
[50.807507] (-) TimerEvent: {}
[50.860417] (libcamera) StdoutLine: {'line': b'[48/264] Compiling C++ object subprojects/libpisp/src/libpisp.so.1.5.0.p/libpisp_backend_tiling_crop_stage.cpp.o\x1b[K\n'}
[50.870678] (libcamera) StdoutLine: {'line': b'[49/264] Compiling C++ object subprojects/libpisp/src/libpisp.so.1.5.0.p/libpisp_common_pisp_logging.cpp.o\x1b[K\n'}
[50.912285] (-) TimerEvent: {}
[51.012785] (-) TimerEvent: {}
[51.113365] (-) TimerEvent: {}
[51.213938] (-) TimerEvent: {}
[51.315837] (-) TimerEvent: {}
[51.417406] (-) TimerEvent: {}
[51.518178] (-) TimerEvent: {}
[51.620715] (-) TimerEvent: {}
[51.722274] (-) TimerEvent: {}
[51.823271] (-) TimerEvent: {}
[51.925264] (-) TimerEvent: {}
[52.025733] (-) TimerEvent: {}
[52.126230] (-) TimerEvent: {}
[52.226659] (-) TimerEvent: {}
[52.328525] (-) TimerEvent: {}
[52.430813] (-) TimerEvent: {}
[52.531571] (-) TimerEvent: {}
[52.634695] (-) TimerEvent: {}
[52.735421] (-) TimerEvent: {}
[52.835990] (-) TimerEvent: {}
[52.936756] (-) TimerEvent: {}
[53.040278] (-) TimerEvent: {}
[53.140739] (-) TimerEvent: {}
[53.241184] (-) TimerEvent: {}
[53.341674] (-) TimerEvent: {}
[53.367530] (libcamera) StdoutLine: {'line': b'[49/264] Compiling C++ object subprojects/libpisp/src/libpisp.so.1.5.0.p/libpisp_backend_tiling_input_stage.cpp.o\x1b[K\n'}
[53.368381] (libcamera) StdoutLine: {'line': b'[50/264] Compiling C++ object subprojects/libpisp/src/libpisp.so.1.5.0.p/libpisp_backend_tiling_context_stage.cpp.o\x1b[K\n'}
[53.444366] (-) TimerEvent: {}
[53.546885] (-) TimerEvent: {}
[53.650273] (-) TimerEvent: {}
[53.750769] (-) TimerEvent: {}
[53.851289] (-) TimerEvent: {}
[53.951845] (-) TimerEvent: {}
[54.055510] (-) TimerEvent: {}
[54.158751] (-) TimerEvent: {}
[54.262315] (-) TimerEvent: {}
[54.365560] (-) TimerEvent: {}
[54.466024] (-) TimerEvent: {}
[54.570709] (-) TimerEvent: {}
[54.673563] (-) TimerEvent: {}
[54.776656] (-) TimerEvent: {}
[54.877060] (-) TimerEvent: {}
[54.977515] (-) TimerEvent: {}
[55.082511] (-) TimerEvent: {}
[55.182964] (-) TimerEvent: {}
[55.289221] (-) TimerEvent: {}
[55.391305] (-) TimerEvent: {}
[55.497498] (-) TimerEvent: {}
[55.600506] (-) TimerEvent: {}
[55.706263] (-) TimerEvent: {}
[55.806691] (-) TimerEvent: {}
[55.907269] (-) TimerEvent: {}
[56.010482] (-) TimerEvent: {}
[56.110974] (-) TimerEvent: {}
[56.211483] (-) TimerEvent: {}
[56.314556] (-) TimerEvent: {}
[56.415090] (-) TimerEvent: {}
[56.519494] (-) TimerEvent: {}
[56.619985] (-) TimerEvent: {}
[56.723271] (-) TimerEvent: {}
[56.823692] (-) TimerEvent: {}
[56.857309] (libcamera) StdoutLine: {'line': b'[50/264] Compiling C++ object subprojects/libpisp/src/libpisp.so.1.5.0.p/libpisp_backend_tiling_output_stage.cpp.o\x1b[K\n'}
[56.862675] (libcamera) StdoutLine: {'line': b'[51/264] Compiling C++ object subprojects/libpisp/src/libpisp.so.1.5.0.p/libpisp_backend_tiling_crop_stage.cpp.o\x1b[K\n'}
[56.923848] (-) TimerEvent: {}
[57.025302] (-) TimerEvent: {}
[57.128307] (-) TimerEvent: {}
[57.228817] (-) TimerEvent: {}
[57.331632] (-) TimerEvent: {}
[57.439283] (-) TimerEvent: {}
[57.539771] (-) TimerEvent: {}
[57.642282] (-) TimerEvent: {}
[57.742853] (-) TimerEvent: {}
[57.846283] (-) TimerEvent: {}
[57.946728] (-) TimerEvent: {}
[58.047225] (-) TimerEvent: {}
[58.149289] (-) TimerEvent: {}
[58.256481] (-) TimerEvent: {}
[58.356893] (-) TimerEvent: {}
[58.460261] (-) TimerEvent: {}
[58.560765] (-) TimerEvent: {}
[58.661400] (-) TimerEvent: {}
[58.761964] (-) TimerEvent: {}
[58.774327] (libcamera) StdoutLine: {'line': b'[51/264] Compiling C++ object subprojects/libpisp/src/libpisp.so.1.5.0.p/libpisp_backend_tiling_pipeline.cpp.o\x1b[K\n'}
[58.775665] (libcamera) StdoutLine: {'line': b'[52/264] Compiling C++ object subprojects/libpisp/src/libpisp.so.1.5.0.p/libpisp_backend_backend_prepare.cpp.o\x1b[K\n'}
[58.862105] (-) TimerEvent: {}
[58.967190] (-) TimerEvent: {}
[59.070327] (-) TimerEvent: {}
[59.170855] (-) TimerEvent: {}
[59.274420] (-) TimerEvent: {}
[59.374856] (-) TimerEvent: {}
[59.475306] (-) TimerEvent: {}
[59.575789] (-) TimerEvent: {}
[59.676299] (-) TimerEvent: {}
[59.778284] (-) TimerEvent: {}
[59.878749] (-) TimerEvent: {}
[59.981514] (-) TimerEvent: {}
[60.083600] (-) TimerEvent: {}
[60.192272] (-) TimerEvent: {}
[60.292742] (-) TimerEvent: {}
[60.393261] (-) TimerEvent: {}
[60.493819] (-) TimerEvent: {}
[60.600295] (-) TimerEvent: {}
[60.700759] (-) TimerEvent: {}
[60.804278] (-) TimerEvent: {}
[60.907261] (-) TimerEvent: {}
[61.007740] (-) TimerEvent: {}
[61.110557] (-) TimerEvent: {}
[61.211033] (-) TimerEvent: {}
[61.316121] (-) TimerEvent: {}
[61.416660] (-) TimerEvent: {}
[61.519576] (-) TimerEvent: {}
[61.625323] (-) TimerEvent: {}
[61.725917] (-) TimerEvent: {}
[61.826656] (-) TimerEvent: {}
[61.930289] (-) TimerEvent: {}
[62.030826] (-) TimerEvent: {}
[62.131425] (-) TimerEvent: {}
[62.232083] (-) TimerEvent: {}
[62.334479] (-) TimerEvent: {}
[62.437514] (-) TimerEvent: {}
[62.538083] (-) TimerEvent: {}
[62.645321] (-) TimerEvent: {}
[62.751281] (-) TimerEvent: {}
[62.851826] (-) TimerEvent: {}
[62.952344] (-) TimerEvent: {}
[63.055315] (-) TimerEvent: {}
[63.155853] (-) TimerEvent: {}
[63.256301] (-) TimerEvent: {}
[63.322663] (libcamera) StdoutLine: {'line': b'[52/264] Compiling C++ object subprojects/libpisp/src/libpisp.so.1.5.0.p/libpisp_backend_tiling_pisp_tiling.cpp.o\x1b[K\n'}
[63.323285] (libcamera) StdoutLine: {'line': b'[53/264] Compiling C++ object subprojects/libpisp/src/libpisp.so.1.5.0.p/libpisp_backend_backend_default_config.cpp.o\x1b[K\n'}
[63.361268] (-) TimerEvent: {}
[63.464390] (-) TimerEvent: {}
[63.510314] (libcamera) StdoutLine: {'line': b'[53/264] Compiling C++ object subprojects/libpisp/src/libpisp.so.1.5.0.p/libpisp_backend_tiling_rescale_stage.cpp.o\x1b[K\n'}
[63.510834] (libcamera) StdoutLine: {'line': b'[54/264] Compiling C++ object subprojects/libpisp/src/libpisp.so.1.5.0.p/libpisp_backend_backend_debug.cpp.o\x1b[K\n'}
[63.564540] (-) TimerEvent: {}
[63.672223] (-) TimerEvent: {}
[63.776289] (-) TimerEvent: {}
[63.883275] (-) TimerEvent: {}
[63.983795] (-) TimerEvent: {}
[64.090316] (-) TimerEvent: {}
[64.193292] (-) TimerEvent: {}
[64.293781] (-) TimerEvent: {}
[64.396561] (-) TimerEvent: {}
[64.501289] (-) TimerEvent: {}
[64.601834] (-) TimerEvent: {}
[64.702467] (-) TimerEvent: {}
[64.806310] (-) TimerEvent: {}
[64.906825] (-) TimerEvent: {}
[65.007331] (-) TimerEvent: {}
[65.108062] (-) TimerEvent: {}
[65.208398] (libcamera) StdoutLine: {'line': b'[54/264] Compiling C++ object subprojects/libpisp/src/libpisp.so.1.5.0.p/libpisp_backend_tiling_split_stage.cpp.o\x1b[K\n'}
[65.210604] (-) TimerEvent: {}
[65.210910] (libcamera) StdoutLine: {'line': b'[55/264] Compiling C++ object subprojects/libpisp/src/libpisp.so.1.5.0.p/libpisp_backend_tiling_input_stage.cpp.o\x1b[K\n'}
[65.313311] (-) TimerEvent: {}
[65.416463] (-) TimerEvent: {}
[65.516979] (-) TimerEvent: {}
[65.626283] (-) TimerEvent: {}
[65.726891] (-) TimerEvent: {}
[65.814873] (libcamera) StdoutLine: {'line': b'[55/264] Compiling C++ object subprojects/libpisp/src/libpisp.so.1.5.0.p/libpisp_backend_tiling_stages.cpp.o\x1b[K\n'}
[65.820068] (libcamera) StdoutLine: {'line': b'[56/264] Compiling C++ object subprojects/libpisp/src/libpisp.so.1.5.0.p/libpisp_backend_tiling_pipeline.cpp.o\x1b[K\n'}
[65.827046] (-) TimerEvent: {}
[65.929267] (-) TimerEvent: {}
[66.032314] (-) TimerEvent: {}
[66.132861] (-) TimerEvent: {}
[66.233285] (-) TimerEvent: {}
[66.338609] (-) TimerEvent: {}
[66.439266] (-) TimerEvent: {}
[66.456664] (libcamera) StdoutLine: {'line': b'[56/264] Compiling C++ object subprojects/libpisp/src/libpisp.so.1.5.0.p/helpers_backend_device.cpp.o\x1b[K\n'}
[66.464689] (libcamera) StdoutLine: {'line': b'[57/264] Compiling C++ object subprojects/libpisp/src/libpisp.so.1.5.0.p/libpisp_backend_tiling_output_stage.cpp.o\x1b[K\n'}
[66.539463] (-) TimerEvent: {}
[66.611068] (libcamera) StdoutLine: {'line': b'[57/264] Compiling C++ object subprojects/libpisp/src/libpisp.so.1.5.0.p/helpers_buffer.cpp.o\x1b[K\n'}
[66.614838] (libcamera) StdoutLine: {'line': b'[58/264] Compiling C++ object subprojects/libpisp/src/libpisp.so.1.5.0.p/libpisp_backend_tiling_pisp_tiling.cpp.o\x1b[K\n'}
[66.639596] (-) TimerEvent: {}
[66.741242] (-) TimerEvent: {}
[66.843263] (-) TimerEvent: {}
[66.943712] (-) TimerEvent: {}
[67.044248] (-) TimerEvent: {}
[67.147317] (-) TimerEvent: {}
[67.248067] (-) TimerEvent: {}
[67.348717] (-) TimerEvent: {}
[67.451643] (-) TimerEvent: {}
[67.552409] (-) TimerEvent: {}
[67.654472] (-) TimerEvent: {}
[67.756800] (-) TimerEvent: {}
[67.857287] (-) TimerEvent: {}
[67.960289] (-) TimerEvent: {}
[68.060813] (-) TimerEvent: {}
[68.161399] (-) TimerEvent: {}
[68.261988] (-) TimerEvent: {}
[68.364582] (-) TimerEvent: {}
[68.467566] (-) TimerEvent: {}
[68.568137] (-) TimerEvent: {}
[68.669490] (-) TimerEvent: {}
[68.772285] (-) TimerEvent: {}
[68.872766] (-) TimerEvent: {}
[68.976265] (-) TimerEvent: {}
[69.076784] (-) TimerEvent: {}
[69.177267] (-) TimerEvent: {}
[69.282265] (-) TimerEvent: {}
[69.345086] (libcamera) StdoutLine: {'line': b'[58/264] Compiling C++ object subprojects/libpisp/src/libpisp.so.1.5.0.p/helpers_media_device.cpp.o\x1b[K\n'}
[69.345599] (libcamera) StdoutLine: {'line': b'[59/264] Compiling C++ object subprojects/libpisp/src/libpisp.so.1.5.0.p/helpers_buffer.cpp.o\x1b[K\n'}
[69.385698] (-) TimerEvent: {}
[69.486213] (-) TimerEvent: {}
[69.589290] (-) TimerEvent: {}
[69.695889] (-) TimerEvent: {}
[69.796808] (-) TimerEvent: {}
[69.897403] (-) TimerEvent: {}
[70.006254] (-) TimerEvent: {}
[70.106668] (-) TimerEvent: {}
[70.207253] (-) TimerEvent: {}
[70.310248] (-) TimerEvent: {}
[70.410722] (-) TimerEvent: {}
[70.514597] (-) TimerEvent: {}
[70.615180] (-) TimerEvent: {}
[70.723842] (-) TimerEvent: {}
[70.827262] (-) TimerEvent: {}
[70.927711] (-) TimerEvent: {}
[71.028239] (-) TimerEvent: {}
[71.137277] (-) TimerEvent: {}
[71.237726] (-) TimerEvent: {}
[71.338260] (-) TimerEvent: {}
[71.438780] (-) TimerEvent: {}
[71.539303] (-) TimerEvent: {}
[71.647421] (-) TimerEvent: {}
[71.749318] (-) TimerEvent: {}
[71.851259] (-) TimerEvent: {}
[71.954546] (-) TimerEvent: {}
[72.055088] (-) TimerEvent: {}
[72.158519] (-) TimerEvent: {}
[72.261287] (-) TimerEvent: {}
[72.364365] (-) TimerEvent: {}
[72.468263] (-) TimerEvent: {}
[72.568805] (-) TimerEvent: {}
[72.621278] (libcamera) StdoutLine: {'line': b'[59/264] Compiling C++ object subprojects/libpisp/src/libpisp.so.1.5.0.p/helpers_v4l2_device.cpp.o\x1b[K\n'}
[72.625353] (libcamera) StdoutLine: {'line': b'[60/264] Compiling C++ object subprojects/libpisp/src/libpisp.so.1.5.0.p/libpisp_backend_tiling_stages.cpp.o\x1b[K\n'}
[72.668933] (-) TimerEvent: {}
[72.774251] (-) TimerEvent: {}
[72.877250] (-) TimerEvent: {}
[72.978309] (-) TimerEvent: {}
[73.078714] (-) TimerEvent: {}
[73.179259] (-) TimerEvent: {}
[73.183760] (libcamera) StdoutLine: {'line': b'[60/264] Generating src/libcamera/proxy/raspberrypi_proxy_cpp with a custom command (wrapped by meson to set env)\x1b[K\n'}
[73.184770] (libcamera) StdoutLine: {'line': b'[61/264] Generating src/libcamera/proxy/raspberrypi_proxy_cpp with a custom command (wrapped by meson to set env)\x1b[K\n'}
[73.283277] (-) TimerEvent: {}
[73.385271] (-) TimerEvent: {}
[73.485685] (-) TimerEvent: {}
[73.586130] (-) TimerEvent: {}
[73.686630] (-) TimerEvent: {}
[73.787076] (-) TimerEvent: {}
[73.887739] (-) TimerEvent: {}
[73.990613] (-) TimerEvent: {}
[74.095262] (-) TimerEvent: {}
[74.175897] (libcamera) StdoutLine: {'line': b'[61/264] Generating src/libcamera/controls_ids_cpp with a custom command (wrapped by meson to set env)\x1b[K\n'}
[74.179373] (libcamera) StdoutLine: {'line': b'[62/264] Generating src/libcamera/controls_ids_cpp with a custom command (wrapped by meson to set env)\x1b[K\n'}
[74.195542] (-) TimerEvent: {}
[74.295957] (-) TimerEvent: {}
[74.405297] (-) TimerEvent: {}
[74.505727] (-) TimerEvent: {}
[74.611315] (-) TimerEvent: {}
[74.621367] (libcamera) StdoutLine: {'line': b'[62/264] Generating src/libcamera/properties_ids_cpp with a custom command (wrapped by meson to set env)\x1b[K\n'}
[74.622949] (libcamera) StdoutLine: {'line': b'[63/264] Generating src/libcamera/properties_ids_cpp with a custom command (wrapped by meson to set env)\x1b[K\n'}
[74.713294] (-) TimerEvent: {}
[74.760263] (libcamera) StdoutLine: {'line': b'[63/264] Generating src/libcamera/version.cpp with a custom command\x1b[K\n'}
[74.764672] (libcamera) StdoutLine: {'line': b'[64/264] Compiling C++ object subprojects/libpisp/src/libpisp.so.1.5.0.p/libpisp_backend_tiling_rescale_stage.cpp.o\x1b[K\n'}
[74.813399] (-) TimerEvent: {}
[74.888350] (libcamera) StdoutLine: {'line': b'[64/264] Generating src/libcamera/ipa_pub_key_cpp with a custom command\x1b[K\n'}
[74.888835] (libcamera) StdoutLine: {'line': b'[65/264] Generating src/libcamera/ipa_pub_key_cpp with a custom command\x1b[K\n'}
[74.892341] (libcamera) StdoutLine: {'line': b'writing RSA key\n'}
[74.893575] (libcamera) StdoutLine: {'line': b'\n'}
[74.922244] (-) TimerEvent: {}
[75.022652] (-) TimerEvent: {}
[75.029455] (libcamera) StdoutLine: {'line': b'[65/264] Generating src/libcamera/gen-shader-headers with a custom command\x1b[K\n'}
[75.030628] (libcamera) StdoutLine: {'line': b'[66/264] Compiling C++ object subprojects/libpisp/src/libpisp.so.1.5.0.p/libpisp_backend_tiling_split_stage.cpp.o\x1b[K\n'}
[75.124249] (-) TimerEvent: {}
[75.224616] (-) TimerEvent: {}
[75.291767] (libcamera) StdoutLine: {'line': b'[66/264] Generating src/libcamera/proxy/worker/raspberrypi_proxy_worker with a custom command (wrapped by meson to set env)\x1b[K\n'}
[75.296566] (libcamera) StdoutLine: {'line': b'[67/264] Generating src/libcamera/gen-shader-headers with a custom command\x1b[K\n'}
[75.298337] (libcamera) StdoutLine: {'line': b'[SHADER-GEN] bayer_1x_packed_frag\n'}
[75.298751] (libcamera) StdoutLine: {'line': b'[SHADER-GEN] bayer_unpacked_frag\n'}
[75.302329] (libcamera) StdoutLine: {'line': b'[SHADER-GEN] bayer_unpacked_vert\n'}
[75.302983] (libcamera) StdoutLine: {'line': b'[SHADER-GEN] identity_vert\n'}
[75.303393] (libcamera) StdoutLine: {'line': b'\n'}
[75.326292] (-) TimerEvent: {}
[75.338312] (libcamera) StdoutLine: {'line': b'[67/264] Compiling C++ object src/libcamera/libcamera.so.0.7.1.p/meson-generated_.._control_ids.cpp.o\x1b[K\n'}
[75.338955] (libcamera) StdoutLine: {'line': b'[68/264] Generating src/libcamera/version.cpp with a custom command\x1b[K\n'}
[75.426430] (-) TimerEvent: {}
[75.526856] (-) TimerEvent: {}
[75.628249] (-) TimerEvent: {}
[75.732657] (-) TimerEvent: {}
[75.833241] (-) TimerEvent: {}
[75.851997] (libcamera) StdoutLine: {'line': b'[68/264] Compiling C++ object src/libcamera/libcamera.so.0.7.1.p/meson-generated_.._property_ids.cpp.o\x1b[K\n'}
[75.852911] (libcamera) StdoutLine: {'line': b'[69/264] Generating src/libcamera/proxy/worker/raspberrypi_proxy_worker with a custom command (wrapped by meson to set env)\x1b[K\n'}
[75.933392] (-) TimerEvent: {}
[76.033871] (-) TimerEvent: {}
[76.136941] (-) TimerEvent: {}
[76.240318] (-) TimerEvent: {}
[76.340866] (-) TimerEvent: {}
[76.441421] (-) TimerEvent: {}
[76.541888] (-) TimerEvent: {}
[76.647524] (-) TimerEvent: {}
[76.750276] (-) TimerEvent: {}
[76.850727] (-) TimerEvent: {}
[76.951306] (-) TimerEvent: {}
[77.041615] (libcamera) StdoutLine: {'line': b'[69/264] Compiling C++ object src/libcamera/libcamera.so.0.7.1.p/meson-generated_.._version.cpp.o\x1b[K\n'}
[77.042049] (libcamera) StdoutLine: {'line': b'[70/264] Compiling C++ object subprojects/libpisp/src/libpisp.so.1.5.0.p/helpers_media_device.cpp.o\x1b[K\n'}
[77.052272] (-) TimerEvent: {}
[77.157316] (-) TimerEvent: {}
[77.257921] (-) TimerEvent: {}
[77.359311] (-) TimerEvent: {}
[77.459902] (-) TimerEvent: {}
[77.562325] (-) TimerEvent: {}
[77.667511] (-) TimerEvent: {}
[77.767975] (-) TimerEvent: {}
[77.868633] (-) TimerEvent: {}
[77.973484] (-) TimerEvent: {}
[78.074033] (-) TimerEvent: {}
[78.177277] (-) TimerEvent: {}
[78.277780] (-) TimerEvent: {}
[78.382568] (-) TimerEvent: {}
[78.485263] (-) TimerEvent: {}
[78.585717] (-) TimerEvent: {}
[78.686214] (-) TimerEvent: {}
[78.786770] (-) TimerEvent: {}
[78.891607] (-) TimerEvent: {}
[78.996301] (-) TimerEvent: {}
[79.096784] (-) TimerEvent: {}
[79.199575] (-) TimerEvent: {}
[79.224780] (libcamera) StdoutLine: {'line': b'[70/264] Compiling C++ object src/libcamera/libcamera.so.0.7.1.p/meson-generated_.._proxy_raspberrypi_ipa_proxy.cpp.o\x1b[K\n'}
[79.232537] (libcamera) StdoutLine: {'line': b'[71/264] Compiling C++ object src/libcamera/libcamera.so.0.7.1.p/meson-generated_.._property_ids.cpp.o\x1b[K\n'}
[79.299720] (-) TimerEvent: {}
[79.409333] (-) TimerEvent: {}
[79.509889] (-) TimerEvent: {}
[79.518178] (libcamera) StdoutLine: {'line': b'[71/264] Compiling C++ object src/libcamera/libcamera.so.0.7.1.p/meson-generated_.._ipa_pub_key.cpp.o\x1b[K\n'}
[79.518820] (libcamera) StdoutLine: {'line': b'[72/264] Compiling C++ object subprojects/libpisp/src/libpisp.so.1.5.0.p/helpers_backend_device.cpp.o\x1b[K\n'}
[79.610060] (-) TimerEvent: {}
[79.717280] (-) TimerEvent: {}
[79.817780] (-) TimerEvent: {}
[79.888662] (libcamera) StdoutLine: {'line': b'[72/264] Compiling C++ object src/libcamera/libcamera.so.0.7.1.p/camera.cpp.o\x1b[K\n'}
[79.891651] (libcamera) StdoutLine: {'line': b'[73/264] Compiling C++ object src/libcamera/libcamera.so.0.7.1.p/meson-generated_.._version.cpp.o\x1b[K\n'}
[79.917924] (-) TimerEvent: {}
[80.021294] (-) TimerEvent: {}
[80.121886] (-) TimerEvent: {}
[80.222371] (-) TimerEvent: {}
[80.322908] (-) TimerEvent: {}
[80.425290] (-) TimerEvent: {}
[80.525884] (-) TimerEvent: {}
[80.628945] (-) TimerEvent: {}
[80.729645] (-) TimerEvent: {}
[80.833363] (-) TimerEvent: {}
[80.933899] (-) TimerEvent: {}
[81.034596] (-) TimerEvent: {}
[81.135977] (-) TimerEvent: {}
[81.239598] (-) TimerEvent: {}
[81.340104] (-) TimerEvent: {}
[81.440709] (-) TimerEvent: {}
[81.541249] (-) TimerEvent: {}
[81.644289] (-) TimerEvent: {}
[81.744911] (-) TimerEvent: {}
[81.845478] (-) TimerEvent: {}
[81.946143] (-) TimerEvent: {}
[82.053642] (-) TimerEvent: {}
[82.158314] (-) TimerEvent: {}
[82.258858] (-) TimerEvent: {}
[82.282044] (libcamera) StdoutLine: {'line': b'[73/264] Compiling C++ object src/libcamera/libcamera.so.0.7.1.p/camera_manager.cpp.o\x1b[K\n'}
[82.283055] (libcamera) StdoutLine: {'line': b'[74/264] Compiling C++ object subprojects/libpisp/src/libpisp.so.1.5.0.p/helpers_v4l2_device.cpp.o\x1b[K\n'}
[82.362091] (-) TimerEvent: {}
[82.464309] (-) TimerEvent: {}
[82.564908] (-) TimerEvent: {}
[82.668272] (-) TimerEvent: {}
[82.768882] (-) TimerEvent: {}
[82.869494] (-) TimerEvent: {}
[82.935499] (libcamera) StdoutLine: {'line': b'[74/264] Linking target subprojects/libpisp/src/libpisp.so.1.5.0\x1b[K\n'}
[82.938476] (libcamera) StdoutLine: {'line': b'[75/264] Linking target subprojects/libpisp/src/libpisp.so.1.5.0\x1b[K\n'}
[82.970732] (-) TimerEvent: {}
[83.074807] (-) TimerEvent: {}
[83.180505] (-) TimerEvent: {}
[83.280992] (-) TimerEvent: {}
[83.384026] (-) TimerEvent: {}
[83.487569] (-) TimerEvent: {}
[83.558283] (libcamera) StdoutLine: {'line': b'[75/264] Generating symbol file subprojects/libpisp/src/libpisp.so.1.5.0.p/libpisp.so.1.5.0.symbols\x1b[K\n'}
[83.558827] (libcamera) StdoutLine: {'line': b'[76/264] Generating symbol file subprojects/libpisp/src/libpisp.so.1.5.0.p/libpisp.so.1.5.0.symbols\x1b[K\n'}
[83.598037] (-) TimerEvent: {}
[83.698522] (-) TimerEvent: {}
[83.798985] (-) TimerEvent: {}
[83.899483] (-) TimerEvent: {}
[84.000008] (-) TimerEvent: {}
[84.101668] (-) TimerEvent: {}
[84.207422] (-) TimerEvent: {}
[84.307916] (-) TimerEvent: {}
[84.409321] (-) TimerEvent: {}
[84.514272] (-) TimerEvent: {}
[84.614810] (-) TimerEvent: {}
[84.715278] (-) TimerEvent: {}
[84.815833] (-) TimerEvent: {}
[84.916295] (-) TimerEvent: {}
[85.017748] (-) TimerEvent: {}
[85.119568] (-) TimerEvent: {}
[85.222489] (-) TimerEvent: {}
[85.327272] (-) TimerEvent: {}
[85.430263] (-) TimerEvent: {}
[85.530747] (-) TimerEvent: {}
[85.633275] (-) TimerEvent: {}
[85.662196] (libcamera) StdoutLine: {'line': b'[76/264] Compiling C++ object src/libcamera/libcamera.so.0.7.1.p/color_space.cpp.o\x1b[K\n'}
[85.662684] (libcamera) StdoutLine: {'line': b'[77/264] Compiling C++ object src/libcamera/libcamera.so.0.7.1.p/meson-generated_.._ipa_pub_key.cpp.o\x1b[K\n'}
[85.733412] (-) TimerEvent: {}
[85.836267] (-) TimerEvent: {}
[85.942337] (-) TimerEvent: {}
[86.042771] (-) TimerEvent: {}
[86.143249] (-) TimerEvent: {}
[86.246271] (-) TimerEvent: {}
[86.346752] (-) TimerEvent: {}
[86.447309] (-) TimerEvent: {}
[86.547779] (-) TimerEvent: {}
[86.651271] (-) TimerEvent: {}
[86.753268] (-) TimerEvent: {}
[86.853750] (-) TimerEvent: {}
[86.957272] (-) TimerEvent: {}
[87.057766] (-) TimerEvent: {}
[87.162197] (-) TimerEvent: {}
[87.268546] (-) TimerEvent: {}
[87.369035] (-) TimerEvent: {}
[87.475097] (-) TimerEvent: {}
[87.579252] (-) TimerEvent: {}
[87.681268] (-) TimerEvent: {}
[87.781702] (-) TimerEvent: {}
[87.882151] (-) TimerEvent: {}
[87.989274] (-) TimerEvent: {}
[88.089735] (-) TimerEvent: {}
[88.190217] (-) TimerEvent: {}
[88.290660] (-) TimerEvent: {}
[88.398501] (-) TimerEvent: {}
[88.503281] (-) TimerEvent: {}
[88.603742] (-) TimerEvent: {}
[88.704229] (-) TimerEvent: {}
[88.804693] (-) TimerEvent: {}
[88.908279] (-) TimerEvent: {}
[89.008737] (-) TimerEvent: {}
[89.109227] (-) TimerEvent: {}
[89.209685] (-) TimerEvent: {}
[89.315277] (-) TimerEvent: {}
[89.417266] (-) TimerEvent: {}
[89.517718] (-) TimerEvent: {}
[89.620474] (-) TimerEvent: {}
[89.722263] (-) TimerEvent: {}
[89.808223] (libcamera) StdoutLine: {'line': b'[77/264] Compiling C++ object src/libcamera/libcamera.so.0.7.1.p/controls.cpp.o\x1b[K\n'}
[89.811384] (libcamera) StdoutLine: {'line': b'[78/264] Compiling C++ object src/libcamera/libcamera.so.0.7.1.p/meson-generated_.._control_ids.cpp.o\x1b[K\n'}
[89.823270] (-) TimerEvent: {}
[89.926261] (-) TimerEvent: {}
[90.031249] (-) TimerEvent: {}
[90.131695] (-) TimerEvent: {}
[90.233281] (-) TimerEvent: {}
[90.336279] (-) TimerEvent: {}
[90.436782] (-) TimerEvent: {}
[90.540500] (-) TimerEvent: {}
[90.640992] (-) TimerEvent: {}
[90.741491] (-) TimerEvent: {}
[90.841930] (-) TimerEvent: {}
[90.950476] (-) TimerEvent: {}
[91.053266] (-) TimerEvent: {}
[91.153730] (-) TimerEvent: {}
[91.254249] (-) TimerEvent: {}
[91.357335] (-) TimerEvent: {}
[91.457962] (-) TimerEvent: {}
[91.564219] (-) TimerEvent: {}
[91.670526] (-) TimerEvent: {}
[91.772258] (-) TimerEvent: {}
[91.872737] (-) TimerEvent: {}
[91.973243] (-) TimerEvent: {}
[92.060124] (libcamera) StdoutLine: {'line': b'[78/264] Compiling C++ object src/libcamera/libcamera.so.0.7.1.p/fence.cpp.o\x1b[K\n'}
[92.063448] (libcamera) StdoutLine: {'line': b'[79/264] Compiling C++ object src/libcamera/libcamera.so.0.7.1.p/fence.cpp.o\x1b[K\n'}
[92.075363] (-) TimerEvent: {}
[92.175916] (-) TimerEvent: {}
[92.281435] (-) TimerEvent: {}
[92.381912] (-) TimerEvent: {}
[92.482409] (-) TimerEvent: {}
[92.582856] (-) TimerEvent: {}
[92.685286] (-) TimerEvent: {}
[92.785793] (-) TimerEvent: {}
[92.889282] (-) TimerEvent: {}
[92.991311] (-) TimerEvent: {}
[93.091798] (-) TimerEvent: {}
[93.194928] (-) TimerEvent: {}
[93.204740] (libcamera) StdoutLine: {'line': b'[79/264] Compiling C++ object src/libcamera/libcamera.so.0.7.1.p/framebuffer.cpp.o\x1b[K\n'}
[93.205310] (libcamera) StdoutLine: {'line': b'[80/264] Compiling C++ object src/libcamera/libcamera.so.0.7.1.p/color_space.cpp.o\x1b[K\n'}
[93.295056] (-) TimerEvent: {}
[93.393546] (libcamera) StdoutLine: {'line': b'[80/264] Compiling C++ object src/libcamera/libcamera.so.0.7.1.p/framebuffer_allocator.cpp.o\x1b[K\n'}
[93.394048] (libcamera) StdoutLine: {'line': b'[81/264] Compiling C++ object src/libcamera/libcamera.so.0.7.1.p/camera.cpp.o\x1b[K\n'}
[93.397066] (-) TimerEvent: {}
[93.499485] (-) TimerEvent: {}
[93.600121] (-) TimerEvent: {}
[93.700620] (-) TimerEvent: {}
[93.803290] (-) TimerEvent: {}
[93.905259] (-) TimerEvent: {}
[94.005743] (-) TimerEvent: {}
[94.108503] (-) TimerEvent: {}
[94.211309] (-) TimerEvent: {}
[94.314546] (-) TimerEvent: {}
[94.342649] (libcamera) StdoutLine: {'line': b'[81/264] Compiling C++ object src/libcamera/libcamera.so.0.7.1.p/geometry.cpp.o\x1b[K\n'}
[94.347893] (libcamera) StdoutLine: {'line': b'[82/264] Compiling C++ object src/libcamera/libcamera.so.0.7.1.p/camera_manager.cpp.o\x1b[K\n'}
[94.414729] (-) TimerEvent: {}
[94.517505] (-) TimerEvent: {}
[94.622425] (-) TimerEvent: {}
[94.722934] (-) TimerEvent: {}
[94.825324] (-) TimerEvent: {}
[94.925995] (-) TimerEvent: {}
[95.028896] (-) TimerEvent: {}
[95.132279] (-) TimerEvent: {}
[95.232708] (-) TimerEvent: {}
[95.333236] (-) TimerEvent: {}
[95.433790] (-) TimerEvent: {}
[95.534264] (-) TimerEvent: {}
[95.637562] (-) TimerEvent: {}
[95.740275] (-) TimerEvent: {}
[95.843292] (-) TimerEvent: {}
[95.943719] (-) TimerEvent: {}
[96.044221] (-) TimerEvent: {}
[96.144707] (-) TimerEvent: {}
[96.250289] (-) TimerEvent: {}
[96.350872] (-) TimerEvent: {}
[96.451362] (-) TimerEvent: {}
[96.455942] (libcamera) StdoutLine: {'line': b'[82/264] Compiling C++ object src/libcamera/libcamera.so.0.7.1.p/orientation.cpp.o\x1b[K\n'}
[96.456442] (libcamera) StdoutLine: {'line': b'[83/264] Compiling C++ object src/libcamera/libcamera.so.0.7.1.p/orientation.cpp.o\x1b[K\n'}
[96.552308] (-) TimerEvent: {}
[96.652891] (-) TimerEvent: {}
[96.756631] (-) TimerEvent: {}
[96.857255] (-) TimerEvent: {}
[96.879736] (libcamera) StdoutLine: {'line': b'[83/264] Compiling C++ object src/libcamera/libcamera.so.0.7.1.p/pixel_format.cpp.o\x1b[K\n'}
[96.880246] (libcamera) StdoutLine: {'line': b'[84/264] Compiling C++ object src/libcamera/libcamera.so.0.7.1.p/meson-generated_.._proxy_raspberrypi_ipa_proxy.cpp.o\x1b[K\n'}
[96.962286] (-) TimerEvent: {}
[97.063320] (-) TimerEvent: {}
[97.166281] (-) TimerEvent: {}
[97.266754] (-) TimerEvent: {}
[97.367356] (-) TimerEvent: {}
[97.467891] (-) TimerEvent: {}
[97.570371] (-) TimerEvent: {}
[97.670884] (-) TimerEvent: {}
[97.771439] (-) TimerEvent: {}
[97.871957] (-) TimerEvent: {}
[97.972495] (-) TimerEvent: {}
[98.075321] (-) TimerEvent: {}
[98.175915] (-) TimerEvent: {}
[98.276487] (-) TimerEvent: {}
[98.359497] (libcamera) StdoutLine: {'line': b'[84/264] Compiling C++ object src/libcamera/libcamera.so.0.7.1.p/request.cpp.o\x1b[K\n'}
[98.362441] (libcamera) StdoutLine: {'line': b'[85/264] Compiling C++ object src/libcamera/libcamera.so.0.7.1.p/controls.cpp.o\x1b[K\n'}
[98.378524] (-) TimerEvent: {}
[98.479198] (-) TimerEvent: {}
[98.579714] (-) TimerEvent: {}
[98.682899] (-) TimerEvent: {}
[98.786283] (-) TimerEvent: {}
[98.886818] (-) TimerEvent: {}
[98.987468] (-) TimerEvent: {}
[99.033656] (libcamera) StdoutLine: {'line': b'[85/264] Compiling C++ object src/libcamera/libcamera.so.0.7.1.p/stream.cpp.o\x1b[K\n'}
[99.034222] (libcamera) StdoutLine: {'line': b'[86/264] Compiling C++ object src/libcamera/libcamera.so.0.7.1.p/framebuffer.cpp.o\x1b[K\n'}
[99.087638] (-) TimerEvent: {}
[99.188117] (-) TimerEvent: {}
[99.291551] (-) TimerEvent: {}
[99.393997] (-) TimerEvent: {}
[99.500494] (-) TimerEvent: {}
[99.603537] (-) TimerEvent: {}
[99.705289] (-) TimerEvent: {}
[99.805788] (-) TimerEvent: {}
[99.906275] (-) TimerEvent: {}
[100.011287] (-) TimerEvent: {}
[100.111780] (-) TimerEvent: {}
[100.212282] (-) TimerEvent: {}
[100.312770] (-) TimerEvent: {}
[100.403777] (libcamera) StdoutLine: {'line': b'[86/264] Compiling C++ object src/libcamera/libcamera.so.0.7.1.p/transform.cpp.o\x1b[K\n'}
[100.409195] (libcamera) StdoutLine: {'line': b'[87/264] Compiling C++ object src/libcamera/libcamera.so.0.7.1.p/pixel_format.cpp.o\x1b[K\n'}
[100.414862] (-) TimerEvent: {}
[100.515483] (-) TimerEvent: {}
[100.604636] (libcamera) StdoutLine: {'line': b'[87/264] Compiling C++ object src/libcamera/libcamera.so.0.7.1.p/bayer_format.cpp.o\x1b[K\n'}
[100.606751] (libcamera) StdoutLine: {'line': b'[88/264] Compiling C++ object src/libcamera/libcamera.so.0.7.1.p/transform.cpp.o\x1b[K\n'}
[100.616532] (-) TimerEvent: {}
[100.722504] (-) TimerEvent: {}
[100.822986] (-) TimerEvent: {}
[100.926056] (-) TimerEvent: {}
[101.030048] (-) TimerEvent: {}
[101.133266] (-) TimerEvent: {}
[101.233747] (-) TimerEvent: {}
[101.335268] (-) TimerEvent: {}
[101.435780] (-) TimerEvent: {}
[101.538532] (-) TimerEvent: {}
[101.644199] (-) TimerEvent: {}
[101.749515] (-) TimerEvent: {}
[101.850038] (-) TimerEvent: {}
[101.957531] (-) TimerEvent: {}
[102.059511] (-) TimerEvent: {}
[102.159990] (-) TimerEvent: {}
[102.269468] (-) TimerEvent: {}
[102.371283] (-) TimerEvent: {}
[102.471776] (-) TimerEvent: {}
[102.577968] (-) TimerEvent: {}
[102.681276] (-) TimerEvent: {}
[102.781716] (-) TimerEvent: {}
[102.882123] (-) TimerEvent: {}
[102.982592] (-) TimerEvent: {}
[103.083065] (-) TimerEvent: {}
[103.194291] (-) TimerEvent: {}
[103.243125] (libcamera) StdoutLine: {'line': b'[88/264] Compiling C++ object src/libcamera/libcamera.so.0.7.1.p/byte_stream_buffer.cpp.o\x1b[K\n'}
[103.243599] (libcamera) StdoutLine: {'line': b'[89/264] Compiling C++ object src/libcamera/libcamera.so.0.7.1.p/geometry.cpp.o\x1b[K\n'}
[103.294443] (-) TimerEvent: {}
[103.394947] (-) TimerEvent: {}
[103.501440] (-) TimerEvent: {}
[103.611280] (-) TimerEvent: {}
[103.713740] (-) TimerEvent: {}
[103.816311] (-) TimerEvent: {}
[103.916821] (-) TimerEvent: {}
[103.942143] (libcamera) StdoutLine: {'line': b'[89/264] Compiling C++ object src/libcamera/libcamera.so.0.7.1.p/camera_controls.cpp.o\x1b[K\n'}
[103.942909] (libcamera) StdoutLine: {'line': b'[90/264] Compiling C++ object src/libcamera/libcamera.so.0.7.1.p/request.cpp.o\x1b[K\n'}
[104.019347] (-) TimerEvent: {}
[104.123258] (-) TimerEvent: {}
[104.152374] (libcamera) StdoutLine: {'line': b'[90/264] Compiling C++ object src/libcamera/libcamera.so.0.7.1.p/camera_lens.cpp.o\x1b[K\n'}
[104.152950] (libcamera) StdoutLine: {'line': b'[91/264] Compiling C++ object src/libcamera/libcamera.so.0.7.1.p/framebuffer_allocator.cpp.o\x1b[K\n'}
[104.223421] (-) TimerEvent: {}
[104.328057] (-) TimerEvent: {}
[104.429081] (-) TimerEvent: {}
[104.536580] (-) TimerEvent: {}
[104.639268] (-) TimerEvent: {}
[104.739734] (-) TimerEvent: {}
[104.840238] (-) TimerEvent: {}
[104.947349] (-) TimerEvent: {}
[105.053996] (-) TimerEvent: {}
[105.154521] (-) TimerEvent: {}
[105.255108] (-) TimerEvent: {}
[105.363097] (-) TimerEvent: {}
[105.399628] (libcamera) StdoutLine: {'line': b'[91/264] Compiling C++ object src/libcamera/libcamera.so.0.7.1.p/clock_recovery.cpp.o\x1b[K\n'}
[105.402272] (libcamera) StdoutLine: {'line': b'[92/264] Compiling C++ object src/libcamera/libcamera.so.0.7.1.p/bayer_format.cpp.o\x1b[K\n'}
[105.468319] (-) TimerEvent: {}
[105.568876] (-) TimerEvent: {}
[105.670436] (-) TimerEvent: {}
[105.770999] (-) TimerEvent: {}
[105.877277] (-) TimerEvent: {}
[105.977863] (-) TimerEvent: {}
[106.082762] (-) TimerEvent: {}
[106.187548] (-) TimerEvent: {}
[106.291636] (-) TimerEvent: {}
[106.396305] (-) TimerEvent: {}
[106.496999] (-) TimerEvent: {}
[106.597561] (-) TimerEvent: {}
[106.700260] (-) TimerEvent: {}
[106.800734] (-) TimerEvent: {}
[106.904257] (-) TimerEvent: {}
[107.004714] (-) TimerEvent: {}
[107.105180] (-) TimerEvent: {}
[107.205626] (-) TimerEvent: {}
[107.308265] (-) TimerEvent: {}
[107.408764] (-) TimerEvent: {}
[107.509292] (-) TimerEvent: {}
[107.555132] (libcamera) StdoutLine: {'line': b'[92/264] Compiling C++ object src/libcamera/libcamera.so.0.7.1.p/control_serializer.cpp.o\x1b[K\n'}
[107.555730] (libcamera) StdoutLine: {'line': b'[93/264] Compiling C++ object src/libcamera/libcamera.so.0.7.1.p/camera_controls.cpp.o\x1b[K\n'}
[107.609468] (-) TimerEvent: {}
[107.712491] (-) TimerEvent: {}
[107.815288] (-) TimerEvent: {}
[107.915861] (-) TimerEvent: {}
[108.021275] (-) TimerEvent: {}
[108.099217] (libcamera) StdoutLine: {'line': b'[93/264] Compiling C++ object src/libcamera/libcamera.so.0.7.1.p/control_validator.cpp.o\x1b[K\n'}
[108.099786] (libcamera) StdoutLine: {'line': b'[94/264] Compiling C++ object src/libcamera/libcamera.so.0.7.1.p/stream.cpp.o\x1b[K\n'}
[108.121393] (-) TimerEvent: {}
[108.157500] (libcamera) StdoutLine: {'line': b'[94/264] Compiling C++ object src/libcamera/libcamera.so.0.7.1.p/converter.cpp.o\x1b[K\n'}
[108.157929] (libcamera) StdoutLine: {'line': b'[95/264] Compiling C++ object src/libcamera/libcamera.so.0.7.1.p/byte_stream_buffer.cpp.o\x1b[K\n'}
[108.224303] (-) TimerEvent: {}
[108.327370] (-) TimerEvent: {}
[108.427975] (-) TimerEvent: {}
[108.528570] (-) TimerEvent: {}
[108.629135] (-) TimerEvent: {}
[108.732286] (-) TimerEvent: {}
[108.832793] (-) TimerEvent: {}
[108.934278] (-) TimerEvent: {}
[109.034778] (-) TimerEvent: {}
[109.138253] (-) TimerEvent: {}
[109.156279] (libcamera) StdoutLine: {'line': b'[95/264] Compiling C++ object src/libcamera/libcamera.so.0.7.1.p/debug_controls.cpp.o\x1b[K\n'}
[109.158587] (libcamera) StdoutLine: {'line': b'[96/264] Compiling C++ object src/libcamera/libcamera.so.0.7.1.p/control_validator.cpp.o\x1b[K\n'}
[109.238392] (-) TimerEvent: {}
[109.341545] (-) TimerEvent: {}
[109.442253] (-) TimerEvent: {}
[109.551285] (-) TimerEvent: {}
[109.651778] (-) TimerEvent: {}
[109.762282] (-) TimerEvent: {}
[109.862732] (-) TimerEvent: {}
[109.963273] (-) TimerEvent: {}
[110.063801] (-) TimerEvent: {}
[110.169233] (-) TimerEvent: {}
[110.271277] (-) TimerEvent: {}
[110.373688] (-) TimerEvent: {}
[110.477514] (-) TimerEvent: {}
[110.578040] (-) TimerEvent: {}
[110.681273] (-) TimerEvent: {}
[110.781735] (-) TimerEvent: {}
[110.882272] (-) TimerEvent: {}
[110.985365] (-) TimerEvent: {}
[111.078201] (libcamera) StdoutLine: {'line': b'[96/264] Compiling C++ object src/libcamera/libcamera.so.0.7.1.p/delayed_controls.cpp.o\x1b[K\n'}
[111.081009] (libcamera) StdoutLine: {'line': b'[97/264] Compiling C++ object src/libcamera/libcamera.so.0.7.1.p/clock_recovery.cpp.o\x1b[K\n'}
[111.085771] (-) TimerEvent: {}
[111.190718] (-) TimerEvent: {}
[111.291210] (-) TimerEvent: {}
[111.391757] (-) TimerEvent: {}
[111.493638] (-) TimerEvent: {}
[111.594098] (-) TimerEvent: {}
[111.697263] (-) TimerEvent: {}
[111.797784] (-) TimerEvent: {}
[111.898274] (-) TimerEvent: {}
[111.998761] (-) TimerEvent: {}
[112.101504] (-) TimerEvent: {}
[112.204464] (-) TimerEvent: {}
[112.307544] (-) TimerEvent: {}
[112.408066] (-) TimerEvent: {}
[112.511605] (-) TimerEvent: {}
[112.615779] (-) TimerEvent: {}
[112.716274] (-) TimerEvent: {}
[112.823275] (-) TimerEvent: {}
[112.926278] (-) TimerEvent: {}
[113.026757] (-) TimerEvent: {}
[113.130503] (-) TimerEvent: {}
[113.231004] (-) TimerEvent: {}
[113.335487] (-) TimerEvent: {}
[113.438279] (-) TimerEvent: {}
[113.538778] (-) TimerEvent: {}
[113.639332] (-) TimerEvent: {}
[113.737322] (libcamera) StdoutLine: {'line': b'[97/264] Compiling C++ object src/libcamera/libcamera.so.0.7.1.p/device_enumerator.cpp.o\x1b[K\n'}
[113.740301] (-) TimerEvent: {}
[113.742092] (libcamera) StdoutLine: {'line': b'[98/264] Compiling C++ object src/libcamera/libcamera.so.0.7.1.p/camera_lens.cpp.o\x1b[K\n'}
[113.788738] (libcamera) StdoutLine: {'line': b'[98/264] Compiling C++ object src/libcamera/libcamera.so.0.7.1.p/device_enumerator_sysfs.cpp.o\x1b[K\n'}
[113.789531] (libcamera) StdoutLine: {'line': b'[99/264] Compiling C++ object src/libcamera/libcamera.so.0.7.1.p/control_serializer.cpp.o\x1b[K\n'}
[113.840518] (-) TimerEvent: {}
[113.874717] (libcamera) StdoutLine: {'line': b'[99/264] Compiling C++ object src/libcamera/libcamera.so.0.7.1.p/dma_buf_allocator.cpp.o\x1b[K\n'}
[113.875178] (libcamera) StdoutLine: {'line': b'[100/264] Compiling C++ object src/libcamera/libcamera.so.0.7.1.p/debug_controls.cpp.o\x1b[K\n'}
[113.940671] (-) TimerEvent: {}
[114.041463] (-) TimerEvent: {}
[114.145282] (-) TimerEvent: {}
[114.245802] (-) TimerEvent: {}
[114.346262] (-) TimerEvent: {}
[114.454378] (-) TimerEvent: {}
[114.557276] (-) TimerEvent: {}
[114.658128] (-) TimerEvent: {}
[114.758671] (-) TimerEvent: {}
[114.860290] (-) TimerEvent: {}
[114.960769] (-) TimerEvent: {}
[115.066293] (-) TimerEvent: {}
[115.166833] (-) TimerEvent: {}
[115.272269] (-) TimerEvent: {}
[115.372789] (-) TimerEvent: {}
[115.473300] (-) TimerEvent: {}
[115.580586] (-) TimerEvent: {}
[115.681128] (-) TimerEvent: {}
[115.784315] (-) TimerEvent: {}
[115.884892] (-) TimerEvent: {}
[115.985385] (-) TimerEvent: {}
[116.093461] (-) TimerEvent: {}
[116.196883] (-) TimerEvent: {}
[116.299265] (-) TimerEvent: {}
[116.399766] (-) TimerEvent: {}
[116.500227] (-) TimerEvent: {}
[116.603269] (-) TimerEvent: {}
[116.703765] (-) TimerEvent: {}
[116.809264] (-) TimerEvent: {}
[116.909744] (-) TimerEvent: {}
[117.010239] (-) TimerEvent: {}
[117.114304] (-) TimerEvent: {}
[117.214769] (-) TimerEvent: {}
[117.317510] (-) TimerEvent: {}
[117.418000] (-) TimerEvent: {}
[117.518484] (-) TimerEvent: {}
[117.628058] (-) TimerEvent: {}
[117.729591] (-) TimerEvent: {}
[117.830840] (-) TimerEvent: {}
[117.934585] (-) TimerEvent: {}
[118.039009] (-) TimerEvent: {}
[118.146513] (-) TimerEvent: {}
[118.246982] (-) TimerEvent: {}
[118.340274] (libcamera) StdoutLine: {'line': b'[100/264] Compiling C++ object src/libcamera/libcamera.so.0.7.1.p/formats.cpp.o\x1b[K\n'}
[118.343430] (libcamera) StdoutLine: {'line': b'[101/264] Compiling C++ object src/libcamera/libcamera.so.0.7.1.p/delayed_controls.cpp.o\x1b[K\n'}
[118.347398] (-) TimerEvent: {}
[118.410283] (libcamera) StdoutLine: {'line': b'[101/264] Compiling C++ object src/libcamera/libcamera.so.0.7.1.p/global_configuration.cpp.o\x1b[K\n'}
[118.410826] (libcamera) StdoutLine: {'line': b'[102/264] Compiling C++ object src/libcamera/libcamera.so.0.7.1.p/converter.cpp.o\x1b[K\n'}
[118.447529] (-) TimerEvent: {}
[118.539184] (libcamera) StdoutLine: {'line': b'[102/264] Compiling C++ object src/libcamera/libcamera.so.0.7.1.p/ipa_controls.cpp.o\x1b[K\n'}
[118.544404] (libcamera) StdoutLine: {'line': b'[103/264] Compiling C++ object src/libcamera/libcamera.so.0.7.1.p/ipa_controls.cpp.o\x1b[K\n'}
[118.548311] (-) TimerEvent: {}
[118.648745] (-) TimerEvent: {}
[118.754480] (-) TimerEvent: {}
[118.861295] (-) TimerEvent: {}
[118.961782] (-) TimerEvent: {}
[119.062292] (-) TimerEvent: {}
[119.162808] (-) TimerEvent: {}
[119.265275] (-) TimerEvent: {}
[119.369306] (-) TimerEvent: {}
[119.469785] (-) TimerEvent: {}
[119.574258] (-) TimerEvent: {}
[119.674734] (-) TimerEvent: {}
[119.714177] (libcamera) StdoutLine: {'line': b'[103/264] Compiling C++ object src/libcamera/libcamera.so.0.7.1.p/ipa_data_serializer.cpp.o\x1b[K\n'}
[119.716921] (libcamera) StdoutLine: {'line': b'[104/264] Compiling C++ object src/libcamera/libcamera.so.0.7.1.p/dma_buf_allocator.cpp.o\x1b[K\n'}
[119.762024] (libcamera) StdoutLine: {'line': b'[104/264] Compiling C++ object src/libcamera/libcamera.so.0.7.1.p/ipa_interface.cpp.o\x1b[K\n'}
[119.768501] (libcamera) StdoutLine: {'line': b'[105/264] Compiling C++ object src/libcamera/libcamera.so.0.7.1.p/ipa_interface.cpp.o\x1b[K\n'}
[119.775500] (-) TimerEvent: {}
[119.878276] (-) TimerEvent: {}
[119.981265] (-) TimerEvent: {}
[120.084500] (-) TimerEvent: {}
[120.184980] (-) TimerEvent: {}
[120.285417] (-) TimerEvent: {}
[120.388275] (-) TimerEvent: {}
[120.494316] (-) TimerEvent: {}
[120.594839] (-) TimerEvent: {}
[120.695331] (-) TimerEvent: {}
[120.799747] (-) TimerEvent: {}
[120.900287] (-) TimerEvent: {}
[121.003474] (-) TimerEvent: {}
[121.103980] (-) TimerEvent: {}
[121.209726] (-) TimerEvent: {}
[121.312560] (-) TimerEvent: {}
[121.375115] (libcamera) StdoutLine: {'line': b'[105/264] Compiling C++ object src/libcamera/libcamera.so.0.7.1.p/ipa_manager.cpp.o\x1b[K\n'}
[121.375786] (libcamera) StdoutLine: {'line': b'[106/264] Compiling C++ object src/libcamera/libcamera.so.0.7.1.p/device_enumerator_sysfs.cpp.o\x1b[K\n'}
[121.412742] (-) TimerEvent: {}
[121.518309] (-) TimerEvent: {}
[121.621300] (-) TimerEvent: {}
[121.721843] (-) TimerEvent: {}
[121.822429] (-) TimerEvent: {}
[121.922981] (-) TimerEvent: {}
[122.023460] (-) TimerEvent: {}
[122.124282] (-) TimerEvent: {}
[122.227734] (-) TimerEvent: {}
[122.328349] (-) TimerEvent: {}
[122.431134] (-) TimerEvent: {}
[122.534291] (-) TimerEvent: {}
[122.634858] (-) TimerEvent: {}
[122.735402] (-) TimerEvent: {}
[122.838268] (-) TimerEvent: {}
[122.938761] (-) TimerEvent: {}
[123.043264] (-) TimerEvent: {}
[123.143775] (-) TimerEvent: {}
[123.244419] (-) TimerEvent: {}
[123.346260] (-) TimerEvent: {}
[123.448043] (-) TimerEvent: {}
[123.549300] (-) TimerEvent: {}
[123.649943] (-) TimerEvent: {}
[123.750450] (-) TimerEvent: {}
[123.771709] (libcamera) StdoutLine: {'line': b'[106/264] Compiling C++ object src/libcamera/libcamera.so.0.7.1.p/ipa_module.cpp.o\x1b[K\n'}
[123.773080] (libcamera) StdoutLine: {'line': b'[107/264] Compiling C++ object src/libcamera/libcamera.so.0.7.1.p/device_enumerator.cpp.o\x1b[K\n'}
[123.853278] (-) TimerEvent: {}
[123.953926] (-) TimerEvent: {}
[124.059285] (-) TimerEvent: {}
[124.162298] (-) TimerEvent: {}
[124.262846] (-) TimerEvent: {}
[124.363283] (-) TimerEvent: {}
[124.463746] (-) TimerEvent: {}
[124.567299] (-) TimerEvent: {}
[124.661483] (libcamera) StdoutLine: {'line': b'[107/264] Compiling C++ object src/libcamera/libcamera.so.0.7.1.p/ipa_proxy.cpp.o\x1b[K\n'}
[124.662085] (libcamera) StdoutLine: {'line': b'[108/264] Compiling C++ object src/libcamera/libcamera.so.0.7.1.p/formats.cpp.o\x1b[K\n'}
[124.667423] (-) TimerEvent: {}
[124.769987] (-) TimerEvent: {}
[124.872268] (-) TimerEvent: {}
[124.972725] (-) TimerEvent: {}
[125.075293] (-) TimerEvent: {}
[125.175877] (-) TimerEvent: {}
[125.280284] (-) TimerEvent: {}
[125.383272] (-) TimerEvent: {}
[125.486286] (-) TimerEvent: {}
[125.586852] (-) TimerEvent: {}
[125.687385] (-) TimerEvent: {}
[125.787893] (-) TimerEvent: {}
[125.891280] (-) TimerEvent: {}
[125.995267] (-) TimerEvent: {}
[126.098264] (-) TimerEvent: {}
[126.198745] (-) TimerEvent: {}
[126.299204] (-) TimerEvent: {}
[126.399635] (-) TimerEvent: {}
[126.500083] (-) TimerEvent: {}
[126.600527] (-) TimerEvent: {}
[126.705260] (-) TimerEvent: {}
[126.805712] (-) TimerEvent: {}
[126.906305] (-) TimerEvent: {}
[127.009276] (-) TimerEvent: {}
[127.112038] (-) TimerEvent: {}
[127.212490] (-) TimerEvent: {}
[127.319851] (-) TimerEvent: {}
[127.422257] (-) TimerEvent: {}
[127.522714] (-) TimerEvent: {}
[127.623235] (-) TimerEvent: {}
[127.726272] (-) TimerEvent: {}
[127.826720] (-) TimerEvent: {}
[127.927237] (-) TimerEvent: {}
[128.030269] (-) TimerEvent: {}
[128.130762] (-) TimerEvent: {}
[128.231264] (-) TimerEvent: {}
[128.337625] (-) TimerEvent: {}
[128.438117] (-) TimerEvent: {}
[128.541266] (-) TimerEvent: {}
[128.644261] (-) TimerEvent: {}
[128.744779] (-) TimerEvent: {}
[128.845258] (-) TimerEvent: {}
[128.945725] (-) TimerEvent: {}
[129.012681] (libcamera) StdoutLine: {'line': b'[108/264] Compiling C++ object src/libcamera/libcamera.so.0.7.1.p/ipc_pipe.cpp.o\x1b[K\n'}
[129.013120] (libcamera) StdoutLine: {'line': b'[109/264] Compiling C++ object src/libcamera/libcamera.so.0.7.1.p/ipa_data_serializer.cpp.o\x1b[K\n'}
[129.045897] (-) TimerEvent: {}
[129.155274] (-) TimerEvent: {}
[129.255749] (-) TimerEvent: {}
[129.356202] (-) TimerEvent: {}
[129.462259] (-) TimerEvent: {}
[129.562709] (-) TimerEvent: {}
[129.663145] (-) TimerEvent: {}
[129.767526] (-) TimerEvent: {}
[129.872895] (-) TimerEvent: {}
[129.973422] (-) TimerEvent: {}
[130.078262] (-) TimerEvent: {}
[130.178719] (-) TimerEvent: {}
[130.279191] (-) TimerEvent: {}
[130.341275] (libcamera) StdoutLine: {'line': b'[109/264] Compiling C++ object src/libcamera/libcamera.so.0.7.1.p/ipc_pipe_unixsocket.cpp.o\x1b[K\n'}
[130.341796] (libcamera) StdoutLine: {'line': b'[110/264] Compiling C++ object src/libcamera/libcamera.so.0.7.1.p/global_configuration.cpp.o\x1b[K\n'}
[130.384283] (-) TimerEvent: {}
[130.484755] (-) TimerEvent: {}
[130.585280] (-) TimerEvent: {}
[130.687276] (-) TimerEvent: {}
[130.790133] (-) TimerEvent: {}
[130.811706] (libcamera) StdoutLine: {'line': b'[110/264] Compiling C++ object src/libcamera/libcamera.so.0.7.1.p/ipc_unixsocket.cpp.o\x1b[K\n'}
[130.814645] (libcamera) StdoutLine: {'line': b'[111/264] Compiling C++ object src/libcamera/libcamera.so.0.7.1.p/ipa_module.cpp.o\x1b[K\n'}
[130.893294] (-) TimerEvent: {}
[130.994042] (-) TimerEvent: {}
[131.094628] (-) TimerEvent: {}
[131.195225] (-) TimerEvent: {}
[131.302303] (-) TimerEvent: {}
[131.402831] (-) TimerEvent: {}
[131.506287] (-) TimerEvent: {}
[131.606800] (-) TimerEvent: {}
[131.710255] (-) TimerEvent: {}
[131.810724] (-) TimerEvent: {}
[131.911133] (-) TimerEvent: {}
[132.013255] (-) TimerEvent: {}
[132.115259] (-) TimerEvent: {}
[132.215675] (-) TimerEvent: {}
[132.316152] (-) TimerEvent: {}
[132.419223] (-) TimerEvent: {}
[132.522524] (-) TimerEvent: {}
[132.623034] (-) TimerEvent: {}
[132.723528] (-) TimerEvent: {}
[132.826747] (-) TimerEvent: {}
[132.886732] (libcamera) StdoutLine: {'line': b'[111/264] Compiling C++ object src/libcamera/libcamera.so.0.7.1.p/mapped_framebuffer.cpp.o\x1b[K\n'}
[132.890970] (libcamera) StdoutLine: {'line': b'[112/264] Compiling C++ object src/libcamera/libcamera.so.0.7.1.p/ipa_manager.cpp.o\x1b[K\n'}
[132.926919] (-) TimerEvent: {}
[133.030281] (-) TimerEvent: {}
[133.130775] (-) TimerEvent: {}
[133.147021] (libcamera) StdoutLine: {'line': b'[112/264] Compiling C++ object src/libcamera/libcamera.so.0.7.1.p/matrix.cpp.o\x1b[K\n'}
[133.147555] (libcamera) StdoutLine: {'line': b'[113/264] Compiling C++ object src/libcamera/libcamera.so.0.7.1.p/ipc_pipe.cpp.o\x1b[K\n'}
[133.232398] (-) TimerEvent: {}
[133.332825] (-) TimerEvent: {}
[133.433349] (-) TimerEvent: {}
[133.537767] (-) TimerEvent: {}
[133.638421] (-) TimerEvent: {}
[133.740514] (-) TimerEvent: {}
[133.842277] (-) TimerEvent: {}
[133.938364] (libcamera) StdoutLine: {'line': b'[113/264] Compiling C++ object src/libcamera/libcamera.so.0.7.1.p/media_device.cpp.o\x1b[K\n'}
[133.938817] (libcamera) StdoutLine: {'line': b'[114/264] Compiling C++ object src/libcamera/libcamera.so.0.7.1.p/ipa_proxy.cpp.o\x1b[K\n'}
[133.944321] (-) TimerEvent: {}
[134.046285] (-) TimerEvent: {}
[134.146817] (-) TimerEvent: {}
[134.250346] (-) TimerEvent: {}
[134.350902] (-) TimerEvent: {}
[134.454264] (-) TimerEvent: {}
[134.557286] (-) TimerEvent: {}
[134.657763] (-) TimerEvent: {}
[134.758297] (-) TimerEvent: {}
[134.860287] (-) TimerEvent: {}
[134.961147] (-) TimerEvent: {}
[135.063310] (-) TimerEvent: {}
[135.163855] (-) TimerEvent: {}
[135.265328] (-) TimerEvent: {}
[135.368268] (-) TimerEvent: {}
[135.468712] (-) TimerEvent: {}
[135.569284] (-) TimerEvent: {}
[135.582592] (libcamera) StdoutLine: {'line': b'[114/264] Compiling C++ object src/libcamera/libcamera.so.0.7.1.p/media_object.cpp.o\x1b[K\n'}
[135.585984] (libcamera) StdoutLine: {'line': b'[115/264] Compiling C++ object src/libcamera/libcamera.so.0.7.1.p/ipc_unixsocket.cpp.o\x1b[K\n'}
[135.669416] (-) TimerEvent: {}
[135.771272] (-) TimerEvent: {}
[135.874273] (-) TimerEvent: {}
[135.974765] (-) TimerEvent: {}
[136.075252] (-) TimerEvent: {}
[136.175689] (-) TimerEvent: {}
[136.276188] (-) TimerEvent: {}
[136.378311] (-) TimerEvent: {}
[136.485282] (-) TimerEvent: {}
[136.585787] (-) TimerEvent: {}
[136.686294] (-) TimerEvent: {}
[136.786780] (-) TimerEvent: {}
[136.889537] (-) TimerEvent: {}
[136.992283] (-) TimerEvent: {}
[137.092829] (-) TimerEvent: {}
[137.199317] (-) TimerEvent: {}
[137.299820] (-) TimerEvent: {}
[137.402265] (-) TimerEvent: {}
[137.502789] (-) TimerEvent: {}
[137.587311] (libcamera) StdoutLine: {'line': b'[115/264] Compiling C++ object src/libcamera/libcamera.so.0.7.1.p/media_pipeline.cpp.o\x1b[K\n'}
[137.589556] (libcamera) StdoutLine: {'line': b'[116/264] Compiling C++ object src/libcamera/libcamera.so.0.7.1.p/ipc_pipe_unixsocket.cpp.o\x1b[K\n'}
[137.603971] (-) TimerEvent: {}
[137.704796] (-) TimerEvent: {}
[137.805280] (-) TimerEvent: {}
[137.909272] (-) TimerEvent: {}
[138.011305] (-) TimerEvent: {}
[138.114269] (-) TimerEvent: {}
[138.214779] (-) TimerEvent: {}
[138.318272] (-) TimerEvent: {}
[138.418806] (-) TimerEvent: {}
[138.519371] (-) TimerEvent: {}
[138.619825] (-) TimerEvent: {}
[138.720360] (-) TimerEvent: {}
[138.825424] (-) TimerEvent: {}
[138.928507] (-) TimerEvent: {}
[139.028950] (-) TimerEvent: {}
[139.132253] (-) TimerEvent: {}
[139.232777] (-) TimerEvent: {}
[139.333299] (-) TimerEvent: {}
[139.439282] (-) TimerEvent: {}
[139.539781] (-) TimerEvent: {}
[139.642264] (-) TimerEvent: {}
[139.742740] (-) TimerEvent: {}
[139.835067] (libcamera) StdoutLine: {'line': b'[116/264] Compiling C++ object src/libcamera/libcamera.so.0.7.1.p/pipeline_handler.cpp.o\x1b[K\n'}
[139.835579] (libcamera) StdoutLine: {'line': b'[117/264] Compiling C++ object src/libcamera/libcamera.so.0.7.1.p/matrix.cpp.o\x1b[K\n'}
[139.843237] (-) TimerEvent: {}
[139.945304] (-) TimerEvent: {}
[140.048734] (-) TimerEvent: {}
[140.153278] (-) TimerEvent: {}
[140.171430] (libcamera) StdoutLine: {'line': b'[117/264] Compiling C++ object src/libcamera/libcamera.so.0.7.1.p/process.cpp.o\x1b[K\n'}
[140.172717] (libcamera) StdoutLine: {'line': b'[118/264] Compiling C++ object src/libcamera/libcamera.so.0.7.1.p/mapped_framebuffer.cpp.o\x1b[K\n'}
[140.255283] (-) TimerEvent: {}
[140.355766] (-) TimerEvent: {}
[140.459033] (-) TimerEvent: {}
[140.565303] (-) TimerEvent: {}
[140.665816] (-) TimerEvent: {}
[140.769265] (-) TimerEvent: {}
[140.869792] (-) TimerEvent: {}
[140.973264] (-) TimerEvent: {}
[141.073751] (-) TimerEvent: {}
[141.174222] (-) TimerEvent: {}
[141.276262] (-) TimerEvent: {}
[141.376712] (-) TimerEvent: {}
[141.479193] (-) TimerEvent: {}
[141.582767] (-) TimerEvent: {}
[141.683679] (-) TimerEvent: {}
[141.786275] (-) TimerEvent: {}
[141.888989] (-) TimerEvent: {}
[141.991624] (-) TimerEvent: {}
[142.069689] (libcamera) StdoutLine: {'line': b'[118/264] Compiling C++ object src/libcamera/libcamera.so.0.7.1.p/pub_key.cpp.o\x1b[K\n'}
[142.072405] (libcamera) StdoutLine: {'line': b'[119/264] Compiling C++ object src/libcamera/libcamera.so.0.7.1.p/pub_key.cpp.o\x1b[K\n'}
[142.091755] (-) TimerEvent: {}
[142.200435] (-) TimerEvent: {}
[142.303282] (-) TimerEvent: {}
[142.322794] (libcamera) StdoutLine: {'line': b'[119/264] Compiling C++ object src/libcamera/libcamera.so.0.7.1.p/shared_mem_object.cpp.o\x1b[K\n'}
[142.325296] (libcamera) StdoutLine: {'line': b'[120/264] Compiling C++ object src/libcamera/libcamera.so.0.7.1.p/media_object.cpp.o\x1b[K\n'}
[142.407292] (-) TimerEvent: {}
[142.507776] (-) TimerEvent: {}
[142.608257] (-) TimerEvent: {}
[142.712506] (-) TimerEvent: {}
[142.815265] (-) TimerEvent: {}
[142.915721] (-) TimerEvent: {}
[143.021271] (-) TimerEvent: {}
[143.121769] (-) TimerEvent: {}
[143.222290] (-) TimerEvent: {}
[143.322761] (-) TimerEvent: {}
[143.423259] (-) TimerEvent: {}
[143.523761] (-) TimerEvent: {}
[143.630293] (-) TimerEvent: {}
[143.733177] (-) TimerEvent: {}
[143.833667] (-) TimerEvent: {}
[143.934136] (-) TimerEvent: {}
[144.039453] (-) TimerEvent: {}
[144.139961] (-) TimerEvent: {}
[144.240555] (-) TimerEvent: {}
[144.343283] (-) TimerEvent: {}
[144.443807] (-) TimerEvent: {}
[144.546256] (-) TimerEvent: {}
[144.646714] (-) TimerEvent: {}
[144.747265] (-) TimerEvent: {}
[144.850289] (-) TimerEvent: {}
[144.889402] (libcamera) StdoutLine: {'line': b'[120/264] Compiling C++ object src/libcamera/libcamera.so.0.7.1.p/source_paths.cpp.o\x1b[K\n'}
[144.889882] (libcamera) StdoutLine: {'line': b'[121/264] Compiling C++ object src/libcamera/libcamera.so.0.7.1.p/shared_mem_object.cpp.o\x1b[K\n'}
[144.950447] (-) TimerEvent: {}
[145.053452] (-) TimerEvent: {}
[145.156284] (-) TimerEvent: {}
[145.256786] (-) TimerEvent: {}
[145.261417] (libcamera) StdoutLine: {'line': b'[121/264] Compiling C++ object src/libcamera/libcamera.so.0.7.1.p/sysfs.cpp.o\x1b[K\n'}
[145.261866] (libcamera) StdoutLine: {'line': b'[122/264] Compiling C++ object src/libcamera/libcamera.so.0.7.1.p/media_pipeline.cpp.o\x1b[K\n'}
[145.356943] (-) TimerEvent: {}
[145.465380] (-) TimerEvent: {}
[145.565855] (-) TimerEvent: {}
[145.666433] (-) TimerEvent: {}
[145.769324] (-) TimerEvent: {}
[145.869859] (-) TimerEvent: {}
[145.975275] (-) TimerEvent: {}
[146.075733] (-) TimerEvent: {}
[146.176190] (-) TimerEvent: {}
[146.276609] (-) TimerEvent: {}
[146.377075] (-) TimerEvent: {}
[146.480272] (-) TimerEvent: {}
[146.580768] (-) TimerEvent: {}
[146.681276] (-) TimerEvent: {}
[146.783773] (-) TimerEvent: {}
[146.887383] (-) TimerEvent: {}
[146.992289] (-) TimerEvent: {}
[147.008485] (libcamera) StdoutLine: {'line': b'[122/264] Compiling C++ object src/libcamera/libcamera.so.0.7.1.p/v4l2_device.cpp.o\x1b[K\n'}
[147.010937] (libcamera) StdoutLine: {'line': b'[123/264] Compiling C++ object src/libcamera/libcamera.so.0.7.1.p/source_paths.cpp.o\x1b[K\n'}
[147.092441] (-) TimerEvent: {}
[147.194560] (-) TimerEvent: {}
[147.295124] (-) TimerEvent: {}
[147.401529] (-) TimerEvent: {}
[147.502044] (-) TimerEvent: {}
[147.602581] (-) TimerEvent: {}
[147.703112] (-) TimerEvent: {}
[147.812272] (-) TimerEvent: {}
[147.912833] (-) TimerEvent: {}
[148.014079] (-) TimerEvent: {}
[148.078398] (libcamera) StdoutLine: {'line': b'[123/264] Compiling C++ object src/libcamera/libcamera.so.0.7.1.p/v4l2_pixelformat.cpp.o\x1b[K\n'}
[148.079301] (libcamera) StdoutLine: {'line': b'[124/264] Compiling C++ object src/libcamera/libcamera.so.0.7.1.p/process.cpp.o\x1b[K\n'}
[148.116033] (-) TimerEvent: {}
[148.221274] (-) TimerEvent: {}
[148.321750] (-) TimerEvent: {}
[148.422270] (-) TimerEvent: {}
[148.525274] (-) TimerEvent: {}
[148.625760] (-) TimerEvent: {}
[148.726290] (-) TimerEvent: {}
[148.829290] (-) TimerEvent: {}
[148.929831] (-) TimerEvent: {}
[149.030323] (-) TimerEvent: {}
[149.133263] (-) TimerEvent: {}
[149.233719] (-) TimerEvent: {}
[149.334232] (-) TimerEvent: {}
[149.437042] (-) TimerEvent: {}
[149.540294] (-) TimerEvent: {}
[149.552318] (libcamera) StdoutLine: {'line': b'[124/264] Compiling C++ object src/libcamera/libcamera.so.0.7.1.p/v4l2_request.cpp.o\x1b[K\n'}
[149.559369] (libcamera) StdoutLine: {'line': b'[125/264] Compiling C++ object src/libcamera/libcamera.so.0.7.1.p/pipeline_handler.cpp.o\x1b[K\n'}
[149.640455] (-) TimerEvent: {}
[149.658955] (libcamera) StdoutLine: {'line': b'[125/264] Compiling C++ object src/libcamera/libcamera.so.0.7.1.p/v4l2_subdevice.cpp.o\x1b[K\n'}
[149.663400] (libcamera) StdoutLine: {'line': b'[126/264] Compiling C++ object src/libcamera/libcamera.so.0.7.1.p/media_device.cpp.o\x1b[K\n'}
[149.745252] (-) TimerEvent: {}
[149.845966] (-) TimerEvent: {}
[149.951275] (-) TimerEvent: {}
[150.051721] (-) TimerEvent: {}
[150.157304] (-) TimerEvent: {}
[150.257906] (-) TimerEvent: {}
[150.359375] (-) TimerEvent: {}
[150.461281] (-) TimerEvent: {}
[150.564266] (-) TimerEvent: {}
[150.664705] (-) TimerEvent: {}
[150.765219] (-) TimerEvent: {}
[150.868274] (-) TimerEvent: {}
[150.968755] (-) TimerEvent: {}
[151.071285] (-) TimerEvent: {}
[151.174264] (-) TimerEvent: {}
[151.274762] (-) TimerEvent: {}
[151.376285] (-) TimerEvent: {}
[151.476760] (-) TimerEvent: {}
[151.579494] (-) TimerEvent: {}
[151.679992] (-) TimerEvent: {}
[151.783276] (-) TimerEvent: {}
[151.883767] (-) TimerEvent: {}
[151.984271] (-) TimerEvent: {}
[152.084758] (-) TimerEvent: {}
[152.190789] (-) TimerEvent: {}
[152.296298] (-) TimerEvent: {}
[152.396852] (-) TimerEvent: {}
[152.500517] (-) TimerEvent: {}
[152.605851] (-) TimerEvent: {}
[152.710777] (-) TimerEvent: {}
[152.811260] (-) TimerEvent: {}
[152.911807] (-) TimerEvent: {}
[153.013575] (-) TimerEvent: {}
[153.020392] (libcamera) StdoutLine: {'line': b'[126/264] Compiling C++ object src/libcamera/libcamera.so.0.7.1.p/v4l2_videodevice.cpp.o\x1b[K\n'}
[153.020879] (libcamera) StdoutLine: {'line': b'[127/264] Compiling C++ object src/libcamera/libcamera.so.0.7.1.p/sysfs.cpp.o\x1b[K\n'}
[153.113738] (-) TimerEvent: {}
[153.216409] (-) TimerEvent: {}
[153.316917] (-) TimerEvent: {}
[153.422092] (-) TimerEvent: {}
[153.525458] (-) TimerEvent: {}
[153.625894] (-) TimerEvent: {}
[153.707238] (libcamera) StdoutLine: {'line': b'[127/264] Compiling C++ object src/libcamera/libcamera.so.0.7.1.p/value_node.cpp.o\x1b[K\n'}
[153.711353] (libcamera) StdoutLine: {'line': b'[128/264] Compiling C++ object src/libcamera/libcamera.so.0.7.1.p/v4l2_request.cpp.o\x1b[K\n'}
[153.726104] (-) TimerEvent: {}
[153.828466] (-) TimerEvent: {}
[153.933278] (-) TimerEvent: {}
[154.033786] (-) TimerEvent: {}
[154.137289] (-) TimerEvent: {}
[154.237879] (-) TimerEvent: {}
[154.338428] (-) TimerEvent: {}
[154.438962] (-) TimerEvent: {}
[154.545269] (-) TimerEvent: {}
[154.645784] (-) TimerEvent: {}
[154.746364] (-) TimerEvent: {}
[154.849267] (-) TimerEvent: {}
[154.949740] (-) TimerEvent: {}
[155.052270] (-) TimerEvent: {}
[155.157267] (-) TimerEvent: {}
[155.257964] (-) TimerEvent: {}
[155.358449] (-) TimerEvent: {}
[155.458924] (-) TimerEvent: {}
[155.561282] (-) TimerEvent: {}
[155.661741] (-) TimerEvent: {}
[155.766265] (-) TimerEvent: {}
[155.866725] (-) TimerEvent: {}
[155.967256] (-) TimerEvent: {}
[156.069996] (-) TimerEvent: {}
[156.173268] (-) TimerEvent: {}
[156.273713] (-) TimerEvent: {}
[156.374240] (-) TimerEvent: {}
[156.474735] (-) TimerEvent: {}
[156.512298] (libcamera) StdoutLine: {'line': b'[128/264] Compiling C++ object src/libcamera/libcamera.so.0.7.1.p/vector.cpp.o\x1b[K\n'}
[156.513474] (libcamera) StdoutLine: {'line': b'[129/264] Compiling C++ object src/libcamera/libcamera.so.0.7.1.p/v4l2_pixelformat.cpp.o\x1b[K\n'}
[156.574901] (-) TimerEvent: {}
[156.679270] (-) TimerEvent: {}
[156.779735] (-) TimerEvent: {}
[156.882264] (-) TimerEvent: {}
[156.982756] (-) TimerEvent: {}
[157.085264] (-) TimerEvent: {}
[157.188268] (-) TimerEvent: {}
[157.288719] (-) TimerEvent: {}
[157.389214] (-) TimerEvent: {}
[157.489646] (-) TimerEvent: {}
[157.595283] (-) TimerEvent: {}
[157.695797] (-) TimerEvent: {}
[157.798571] (-) TimerEvent: {}
[157.899069] (-) TimerEvent: {}
[157.999532] (-) TimerEvent: {}
[158.100013] (-) TimerEvent: {}
[158.204282] (-) TimerEvent: {}
[158.304727] (-) TimerEvent: {}
[158.408277] (-) TimerEvent: {}
[158.508772] (-) TimerEvent: {}
[158.612272] (-) TimerEvent: {}
[158.715235] (-) TimerEvent: {}
[158.815633] (-) TimerEvent: {}
[158.916081] (-) TimerEvent: {}
[159.019261] (-) TimerEvent: {}
[159.121261] (-) TimerEvent: {}
[159.221720] (-) TimerEvent: {}
[159.322197] (-) TimerEvent: {}
[159.422655] (-) TimerEvent: {}
[159.523147] (-) TimerEvent: {}
[159.623642] (-) TimerEvent: {}
[159.724140] (-) TimerEvent: {}
[159.829510] (-) TimerEvent: {}
[159.879444] (libcamera) StdoutLine: {'line': b'[129/264] Compiling C++ object src/libcamera/libcamera.so.0.7.1.p/yaml_parser.cpp.o\x1b[K\n'}
[159.879951] (libcamera) StdoutLine: {'line': b'[130/264] Compiling C++ object src/libcamera/libcamera.so.0.7.1.p/vector.cpp.o\x1b[K\n'}
[159.934000] (-) TimerEvent: {}
[160.037264] (-) TimerEvent: {}
[160.137698] (-) TimerEvent: {}
[160.238134] (-) TimerEvent: {}
[160.338585] (-) TimerEvent: {}
[160.441479] (-) TimerEvent: {}
[160.541975] (-) TimerEvent: {}
[160.644483] (-) TimerEvent: {}
[160.744968] (-) TimerEvent: {}
[160.846494] (-) TimerEvent: {}
[160.951282] (-) TimerEvent: {}
[161.051767] (-) TimerEvent: {}
[161.152248] (-) TimerEvent: {}
[161.255519] (-) TimerEvent: {}
[161.333030] (libcamera) StdoutLine: {'line': b'[130/264] Compiling C++ object src/libcamera/libcamera.so.0.7.1.p/converter_converter_dw100.cpp.o\x1b[K\n'}
[161.342571] (libcamera) StdoutLine: {'line': b'[131/264] Compiling C++ object src/libcamera/libcamera.so.0.7.1.p/v4l2_device.cpp.o\x1b[K\n'}
[161.355674] (-) TimerEvent: {}
[161.456108] (-) TimerEvent: {}
[161.556615] (-) TimerEvent: {}
[161.665303] (-) TimerEvent: {}
[161.769532] (-) TimerEvent: {}
[161.869951] (-) TimerEvent: {}
[161.973310] (-) TimerEvent: {}
[162.073798] (-) TimerEvent: {}
[162.157253] (libcamera) StdoutLine: {'line': b'[131/264] Compiling C++ object src/libcamera/libcamera.so.0.7.1.p/converter_converter_dw100_vertexmap.cpp.o\x1b[K\n'}
[162.163626] (libcamera) StdoutLine: {'line': b'[132/264] Compiling C++ object src/libcamera/libcamera.so.0.7.1.p/yaml_parser.cpp.o\x1b[K\n'}
[162.174287] (-) TimerEvent: {}
[162.279342] (-) TimerEvent: {}
[162.380468] (-) TimerEvent: {}
[162.480899] (-) TimerEvent: {}
[162.584677] (-) TimerEvent: {}
[162.685194] (-) TimerEvent: {}
[162.785613] (-) TimerEvent: {}
[162.888274] (-) TimerEvent: {}
[162.988731] (-) TimerEvent: {}
[163.089280] (-) TimerEvent: {}
[163.192269] (-) TimerEvent: {}
[163.295192] (-) TimerEvent: {}
[163.401911] (-) TimerEvent: {}
[163.502358] (-) TimerEvent: {}
[163.605280] (-) TimerEvent: {}
[163.705768] (-) TimerEvent: {}
[163.809311] (-) TimerEvent: {}
[163.912271] (-) TimerEvent: {}
[164.012854] (-) TimerEvent: {}
[164.113348] (-) TimerEvent: {}
[164.213812] (-) TimerEvent: {}
[164.316264] (-) TimerEvent: {}
[164.418273] (-) TimerEvent: {}
[164.518776] (-) TimerEvent: {}
[164.619285] (-) TimerEvent: {}
[164.719821] (-) TimerEvent: {}
[164.820265] (-) TimerEvent: {}
[164.880519] (libcamera) StdoutLine: {'line': b'[132/264] Compiling C++ object src/libcamera/libcamera.so.0.7.1.p/converter_converter_v4l2_m2m.cpp.o\x1b[K\n'}
[164.881023] (libcamera) StdoutLine: {'line': b'[133/264] Compiling C++ object src/libcamera/libcamera.so.0.7.1.p/value_node.cpp.o\x1b[K\n'}
[164.920418] (-) TimerEvent: {}
[165.023497] (-) TimerEvent: {}
[165.125512] (-) TimerEvent: {}
[165.230266] (-) TimerEvent: {}
[165.330790] (-) TimerEvent: {}
[165.437305] (-) TimerEvent: {}
[165.537867] (-) TimerEvent: {}
[165.638390] (-) TimerEvent: {}
[165.741498] (-) TimerEvent: {}
[165.842487] (-) TimerEvent: {}
[165.949275] (-) TimerEvent: {}
[166.049784] (-) TimerEvent: {}
[166.150300] (-) TimerEvent: {}
[166.202376] (libcamera) StdoutLine: {'line': b'[133/264] Compiling C++ object src/libcamera/libcamera.so.0.7.1.p/pipeline_rpi_common_delayed_controls.cpp.o\x1b[K\n'}
[166.202781] (libcamera) StdoutLine: {'line': b'[134/264] Compiling C++ object src/libcamera/libcamera.so.0.7.1.p/v4l2_videodevice.cpp.o\x1b[K\n'}
[166.252279] (-) TimerEvent: {}
[166.352678] (-) TimerEvent: {}
[166.455520] (-) TimerEvent: {}
[166.556067] (-) TimerEvent: {}
[166.661296] (-) TimerEvent: {}
[166.761844] (-) TimerEvent: {}
[166.862364] (-) TimerEvent: {}
[166.962899] (-) TimerEvent: {}
[167.070267] (-) TimerEvent: {}
[167.170775] (-) TimerEvent: {}
[167.271263] (-) TimerEvent: {}
[167.373267] (-) TimerEvent: {}
[167.473753] (-) TimerEvent: {}
[167.576520] (-) TimerEvent: {}
[167.676963] (-) TimerEvent: {}
[167.779264] (-) TimerEvent: {}
[167.879656] (-) TimerEvent: {}
[167.980082] (-) TimerEvent: {}
[168.084266] (-) TimerEvent: {}
[168.184785] (-) TimerEvent: {}
[168.285283] (-) TimerEvent: {}
[168.391264] (-) TimerEvent: {}
[168.491748] (-) TimerEvent: {}
[168.592273] (-) TimerEvent: {}
[168.695280] (-) TimerEvent: {}
[168.795730] (-) TimerEvent: {}
[168.897269] (-) TimerEvent: {}
[169.003270] (-) TimerEvent: {}
[169.103707] (-) TimerEvent: {}
[169.204112] (-) TimerEvent: {}
[169.307445] (-) TimerEvent: {}
[169.407912] (-) TimerEvent: {}
[169.511293] (-) TimerEvent: {}
[169.611800] (-) TimerEvent: {}
[169.713282] (-) TimerEvent: {}
[169.813740] (-) TimerEvent: {}
[169.914280] (-) TimerEvent: {}
[170.014781] (-) TimerEvent: {}
[170.117542] (-) TimerEvent: {}
[170.218013] (-) TimerEvent: {}
[170.318472] (-) TimerEvent: {}
[170.423032] (-) TimerEvent: {}
[170.459419] (libcamera) StdoutLine: {'line': b'[134/264] Compiling C++ object src/libcamera/libcamera.so.0.7.1.p/pipeline_rpi_common_pipeline_base.cpp.o\x1b[K\n'}
[170.459885] (libcamera) StdoutLine: {'line': b'[135/264] Compiling C++ object src/libcamera/libcamera.so.0.7.1.p/converter_converter_dw100.cpp.o\x1b[K\n'}
[170.526262] (-) TimerEvent: {}
[170.626731] (-) TimerEvent: {}
[170.727281] (-) TimerEvent: {}
[170.827839] (-) TimerEvent: {}
[170.931294] (-) TimerEvent: {}
[170.959259] (libcamera) StdoutLine: {'line': b'[135/264] Compiling C++ object src/libcamera/libcamera.so.0.7.1.p/pipeline_rpi_common_rpi_stream.cpp.o\x1b[K\n'}
[170.959751] (libcamera) StdoutLine: {'line': b'[136/264] Compiling C++ object src/libcamera/libcamera.so.0.7.1.p/converter_converter_dw100_vertexmap.cpp.o\x1b[K\n'}
[171.034265] (-) TimerEvent: {}
[171.134691] (-) TimerEvent: {}
[171.237619] (-) TimerEvent: {}
[171.338670] (-) TimerEvent: {}
[171.444280] (-) TimerEvent: {}
[171.544782] (-) TimerEvent: {}
[171.645408] (-) TimerEvent: {}
[171.745945] (-) TimerEvent: {}
[171.846485] (-) TimerEvent: {}
[171.951557] (-) TimerEvent: {}
[172.052139] (-) TimerEvent: {}
[172.154654] (-) TimerEvent: {}
[172.257278] (-) TimerEvent: {}
[172.357775] (-) TimerEvent: {}
[172.458208] (-) TimerEvent: {}
[172.561270] (-) TimerEvent: {}
[172.661766] (-) TimerEvent: {}
[172.762249] (-) TimerEvent: {}
[172.866497] (-) TimerEvent: {}
[172.966966] (-) TimerEvent: {}
[173.070266] (-) TimerEvent: {}
[173.170698] (-) TimerEvent: {}
[173.273264] (-) TimerEvent: {}
[173.375262] (-) TimerEvent: {}
[173.475693] (-) TimerEvent: {}
[173.576144] (-) TimerEvent: {}
[173.676593] (-) TimerEvent: {}
[173.777052] (-) TimerEvent: {}
[173.880260] (-) TimerEvent: {}
[173.980734] (-) TimerEvent: {}
[174.083579] (-) TimerEvent: {}
[174.188261] (-) TimerEvent: {}
[174.288672] (-) TimerEvent: {}
[174.394260] (-) TimerEvent: {}
[174.494716] (-) TimerEvent: {}
[174.595223] (-) TimerEvent: {}
[174.695738] (-) TimerEvent: {}
[174.798478] (-) TimerEvent: {}
[174.902774] (-) TimerEvent: {}
[174.971910] (libcamera) StdoutLine: {'line': b'[136/264] Compiling C++ object src/libcamera/libcamera.so.0.7.1.p/pipeline_rpi_pisp_pisp.cpp.o\x1b[K\n'}
[174.976677] (libcamera) StdoutLine: {'line': b'[137/264] Compiling C++ object src/libcamera/libcamera.so.0.7.1.p/pipeline_rpi_common_delayed_controls.cpp.o\x1b[K\n'}
[175.002948] (-) TimerEvent: {}
[175.103442] (-) TimerEvent: {}
[175.204704] (-) TimerEvent: {}
[175.311269] (-) TimerEvent: {}
[175.411746] (-) TimerEvent: {}
[175.512186] (-) TimerEvent: {}
[175.614290] (-) TimerEvent: {}
[175.714797] (-) TimerEvent: {}
[175.815345] (-) TimerEvent: {}
[175.861097] (libcamera) StdoutLine: {'line': b'[137/264] Compiling C++ object src/libcamera/libcamera.so.0.7.1.p/pipeline_rpi_vc4_vc4.cpp.o\x1b[K\n'}
[175.861558] (libcamera) StdoutLine: {'line': b'[138/264] Compiling C++ object src/libcamera/libcamera.so.0.7.1.p/converter_converter_v4l2_m2m.cpp.o\x1b[K\n'}
[175.915498] (-) TimerEvent: {}
[176.022050] (-) TimerEvent: {}
[176.126504] (-) TimerEvent: {}
[176.232272] (-) TimerEvent: {}
[176.330600] (libcamera) StdoutLine: {'line': b'[138/264] Compiling C++ object src/libcamera/libcamera.so.0.7.1.p/sensor_camera_sensor.cpp.o\x1b[K\n'}
[176.333426] (-) TimerEvent: {}
[176.333704] (libcamera) StdoutLine: {'line': b'[139/264] Compiling C++ object src/libcamera/libcamera.so.0.7.1.p/v4l2_subdevice.cpp.o\x1b[K\n'}
[176.433594] (-) TimerEvent: {}
[176.537302] (-) TimerEvent: {}
[176.637806] (-) TimerEvent: {}
[176.738282] (-) TimerEvent: {}
[176.838799] (-) TimerEvent: {}
[176.943575] (-) TimerEvent: {}
[177.044216] (-) TimerEvent: {}
[177.150259] (-) TimerEvent: {}
[177.250718] (-) TimerEvent: {}
[177.351281] (-) TimerEvent: {}
[177.451837] (-) TimerEvent: {}
[177.570467] (-) TimerEvent: {}
[177.672358] (-) TimerEvent: {}
[177.772845] (-) TimerEvent: {}
[177.878233] (-) TimerEvent: {}
[177.984284] (-) TimerEvent: {}
[178.087266] (-) TimerEvent: {}
[178.187677] (-) TimerEvent: {}
[178.288186] (-) TimerEvent: {}
[178.391271] (-) TimerEvent: {}
[178.491697] (-) TimerEvent: {}
[178.592122] (-) TimerEvent: {}
[178.692547] (-) TimerEvent: {}
[178.793076] (-) TimerEvent: {}
[178.896486] (-) TimerEvent: {}
[178.935561] (libcamera) StdoutLine: {'line': b'[139/264] Compiling C++ object src/libcamera/libcamera.so.0.7.1.p/sensor_camera_sensor_legacy.cpp.o\x1b[K\n'}
[178.936051] (libcamera) StdoutLine: {'line': b'[140/264] Compiling C++ object src/libcamera/libcamera.so.0.7.1.p/pipeline_rpi_common_rpi_stream.cpp.o\x1b[K\n'}
[178.996614] (-) TimerEvent: {}
[179.099270] (-) TimerEvent: {}
[179.199732] (-) TimerEvent: {}
[179.305267] (-) TimerEvent: {}
[179.408282] (-) TimerEvent: {}
[179.511268] (-) TimerEvent: {}
[179.614262] (-) TimerEvent: {}
[179.714757] (-) TimerEvent: {}
[179.815285] (-) TimerEvent: {}
[179.915786] (-) TimerEvent: {}
[180.016280] (-) TimerEvent: {}
[180.121299] (-) TimerEvent: {}
[180.224534] (-) TimerEvent: {}
[180.325009] (-) TimerEvent: {}
[180.425532] (-) TimerEvent: {}
[180.529481] (-) TimerEvent: {}
[180.629948] (-) TimerEvent: {}
[180.733669] (-) TimerEvent: {}
[180.834214] (-) TimerEvent: {}
[180.937882] (-) TimerEvent: {}
[181.038419] (-) TimerEvent: {}
[181.141341] (-) TimerEvent: {}
[181.244128] (-) TimerEvent: {}
[181.347625] (-) TimerEvent: {}
[181.455307] (-) TimerEvent: {}
[181.555769] (-) TimerEvent: {}
[181.656289] (-) TimerEvent: {}
[181.665737] (libcamera) StdoutLine: {'line': b'[140/264] Compiling C++ object src/libcamera/libcamera.so.0.7.1.p/sensor_camera_sensor_properties.cpp.o\x1b[K\n'}
[181.666360] (libcamera) StdoutLine: {'line': b'[141/264] Compiling C++ object src/libcamera/libcamera.so.0.7.1.p/sensor_camera_sensor.cpp.o\x1b[K\n'}
[181.756440] (-) TimerEvent: {}
[181.860527] (-) TimerEvent: {}
[181.961007] (-) TimerEvent: {}
[182.064305] (-) TimerEvent: {}
[182.164765] (-) TimerEvent: {}
[182.265918] (-) TimerEvent: {}
[182.367739] (-) TimerEvent: {}
[182.472481] (-) TimerEvent: {}
[182.572952] (-) TimerEvent: {}
[182.673457] (-) TimerEvent: {}
[182.780276] (-) TimerEvent: {}
[182.880799] (-) TimerEvent: {}
[182.981281] (-) TimerEvent: {}
[183.083852] (-) TimerEvent: {}
[183.187555] (-) TimerEvent: {}
[183.287992] (-) TimerEvent: {}
[183.388638] (-) TimerEvent: {}
[183.494272] (-) TimerEvent: {}
[183.597270] (-) TimerEvent: {}
[183.697700] (-) TimerEvent: {}
[183.798090] (-) TimerEvent: {}
[183.898528] (-) TimerEvent: {}
[184.000263] (-) TimerEvent: {}
[184.100665] (-) TimerEvent: {}
[184.201088] (-) TimerEvent: {}
[184.301556] (-) TimerEvent: {}
[184.401996] (-) TimerEvent: {}
[184.508274] (-) TimerEvent: {}
[184.608695] (-) TimerEvent: {}
[184.709090] (-) TimerEvent: {}
[184.809545] (-) TimerEvent: {}
[184.912514] (-) TimerEvent: {}
[185.012971] (-) TimerEvent: {}
[185.116240] (-) TimerEvent: {}
[185.217348] (-) TimerEvent: {}
[185.320266] (-) TimerEvent: {}
[185.420726] (-) TimerEvent: {}
[185.523272] (-) TimerEvent: {}
[185.623715] (-) TimerEvent: {}
[185.724374] (-) TimerEvent: {}
[185.824882] (-) TimerEvent: {}
[185.927290] (-) TimerEvent: {}
[186.030265] (-) TimerEvent: {}
[186.132264] (-) TimerEvent: {}
[186.232728] (-) TimerEvent: {}
[186.333264] (-) TimerEvent: {}
[186.433730] (-) TimerEvent: {}
[186.534191] (-) TimerEvent: {}
[186.634674] (-) TimerEvent: {}
[186.737536] (-) TimerEvent: {}
[186.841261] (-) TimerEvent: {}
[186.941723] (-) TimerEvent: {}
[187.045497] (-) TimerEvent: {}
[187.146026] (-) TimerEvent: {}
[187.249014] (-) TimerEvent: {}
[187.349999] (-) TimerEvent: {}
[187.417133] (libcamera) StdoutLine: {'line': b'[141/264] Compiling C++ object src/libcamera/libcamera.so.0.7.1.p/sensor_camera_sensor_raw.cpp.o\x1b[K\n'}
[187.417599] (libcamera) StdoutLine: {'line': b'[142/264] Compiling C++ object src/libcamera/libcamera.so.0.7.1.p/sensor_camera_sensor_properties.cpp.o\x1b[K\n'}
[187.455273] (-) TimerEvent: {}
[187.558264] (-) TimerEvent: {}
[187.660271] (-) TimerEvent: {}
[187.760774] (-) TimerEvent: {}
[187.861239] (-) TimerEvent: {}
[187.961719] (-) TimerEvent: {}
[188.066254] (-) TimerEvent: {}
[188.169255] (-) TimerEvent: {}
[188.269729] (-) TimerEvent: {}
[188.370242] (-) TimerEvent: {}
[188.437454] (libcamera) StdoutLine: {'line': b'[142/264] Compiling C++ object src/libcamera/libcamera.so.0.7.1.p/tracepoints.cpp.o\x1b[K\n'}
[188.438614] (libcamera) StdoutLine: {'line': b'[143/264] Compiling C++ object src/libcamera/libcamera.so.0.7.1.p/pipeline_rpi_common_pipeline_base.cpp.o\x1b[K\n'}
[188.472572] (-) TimerEvent: {}
[188.575269] (-) TimerEvent: {}
[188.675737] (-) TimerEvent: {}
[188.776273] (-) TimerEvent: {}
[188.876861] (-) TimerEvent: {}
[188.980459] (-) TimerEvent: {}
[189.086268] (-) TimerEvent: {}
[189.189523] (-) TimerEvent: {}
[189.289961] (-) TimerEvent: {}
[189.393292] (-) TimerEvent: {}
[189.493847] (-) TimerEvent: {}
[189.597291] (-) TimerEvent: {}
[189.697793] (-) TimerEvent: {}
[189.800534] (-) TimerEvent: {}
[189.901031] (-) TimerEvent: {}
[190.004287] (-) TimerEvent: {}
[190.086961] (libcamera) StdoutLine: {'line': b'[143/264] Compiling C++ object src/libcamera/libcamera.so.0.7.1.p/device_enumerator_udev.cpp.o\x1b[K\n'}
[190.089539] (libcamera) StdoutLine: {'line': b'[144/264] Compiling C++ object src/libcamera/libcamera.so.0.7.1.p/sensor_camera_sensor_legacy.cpp.o\x1b[K\n'}
[190.105044] (-) TimerEvent: {}
[190.205583] (-) TimerEvent: {}
[190.308527] (-) TimerEvent: {}
[190.414761] (-) TimerEvent: {}
[190.523284] (-) TimerEvent: {}
[190.625275] (-) TimerEvent: {}
[190.725810] (-) TimerEvent: {}
[190.826295] (-) TimerEvent: {}
[190.926836] (-) TimerEvent: {}
[191.028088] (-) TimerEvent: {}
[191.132533] (-) TimerEvent: {}
[191.235280] (-) TimerEvent: {}
[191.335852] (-) TimerEvent: {}
[191.442290] (-) TimerEvent: {}
[191.542863] (-) TimerEvent: {}
[191.647348] (-) TimerEvent: {}
[191.747977] (-) TimerEvent: {}
[191.849178] (-) TimerEvent: {}
[191.952177] (-) TimerEvent: {}
[192.052620] (-) TimerEvent: {}
[192.153045] (-) TimerEvent: {}
[192.254290] (-) TimerEvent: {}
[192.356270] (-) TimerEvent: {}
[192.421628] (libcamera) StdoutLine: {'line': b'[144/264] Compiling C++ object src/libcamera/proxy/worker/raspberrypi_ipa_proxy.p/meson-generated_.._raspberrypi_ipa_proxy_worker.cpp.o\x1b[K\n'}
[192.422640] (libcamera) StdoutLine: {'line': b'[145/264] Compiling C++ object src/libcamera/libcamera.so.0.7.1.p/sensor_camera_sensor_raw.cpp.o\x1b[K\n'}
[192.456426] (-) TimerEvent: {}
[192.560466] (-) TimerEvent: {}
[192.661007] (-) TimerEvent: {}
[192.761560] (-) TimerEvent: {}
[192.865339] (-) TimerEvent: {}
[192.965863] (-) TimerEvent: {}
[193.066389] (-) TimerEvent: {}
[193.166896] (-) TimerEvent: {}
[193.267402] (-) TimerEvent: {}
[193.373262] (-) TimerEvent: {}
[193.473697] (-) TimerEvent: {}
[193.574261] (-) TimerEvent: {}
[193.679284] (-) TimerEvent: {}
[193.779706] (-) TimerEvent: {}
[193.883272] (-) TimerEvent: {}
[193.983722] (-) TimerEvent: {}
[194.084257] (-) TimerEvent: {}
[194.187523] (-) TimerEvent: {}
[194.290403] (-) TimerEvent: {}
[194.393480] (-) TimerEvent: {}
[194.496508] (-) TimerEvent: {}
[194.599680] (-) TimerEvent: {}
[194.702275] (-) TimerEvent: {}
[194.804291] (-) TimerEvent: {}
[194.904894] (-) TimerEvent: {}
[195.012280] (-) TimerEvent: {}
[195.112789] (-) TimerEvent: {}
[195.213342] (-) TimerEvent: {}
[195.319277] (-) TimerEvent: {}
[195.419717] (-) TimerEvent: {}
[195.522306] (-) TimerEvent: {}
[195.625271] (-) TimerEvent: {}
[195.725704] (-) TimerEvent: {}
[195.826205] (-) TimerEvent: {}
[195.914332] (libcamera) StdoutLine: {'line': b'[145/264] Compiling C++ object src/ipa/libipa/libipa.a.p/agc_mean_luminance.cpp.o\x1b[K\n'}
[195.914792] (libcamera) StdoutLine: {'line': b'[146/264] Compiling C++ object src/libcamera/libcamera.so.0.7.1.p/tracepoints.cpp.o\x1b[K\n'}
[195.926301] (-) TimerEvent: {}
[196.003790] (libcamera) StdoutLine: {'line': b'[146/264] Compiling C++ object src/ipa/libipa/libipa.a.p/algorithm.cpp.o\x1b[K\n'}
[196.014333] (libcamera) StdoutLine: {'line': b'[147/264] Compiling C++ object src/libcamera/libcamera.so.0.7.1.p/pipeline_rpi_pisp_pisp.cpp.o\x1b[K\n'}
[196.026474] (-) TimerEvent: {}
[196.132342] (-) TimerEvent: {}
[196.235407] (-) TimerEvent: {}
[196.338311] (-) TimerEvent: {}
[196.440306] (-) TimerEvent: {}
[196.543276] (-) TimerEvent: {}
[196.646302] (-) TimerEvent: {}
[196.746814] (-) TimerEvent: {}
[196.847480] (-) TimerEvent: {}
[196.950323] (-) TimerEvent: {}
[197.050881] (-) TimerEvent: {}
[197.156272] (-) TimerEvent: {}
[197.256734] (-) TimerEvent: {}
[197.357206] (-) TimerEvent: {}
[197.460269] (-) TimerEvent: {}
[197.560786] (-) TimerEvent: {}
[197.663524] (-) TimerEvent: {}
[197.764006] (-) TimerEvent: {}
[197.869305] (-) TimerEvent: {}
[197.969867] (-) TimerEvent: {}
[198.073281] (-) TimerEvent: {}
[198.173758] (-) TimerEvent: {}
[198.276268] (-) TimerEvent: {}
[198.379268] (-) TimerEvent: {}
[198.479720] (-) TimerEvent: {}
[198.580346] (-) TimerEvent: {}
[198.680937] (-) TimerEvent: {}
[198.756328] (libcamera) StdoutLine: {'line': b'[147/264] Compiling C++ object src/ipa/libipa/libipa.a.p/awb_bayes.cpp.o\x1b[K\n'}
[198.761015] (libcamera) StdoutLine: {'line': b'[148/264] Compiling C++ object src/libcamera/libcamera.so.0.7.1.p/pipeline_rpi_vc4_vc4.cpp.o\x1b[K\n'}
[198.781080] (-) TimerEvent: {}
[198.881539] (-) TimerEvent: {}
[198.986275] (-) TimerEvent: {}
[199.086799] (-) TimerEvent: {}
[199.190264] (-) TimerEvent: {}
[199.290761] (-) TimerEvent: {}
[199.391284] (-) TimerEvent: {}
[199.494265] (-) TimerEvent: {}
[199.594743] (-) TimerEvent: {}
[199.698292] (-) TimerEvent: {}
[199.798728] (-) TimerEvent: {}
[199.899187] (-) TimerEvent: {}
[199.999642] (-) TimerEvent: {}
[200.100064] (-) TimerEvent: {}
[200.203295] (-) TimerEvent: {}
[200.216871] (libcamera) StdoutLine: {'line': b'[148/264] Compiling C++ object src/ipa/libipa/libipa.a.p/awb_grey.cpp.o\x1b[K\n'}
[200.220863] (libcamera) StdoutLine: {'line': b'[149/264] Compiling C++ object src/ipa/libipa/libipa.a.p/algorithm.cpp.o\x1b[K\n'}
[200.303434] (-) TimerEvent: {}
[200.403881] (-) TimerEvent: {}
[200.507261] (-) TimerEvent: {}
[200.610257] (-) TimerEvent: {}
[200.710722] (-) TimerEvent: {}
[200.814279] (-) TimerEvent: {}
[200.914738] (-) TimerEvent: {}
[201.015221] (-) TimerEvent: {}
[201.115701] (-) TimerEvent: {}
[201.218547] (-) TimerEvent: {}
[201.324263] (-) TimerEvent: {}
[201.424697] (-) TimerEvent: {}
[201.530270] (-) TimerEvent: {}
[201.632278] (-) TimerEvent: {}
[201.732765] (-) TimerEvent: {}
[201.834251] (-) TimerEvent: {}
[201.934672] (-) TimerEvent: {}
[202.030249] (libcamera) StdoutLine: {'line': b'[149/264] Compiling C++ object src/ipa/libipa/libipa.a.p/awb.cpp.o\x1b[K\n'}
[202.034393] (libcamera) StdoutLine: {'line': b'[150/264] Compiling C++ object src/libcamera/libcamera.so.0.7.1.p/device_enumerator_udev.cpp.o\x1b[K\n'}
[202.035506] (-) TimerEvent: {}
[202.135845] (-) TimerEvent: {}
[202.237018] (-) TimerEvent: {}
[202.338501] (-) TimerEvent: {}
[202.447119] (-) TimerEvent: {}
[202.547665] (-) TimerEvent: {}
[202.656111] (-) TimerEvent: {}
[202.760901] (-) TimerEvent: {}
[202.867117] (-) TimerEvent: {}
[202.928625] (libcamera) StdoutLine: {'line': b'[150/264] Linking target src/libcamera/libcamera.so.0.7.1\x1b[K\n'}
[202.929128] (libcamera) StdoutLine: {'line': b'[151/264] Linking target src/libcamera/libcamera.so.0.7.1\x1b[K\n'}
[202.967240] (-) TimerEvent: {}
[203.070271] (-) TimerEvent: {}
[203.170846] (-) TimerEvent: {}
[203.200879] (libcamera) StdoutLine: {'line': b'[151/264] Generating symbol file src/libcamera/libcamera.so.0.7.1.p/libcamera.so.0.7.1.symbols\x1b[K\n'}
[203.201382] (libcamera) StdoutLine: {'line': b'[152/264] Compiling C++ object src/ipa/libipa/libipa.a.p/awb_bayes.cpp.o\x1b[K\n'}
[203.275268] (-) TimerEvent: {}
[203.375678] (-) TimerEvent: {}
[203.478433] (-) TimerEvent: {}
[203.521827] (libcamera) StdoutLine: {'line': b'[152/264] Compiling C++ object src/ipa/libipa/libipa.a.p/camera_sensor_helper.cpp.o\x1b[K\n'}
[203.522536] (libcamera) StdoutLine: {'line': b'[153/264] Generating symbol file src/libcamera/libcamera.so.0.7.1.p/libcamera.so.0.7.1.symbols\x1b[K\n'}
[203.578612] (-) TimerEvent: {}
[203.683261] (-) TimerEvent: {}
[203.783766] (-) TimerEvent: {}
[203.884196] (-) TimerEvent: {}
[203.984653] (-) TimerEvent: {}
[204.089273] (-) TimerEvent: {}
[204.189742] (-) TimerEvent: {}
[204.293287] (-) TimerEvent: {}
[204.393782] (-) TimerEvent: {}
[204.495290] (-) TimerEvent: {}
[204.595793] (-) TimerEvent: {}
[204.699293] (-) TimerEvent: {}
[204.799791] (-) TimerEvent: {}
[204.900300] (-) TimerEvent: {}
[205.000787] (-) TimerEvent: {}
[205.101277] (-) TimerEvent: {}
[205.208282] (-) TimerEvent: {}
[205.308797] (-) TimerEvent: {}
[205.413282] (-) TimerEvent: {}
[205.513770] (-) TimerEvent: {}
[205.616510] (-) TimerEvent: {}
[205.655399] (libcamera) StdoutLine: {'line': b'[153/264] Compiling C++ object src/ipa/libipa/libipa.a.p/colours.cpp.o\x1b[K\n'}
[205.656185] (libcamera) StdoutLine: {'line': b'[154/264] Compiling C++ object src/ipa/libipa/libipa.a.p/awb_grey.cpp.o\x1b[K\n'}
[205.716691] (-) TimerEvent: {}
[205.817218] (-) TimerEvent: {}
[205.916477] (libcamera) StdoutLine: {'line': b'[154/264] Compiling C++ object src/ipa/libipa/libipa.a.p/exposure_mode_helper.cpp.o\x1b[K\n'}
[205.917584] (-) TimerEvent: {}
[205.917788] (libcamera) StdoutLine: {'line': b'[155/264] Compiling C++ object src/ipa/libipa/libipa.a.p/agc_mean_luminance.cpp.o\x1b[K\n'}
[206.019565] (-) TimerEvent: {}
[206.119996] (-) TimerEvent: {}
[206.221326] (-) TimerEvent: {}
[206.321986] (-) TimerEvent: {}
[206.424664] (-) TimerEvent: {}
[206.525191] (-) TimerEvent: {}
[206.627266] (-) TimerEvent: {}
[206.730309] (-) TimerEvent: {}
[206.830782] (-) TimerEvent: {}
[206.931286] (-) TimerEvent: {}
[207.031800] (-) TimerEvent: {}
[207.137282] (-) TimerEvent: {}
[207.237763] (-) TimerEvent: {}
[207.338212] (-) TimerEvent: {}
[207.442275] (-) TimerEvent: {}
[207.542742] (-) TimerEvent: {}
[207.643254] (-) TimerEvent: {}
[207.743707] (-) TimerEvent: {}
[207.844225] (-) TimerEvent: {}
[207.944719] (-) TimerEvent: {}
[208.045181] (-) TimerEvent: {}
[208.148285] (-) TimerEvent: {}
[208.248726] (-) TimerEvent: {}
[208.349213] (-) TimerEvent: {}
[208.449668] (-) TimerEvent: {}
[208.550112] (-) TimerEvent: {}
[208.650554] (-) TimerEvent: {}
[208.753277] (-) TimerEvent: {}
[208.858287] (-) TimerEvent: {}
[208.958728] (-) TimerEvent: {}
[209.059277] (-) TimerEvent: {}
[209.159756] (-) TimerEvent: {}
[209.263264] (-) TimerEvent: {}
[209.363774] (-) TimerEvent: {}
[209.467269] (-) TimerEvent: {}
[209.567758] (-) TimerEvent: {}
[209.668407] (-) TimerEvent: {}
[209.762380] (libcamera) StdoutLine: {'line': b'[155/264] Compiling C++ object src/ipa/libipa/libipa.a.p/fc_queue.cpp.o\x1b[K\n'}
[209.762777] (libcamera) StdoutLine: {'line': b'[156/264] Compiling C++ object src/ipa/libipa/libipa.a.p/fc_queue.cpp.o\x1b[K\n'}
[209.768602] (-) TimerEvent: {}
[209.785652] (libcamera) StdoutLine: {'line': b'[156/264] Compiling C++ object src/ipa/libipa/libipa.a.p/fixedpoint.cpp.o\x1b[K\n'}
[209.786243] (libcamera) StdoutLine: {'line': b'[157/264] Compiling C++ object src/ipa/libipa/libipa.a.p/awb.cpp.o\x1b[K\n'}
[209.868732] (-) TimerEvent: {}
[209.975281] (-) TimerEvent: {}
[210.075736] (-) TimerEvent: {}
[210.176199] (-) TimerEvent: {}
[210.278382] (-) TimerEvent: {}
[210.378975] (-) TimerEvent: {}
[210.479499] (-) TimerEvent: {}
[210.583780] (-) TimerEvent: {}
[210.684207] (-) TimerEvent: {}
[210.787269] (-) TimerEvent: {}
[210.863005] (libcamera) StdoutLine: {'line': b'[157/264] Compiling C++ object src/ipa/libipa/libipa.a.p/histogram.cpp.o\x1b[K\n'}
[210.866386] (libcamera) StdoutLine: {'line': b'[158/264] Compiling C++ object src/ipa/libipa/libipa.a.p/colours.cpp.o\x1b[K\n'}
[210.887418] (-) TimerEvent: {}
[210.987936] (-) TimerEvent: {}
[211.091488] (-) TimerEvent: {}
[211.193353] (-) TimerEvent: {}
[211.293852] (-) TimerEvent: {}
[211.394418] (-) TimerEvent: {}
[211.496509] (-) TimerEvent: {}
[211.599536] (-) TimerEvent: {}
[211.702560] (-) TimerEvent: {}
[211.803045] (-) TimerEvent: {}
[211.908266] (-) TimerEvent: {}
[212.008706] (-) TimerEvent: {}
[212.109188] (-) TimerEvent: {}
[212.212263] (-) TimerEvent: {}
[212.312752] (-) TimerEvent: {}
[212.416296] (-) TimerEvent: {}
[212.516828] (-) TimerEvent: {}
[212.625531] (-) TimerEvent: {}
[212.728253] (-) TimerEvent: {}
[212.828726] (-) TimerEvent: {}
[212.929236] (-) TimerEvent: {}
[213.029713] (-) TimerEvent: {}
[213.139283] (-) TimerEvent: {}
[213.242333] (-) TimerEvent: {}
[213.342815] (-) TimerEvent: {}
[213.443244] (-) TimerEvent: {}
[213.543729] (-) TimerEvent: {}
[213.644248] (-) TimerEvent: {}
[213.727467] (libcamera) StdoutLine: {'line': b'[158/264] Compiling C++ object src/ipa/libipa/libipa.a.p/interpolator.cpp.o\x1b[K\n'}
[213.730874] (libcamera) StdoutLine: {'line': b'[159/264] Compiling C++ object src/ipa/libipa/libipa.a.p/camera_sensor_helper.cpp.o\x1b[K\n'}
[213.744437] (-) TimerEvent: {}
[213.848266] (-) TimerEvent: {}
[213.916974] (libcamera) StdoutLine: {'line': b'[159/264] Compiling C++ object src/ipa/libipa/libipa.a.p/lsc_polynomial.cpp.o\x1b[K\n'}
[213.917418] (libcamera) StdoutLine: {'line': b'[160/264] Compiling C++ object src/ipa/libipa/libipa.a.p/exposure_mode_helper.cpp.o\x1b[K\n'}
[213.948467] (-) TimerEvent: {}
[214.051561] (-) TimerEvent: {}
[214.160273] (-) TimerEvent: {}
[214.260794] (-) TimerEvent: {}
[214.280829] (libcamera) StdoutLine: {'line': b'[160/264] Compiling C++ object src/ipa/libipa/libipa.a.p/lux.cpp.o\x1b[K\n'}
[214.284579] (libcamera) StdoutLine: {'line': b'[161/264] Compiling C++ object src/libcamera/proxy/worker/raspberrypi_ipa_proxy.p/meson-generated_.._raspberrypi_ipa_proxy_worker.cpp.o\x1b[K\n'}
[214.360983] (-) TimerEvent: {}
[214.461481] (-) TimerEvent: {}
[214.562012] (-) TimerEvent: {}
[214.664943] (-) TimerEvent: {}
[214.751529] (libcamera) StdoutLine: {'line': b'[161/264] Linking target src/libcamera/proxy/worker/raspberrypi_ipa_proxy\x1b[K\n'}
[214.752039] (libcamera) StdoutLine: {'line': b'[162/264] Linking target src/libcamera/proxy/worker/raspberrypi_ipa_proxy\x1b[K\n'}
[214.766628] (-) TimerEvent: {}
[214.870286] (-) TimerEvent: {}
[214.970793] (-) TimerEvent: {}
[215.071288] (-) TimerEvent: {}
[215.171911] (-) TimerEvent: {}
[215.277533] (-) TimerEvent: {}
[215.378004] (-) TimerEvent: {}
[215.478572] (-) TimerEvent: {}
[215.579137] (-) TimerEvent: {}
[215.682286] (-) TimerEvent: {}
[215.782864] (-) TimerEvent: {}
[215.883463] (-) TimerEvent: {}
[215.983950] (-) TimerEvent: {}
[216.084451] (-) TimerEvent: {}
[216.189178] (-) TimerEvent: {}
[216.289665] (-) TimerEvent: {}
[216.390209] (-) TimerEvent: {}
[216.481209] (libcamera) StdoutLine: {'line': b'[162/264] Compiling C++ object src/ipa/libipa/libipa.a.p/module.cpp.o\x1b[K\n'}
[216.483509] (libcamera) StdoutLine: {'line': b'[163/264] Compiling C++ object src/ipa/libipa/libipa.a.p/interpolator.cpp.o\x1b[K\n'}
[216.490950] (-) TimerEvent: {}
[216.592687] (-) TimerEvent: {}
[216.696266] (-) TimerEvent: {}
[216.800138] (-) TimerEvent: {}
[216.900677] (-) TimerEvent: {}
[217.003504] (-) TimerEvent: {}
[217.103947] (-) TimerEvent: {}
[217.209225] (-) TimerEvent: {}
[217.309670] (-) TimerEvent: {}
[217.410200] (-) TimerEvent: {}
[217.510712] (-) TimerEvent: {}
[217.613293] (-) TimerEvent: {}
[217.713801] (-) TimerEvent: {}
[217.816565] (-) TimerEvent: {}
[217.866204] (libcamera) StdoutLine: {'line': b'[163/264] Compiling C++ object src/ipa/libipa/libipa.a.p/pwl.cpp.o\x1b[K\n'}
[217.868739] (libcamera) StdoutLine: {'line': b'[164/264] Compiling C++ object src/ipa/libipa/libipa.a.p/fixedpoint.cpp.o\x1b[K\n'}
[217.921506] (-) TimerEvent: {}
[218.022034] (-) TimerEvent: {}
[218.098376] (libcamera) StdoutLine: {'line': b'[164/264] Compiling C++ object src/ipa/libipa/libipa.a.p/quantized.cpp.o\x1b[K\n'}
[218.101377] (libcamera) StdoutLine: {'line': b'[165/264] Compiling C++ object src/ipa/libipa/libipa.a.p/histogram.cpp.o\x1b[K\n'}
[218.123290] (-) TimerEvent: {}
[218.227328] (-) TimerEvent: {}
[218.327886] (-) TimerEvent: {}
[218.428475] (-) TimerEvent: {}
[218.530204] (-) TimerEvent: {}
[218.635274] (-) TimerEvent: {}
[218.738270] (-) TimerEvent: {}
[218.841280] (-) TimerEvent: {}
[218.941798] (-) TimerEvent: {}
[219.042281] (-) TimerEvent: {}
[219.142779] (-) TimerEvent: {}
[219.243307] (-) TimerEvent: {}
[219.343824] (-) TimerEvent: {}
[219.444370] (-) TimerEvent: {}
[219.547323] (-) TimerEvent: {}
[219.647941] (-) TimerEvent: {}
[219.748537] (-) TimerEvent: {}
[219.833383] (libcamera) StdoutLine: {'line': b'[165/264] Compiling C++ object src/ipa/libipa/libipa.a.p/v4l2_params.cpp.o\x1b[K\n'}
[219.836582] (libcamera) StdoutLine: {'line': b'[166/264] Compiling C++ object src/ipa/libipa/libipa.a.p/lsc_polynomial.cpp.o\x1b[K\n'}
[219.851043] (-) TimerEvent: {}
[219.951567] (-) TimerEvent: {}
[220.054297] (-) TimerEvent: {}
[220.154777] (-) TimerEvent: {}
[220.255267] (-) TimerEvent: {}
[220.359272] (-) TimerEvent: {}
[220.459996] (-) TimerEvent: {}
[220.560476] (-) TimerEvent: {}
[220.663285] (-) TimerEvent: {}
[220.763868] (-) TimerEvent: {}
[220.864405] (-) TimerEvent: {}
[220.964924] (-) TimerEvent: {}
[221.067509] (-) TimerEvent: {}
[221.173049] (-) TimerEvent: {}
[221.273570] (-) TimerEvent: {}
[221.374131] (-) TimerEvent: {}
[221.398587] (libcamera) StdoutLine: {'line': b'[166/264] Compiling C++ object src/ipa/rpi/cam_helper/librpi_ipa_cam_helper.a.p/cam_helper.cpp.o\x1b[K\n'}
[221.399068] (libcamera) StdoutLine: {'line': b'[167/264] Compiling C++ object src/ipa/libipa/libipa.a.p/module.cpp.o\x1b[K\n'}
[221.476257] (-) TimerEvent: {}
[221.576697] (-) TimerEvent: {}
[221.680548] (-) TimerEvent: {}
[221.781697] (-) TimerEvent: {}
[221.884544] (-) TimerEvent: {}
[221.991277] (-) TimerEvent: {}
[222.091773] (-) TimerEvent: {}
[222.192268] (-) TimerEvent: {}
[222.292728] (-) TimerEvent: {}
[222.393265] (-) TimerEvent: {}
[222.503280] (-) TimerEvent: {}
[222.603806] (-) TimerEvent: {}
[222.704324] (-) TimerEvent: {}
[222.747185] (libcamera) StdoutLine: {'line': b'[167/264] Compiling C++ object src/ipa/rpi/cam_helper/librpi_ipa_cam_helper.a.p/cam_helper_ov5647.cpp.o\x1b[K\n'}
[222.749607] (libcamera) StdoutLine: {'line': b'[168/264] Compiling C++ object src/ipa/libipa/libipa.a.p/lux.cpp.o\x1b[K\n'}
[222.813279] (-) TimerEvent: {}
[222.913728] (-) TimerEvent: {}
[223.014223] (-) TimerEvent: {}
[223.117274] (-) TimerEvent: {}
[223.217794] (-) TimerEvent: {}
[223.318298] (-) TimerEvent: {}
[223.421280] (-) TimerEvent: {}
[223.521769] (-) TimerEvent: {}
[223.622267] (-) TimerEvent: {}
[223.722749] (-) TimerEvent: {}
[223.827530] (-) TimerEvent: {}
[223.928013] (-) TimerEvent: {}
[224.033268] (-) TimerEvent: {}
[224.133713] (-) TimerEvent: {}
[224.237277] (-) TimerEvent: {}
[224.337751] (-) TimerEvent: {}
[224.443269] (-) TimerEvent: {}
[224.543747] (-) TimerEvent: {}
[224.644219] (-) TimerEvent: {}
[224.744687] (-) TimerEvent: {}
[224.845202] (-) TimerEvent: {}
[224.913757] (libcamera) StdoutLine: {'line': b'[168/264] Compiling C++ object src/ipa/rpi/cam_helper/librpi_ipa_cam_helper.a.p/cam_helper_imx219.cpp.o\x1b[K\n'}
[224.921710] (libcamera) StdoutLine: {'line': b'[169/264] Compiling C++ object src/ipa/libipa/libipa.a.p/quantized.cpp.o\x1b[K\n'}
[224.948276] (-) TimerEvent: {}
[225.048786] (-) TimerEvent: {}
[225.149270] (-) TimerEvent: {}
[225.249733] (-) TimerEvent: {}
[225.350262] (-) TimerEvent: {}
[225.453636] (-) TimerEvent: {}
[225.556264] (-) TimerEvent: {}
[225.656725] (-) TimerEvent: {}
[225.757145] (-) TimerEvent: {}
[225.857644] (-) TimerEvent: {}
[225.960279] (-) TimerEvent: {}
[226.023291] (libcamera) StdoutLine: {'line': b'[169/264] Compiling C++ object src/ipa/rpi/cam_helper/librpi_ipa_cam_helper.a.p/cam_helper_imx283.cpp.o\x1b[K\n'}
[226.023807] (libcamera) StdoutLine: {'line': b'[170/264] Compiling C++ object src/ipa/rpi/cam_helper/librpi_ipa_cam_helper.a.p/cam_helper.cpp.o\x1b[K\n'}
[226.063312] (-) TimerEvent: {}
[226.164006] (-) TimerEvent: {}
[226.264620] (-) TimerEvent: {}
[226.369363] (-) TimerEvent: {}
[226.471335] (-) TimerEvent: {}
[226.524300] (libcamera) StdoutLine: {'line': b'[170/264] Compiling C++ object src/ipa/rpi/cam_helper/librpi_ipa_cam_helper.a.p/cam_helper_imx290.cpp.o\x1b[K\n'}
[226.530365] (libcamera) StdoutLine: {'line': b'[171/264] Compiling C++ object src/ipa/libipa/libipa.a.p/v4l2_params.cpp.o\x1b[K\n'}
[226.572429] (-) TimerEvent: {}
[226.678316] (-) TimerEvent: {}
[226.757899] (libcamera) StdoutLine: {'line': b'[171/264] Compiling C++ object src/ipa/rpi/cam_helper/librpi_ipa_cam_helper.a.p/cam_helper_imx296.cpp.o\x1b[K\n'}
[226.763371] (libcamera) StdoutLine: {'line': b'[172/264] Compiling C++ object src/ipa/libipa/libipa.a.p/pwl.cpp.o\x1b[K\n'}
[226.778612] (-) TimerEvent: {}
[226.805478] (libcamera) StdoutLine: {'line': b'[172/264] Linking static target src/ipa/libipa/libipa.a\x1b[K\n'}
[226.806594] (libcamera) StdoutLine: {'line': b'[173/264] Linking static target src/ipa/libipa/libipa.a\x1b[K\n'}
[226.883287] (-) TimerEvent: {}
[226.987234] (-) TimerEvent: {}
[227.090297] (-) TimerEvent: {}
[227.190797] (-) TimerEvent: {}
[227.291434] (-) TimerEvent: {}
[227.392543] (-) TimerEvent: {}
[227.495568] (-) TimerEvent: {}
[227.596120] (-) TimerEvent: {}
[227.696654] (-) TimerEvent: {}
[227.797171] (-) TimerEvent: {}
[227.901512] (-) TimerEvent: {}
[228.002046] (-) TimerEvent: {}
[228.102618] (-) TimerEvent: {}
[228.204496] (-) TimerEvent: {}
[228.308537] (-) TimerEvent: {}
[228.409032] (-) TimerEvent: {}
[228.516265] (-) TimerEvent: {}
[228.616679] (-) TimerEvent: {}
[228.717145] (-) TimerEvent: {}
[228.817678] (-) TimerEvent: {}
[228.918136] (-) TimerEvent: {}
[229.018623] (-) TimerEvent: {}
[229.123270] (-) TimerEvent: {}
[229.223854] (-) TimerEvent: {}
[229.327394] (-) TimerEvent: {}
[229.430369] (-) TimerEvent: {}
[229.530848] (-) TimerEvent: {}
[229.634395] (-) TimerEvent: {}
[229.735511] (-) TimerEvent: {}
[229.841258] (-) TimerEvent: {}
[229.941700] (-) TimerEvent: {}
[230.042240] (-) TimerEvent: {}
[230.142723] (-) TimerEvent: {}
[230.244260] (-) TimerEvent: {}
[230.344733] (-) TimerEvent: {}
[230.447270] (-) TimerEvent: {}
[230.549501] (-) TimerEvent: {}
[230.594350] (libcamera) StdoutLine: {'line': b'[173/264] Compiling C++ object src/ipa/rpi/cam_helper/librpi_ipa_cam_helper.a.p/cam_helper_imx415.cpp.o\x1b[K\n'}
[230.594844] (libcamera) StdoutLine: {'line': b'[174/264] Compiling C++ object src/ipa/rpi/cam_helper/librpi_ipa_cam_helper.a.p/cam_helper_ov5647.cpp.o\x1b[K\n'}
[230.652268] (-) TimerEvent: {}
[230.752705] (-) TimerEvent: {}
[230.853271] (-) TimerEvent: {}
[230.956275] (-) TimerEvent: {}
[231.044401] (libcamera) StdoutLine: {'line': b'[174/264] Compiling C++ object src/ipa/rpi/cam_helper/librpi_ipa_cam_helper.a.p/cam_helper_imx477.cpp.o\x1b[K\n'}
[231.047298] (libcamera) StdoutLine: {'line': b'[175/264] Compiling C++ object src/ipa/rpi/cam_helper/librpi_ipa_cam_helper.a.p/cam_helper_imx283.cpp.o\x1b[K\n'}
[231.060277] (-) TimerEvent: {}
[231.142389] (libcamera) StdoutLine: {'line': b'[175/264] Compiling C++ object src/ipa/rpi/cam_helper/librpi_ipa_cam_helper.a.p/cam_helper_imx500.cpp.o\x1b[K\n'}
[231.145408] (libcamera) StdoutLine: {'line': b'[176/264] Compiling C++ object src/ipa/rpi/cam_helper/librpi_ipa_cam_helper.a.p/cam_helper_imx219.cpp.o\x1b[K\n'}
[231.160407] (-) TimerEvent: {}
[231.266286] (-) TimerEvent: {}
[231.366714] (-) TimerEvent: {}
[231.467223] (-) TimerEvent: {}
[231.567649] (-) TimerEvent: {}
[231.670545] (-) TimerEvent: {}
[231.772341] (-) TimerEvent: {}
[231.872918] (-) TimerEvent: {}
[231.954240] (libcamera) StdoutLine: {'line': b'[176/264] Compiling C++ object src/ipa/rpi/cam_helper/librpi_ipa_cam_helper.a.p/cam_helper_imx519.cpp.o\x1b[K\n'}
[231.954702] (libcamera) StdoutLine: {'line': b'[177/264] Compiling C++ object src/ipa/rpi/cam_helper/librpi_ipa_cam_helper.a.p/cam_helper_imx290.cpp.o\x1b[K\n'}
[231.977314] (-) TimerEvent: {}
[232.077805] (-) TimerEvent: {}
[232.178282] (-) TimerEvent: {}
[232.278793] (-) TimerEvent: {}
[232.379368] (-) TimerEvent: {}
[232.482281] (-) TimerEvent: {}
[232.582758] (-) TimerEvent: {}
[232.688252] (-) TimerEvent: {}
[232.788718] (-) TimerEvent: {}
[232.889236] (-) TimerEvent: {}
[232.992278] (-) TimerEvent: {}
[233.092803] (-) TimerEvent: {}
[233.193286] (-) TimerEvent: {}
[233.296284] (-) TimerEvent: {}
[233.396800] (-) TimerEvent: {}
[233.497392] (-) TimerEvent: {}
[233.600276] (-) TimerEvent: {}
[233.703288] (-) TimerEvent: {}
[233.803839] (-) TimerEvent: {}
[233.904432] (-) TimerEvent: {}
[234.008558] (-) TimerEvent: {}
[234.111293] (-) TimerEvent: {}
[234.211834] (-) TimerEvent: {}
[234.315263] (-) TimerEvent: {}
[234.415750] (-) TimerEvent: {}
[234.516273] (-) TimerEvent: {}
[234.619053] (-) TimerEvent: {}
[234.719532] (-) TimerEvent: {}
[234.823542] (-) TimerEvent: {}
[234.926264] (-) TimerEvent: {}
[235.029500] (-) TimerEvent: {}
[235.129973] (-) TimerEvent: {}
[235.234429] (-) TimerEvent: {}
[235.334934] (-) TimerEvent: {}
[235.444284] (-) TimerEvent: {}
[235.547269] (-) TimerEvent: {}
[235.647700] (-) TimerEvent: {}
[235.748871] (-) TimerEvent: {}
[235.776752] (libcamera) StdoutLine: {'line': b'[177/264] Compiling C++ object src/ipa/rpi/cam_helper/librpi_ipa_cam_helper.a.p/cam_helper_imx708.cpp.o\x1b[K\n'}
[235.781750] (libcamera) StdoutLine: {'line': b'[178/264] Compiling C++ object src/ipa/rpi/cam_helper/librpi_ipa_cam_helper.a.p/cam_helper_imx296.cpp.o\x1b[K\n'}
[235.783089] (libcamera) StdoutLine: {'line': b'[178/264] Compiling C++ object src/ipa/rpi/cam_helper/librpi_ipa_cam_helper.a.p/cam_helper_ov64a40.cpp.o\x1b[K\n'}
[235.785480] (libcamera) StdoutLine: {'line': b'[179/264] Compiling C++ object src/ipa/rpi/cam_helper/librpi_ipa_cam_helper.a.p/cam_helper_imx415.cpp.o\x1b[K\n'}
[235.850270] (-) TimerEvent: {}
[235.952293] (-) TimerEvent: {}
[236.052815] (-) TimerEvent: {}
[236.159214] (-) TimerEvent: {}
[236.269272] (-) TimerEvent: {}
[236.369828] (-) TimerEvent: {}
[236.470288] (-) TimerEvent: {}
[236.572278] (-) TimerEvent: {}
[236.675272] (-) TimerEvent: {}
[236.775747] (-) TimerEvent: {}
[236.876242] (-) TimerEvent: {}
[236.979513] (-) TimerEvent: {}
[237.080011] (-) TimerEvent: {}
[237.182269] (-) TimerEvent: {}
[237.291254] (-) TimerEvent: {}
[237.391711] (-) TimerEvent: {}
[237.494583] (-) TimerEvent: {}
[237.595062] (-) TimerEvent: {}
[237.698520] (-) TimerEvent: {}
[237.801263] (-) TimerEvent: {}
[237.901758] (-) TimerEvent: {}
[238.002277] (-) TimerEvent: {}
[238.105444] (-) TimerEvent: {}
[238.205963] (-) TimerEvent: {}
[238.306460] (-) TimerEvent: {}
[238.406879] (-) TimerEvent: {}
[238.512238] (-) TimerEvent: {}
[238.618586] (-) TimerEvent: {}
[238.681119] (libcamera) StdoutLine: {'line': b'[179/264] Compiling C++ object src/ipa/rpi/cam_helper/librpi_ipa_cam_helper.a.p/cam_helper_ov7251.cpp.o\x1b[K\n'}
[238.681582] (libcamera) StdoutLine: {'line': b'[180/264] Compiling C++ object src/ipa/rpi/cam_helper/librpi_ipa_cam_helper.a.p/cam_helper_imx477.cpp.o\x1b[K\n'}
[238.723255] (-) TimerEvent: {}
[238.823692] (-) TimerEvent: {}
[238.927125] (-) TimerEvent: {}
[239.030270] (-) TimerEvent: {}
[239.130724] (-) TimerEvent: {}
[239.231211] (-) TimerEvent: {}
[239.337849] (-) TimerEvent: {}
[239.450504] (-) TimerEvent: {}
[239.550933] (-) TimerEvent: {}
[239.653738] (-) TimerEvent: {}
[239.756530] (-) TimerEvent: {}
[239.857009] (-) TimerEvent: {}
[239.957452] (-) TimerEvent: {}
[240.063910] (-) TimerEvent: {}
[240.169953] (-) TimerEvent: {}
[240.281276] (-) TimerEvent: {}
[240.381692] (-) TimerEvent: {}
[240.482213] (-) TimerEvent: {}
[240.584265] (-) TimerEvent: {}
[240.687263] (-) TimerEvent: {}
[240.788022] (-) TimerEvent: {}
[240.888533] (-) TimerEvent: {}
[240.988977] (-) TimerEvent: {}
[241.092262] (-) TimerEvent: {}
[241.195700] (-) TimerEvent: {}
[241.298267] (-) TimerEvent: {}
[241.398720] (-) TimerEvent: {}
[241.499215] (-) TimerEvent: {}
[241.540405] (libcamera) StdoutLine: {'line': b'[180/264] Compiling C++ object src/ipa/rpi/cam_helper/librpi_ipa_cam_helper.a.p/cam_helper_ov9281.cpp.o\x1b[K\n'}
[241.544416] (libcamera) StdoutLine: {'line': b'[181/264] Compiling C++ object src/ipa/rpi/cam_helper/librpi_ipa_cam_helper.a.p/cam_helper_imx500.cpp.o\x1b[K\n'}
[241.602282] (-) TimerEvent: {}
[241.711286] (-) TimerEvent: {}
[241.811789] (-) TimerEvent: {}
[241.912313] (-) TimerEvent: {}
[242.017858] (-) TimerEvent: {}
[242.056692] (libcamera) StdoutLine: {'line': b'[181/264] Compiling C++ object src/ipa/rpi/cam_helper/librpi_ipa_cam_helper.a.p/cam_helper_vd55g1.cpp.o\x1b[K\n'}
[242.057213] (libcamera) StdoutLine: {'line': b'[182/264] Compiling C++ object src/ipa/rpi/cam_helper/librpi_ipa_cam_helper.a.p/cam_helper_imx519.cpp.o\x1b[K\n'}
[242.118045] (-) TimerEvent: {}
[242.218637] (-) TimerEvent: {}
[242.319333] (-) TimerEvent: {}
[242.425193] (-) TimerEvent: {}
[242.525777] (-) TimerEvent: {}
[242.629262] (-) TimerEvent: {}
[242.729751] (-) TimerEvent: {}
[242.832505] (-) TimerEvent: {}
[242.932909] (-) TimerEvent: {}
[243.041274] (-) TimerEvent: {}
[243.076118] (libcamera) StdoutLine: {'line': b'[182/264] Compiling C++ object src/ipa/rpi/cam_helper/librpi_ipa_cam_helper.a.p/cam_helper_vd56g3.cpp.o\x1b[K\n'}
[243.080303] (libcamera) StdoutLine: {'line': b'[183/264] Compiling C++ object src/ipa/rpi/cam_helper/librpi_ipa_cam_helper.a.p/cam_helper_ov7251.cpp.o\x1b[K\n'}
[243.143271] (-) TimerEvent: {}
[243.230819] (libcamera) StdoutLine: {'line': b'[183/264] Compiling C++ object src/ipa/rpi/cam_helper/librpi_ipa_cam_helper.a.p/md_parser_smia.cpp.o\x1b[K\n'}
[243.231378] (libcamera) StdoutLine: {'line': b'[184/264] Compiling C++ object src/ipa/rpi/cam_helper/librpi_ipa_cam_helper.a.p/cam_helper_ov9281.cpp.o\x1b[K\n'}
[243.243996] (-) TimerEvent: {}
[243.348356] (-) TimerEvent: {}
[243.451306] (-) TimerEvent: {}
[243.554247] (-) TimerEvent: {}
[243.654707] (-) TimerEvent: {}
[243.755107] (-) TimerEvent: {}
[243.855575] (-) TimerEvent: {}
[243.962364] (-) TimerEvent: {}
[244.063084] (-) TimerEvent: {}
[244.085232] (libcamera) StdoutLine: {'line': b'[184/264] Compiling C++ object src/ipa/rpi/cam_helper/librpi_ipa_cam_helper.a.p/imx500_tensor_parser_imx500_tensor_parser.cpp.o\x1b[K\n'}
[244.085929] (libcamera) StdoutLine: {'line': b'[185/264] Compiling C++ object src/ipa/rpi/cam_helper/librpi_ipa_cam_helper.a.p/cam_helper_imx708.cpp.o\x1b[K\n'}
[244.163409] (libcamera) StdoutLine: {'line': b'[185/264] Compiling C++ object src/ipa/rpi/common/librpi_ipa_common.a.p/ipa_base.cpp.o\x1b[K\n'}
[244.166468] (-) TimerEvent: {}
[244.166764] (libcamera) StdoutLine: {'line': b'[186/264] Compiling C++ object src/ipa/rpi/cam_helper/librpi_ipa_cam_helper.a.p/cam_helper_ov64a40.cpp.o\x1b[K\n'}
[244.266622] (-) TimerEvent: {}
[244.371282] (-) TimerEvent: {}
[244.471830] (-) TimerEvent: {}
[244.575593] (-) TimerEvent: {}
[244.681296] (-) TimerEvent: {}
[244.781870] (-) TimerEvent: {}
[244.882439] (-) TimerEvent: {}
[244.986261] (-) TimerEvent: {}
[245.086806] (-) TimerEvent: {}
[245.188294] (-) TimerEvent: {}
[245.288935] (-) TimerEvent: {}
[245.392231] (-) TimerEvent: {}
[245.492730] (-) TimerEvent: {}
[245.596291] (-) TimerEvent: {}
[245.701528] (-) TimerEvent: {}
[245.802015] (-) TimerEvent: {}
[245.905523] (-) TimerEvent: {}
[246.008326] (-) TimerEvent: {}
[246.111286] (-) TimerEvent: {}
[246.214275] (-) TimerEvent: {}
[246.314813] (-) TimerEvent: {}
[246.417263] (-) TimerEvent: {}
[246.517744] (-) TimerEvent: {}
[246.619600] (-) TimerEvent: {}
[246.724266] (-) TimerEvent: {}
[246.824774] (-) TimerEvent: {}
[246.925260] (-) TimerEvent: {}
[247.025666] (-) TimerEvent: {}
[247.128274] (-) TimerEvent: {}
[247.230265] (-) TimerEvent: {}
[247.333269] (-) TimerEvent: {}
[247.433704] (-) TimerEvent: {}
[247.534227] (-) TimerEvent: {}
[247.634685] (-) TimerEvent: {}
[247.735116] (-) TimerEvent: {}
[247.835577] (-) TimerEvent: {}
[247.936037] (-) TimerEvent: {}
[248.036461] (-) TimerEvent: {}
[248.141266] (-) TimerEvent: {}
[248.241720] (-) TimerEvent: {}
[248.342177] (-) TimerEvent: {}
[248.445274] (-) TimerEvent: {}
[248.477699] (libcamera) StdoutLine: {'line': b'[186/264] Compiling C++ object src/ipa/rpi/controller/librpi_ipa_controller.a.p/algorithm.cpp.o\x1b[K\n'}
[248.478206] (libcamera) StdoutLine: {'line': b'[187/264] Compiling C++ object src/ipa/rpi/cam_helper/librpi_ipa_cam_helper.a.p/cam_helper_vd56g3.cpp.o\x1b[K\n'}
[248.545434] (-) TimerEvent: {}
[248.651925] (-) TimerEvent: {}
[248.752535] (-) TimerEvent: {}
[248.855274] (-) TimerEvent: {}
[248.957291] (-) TimerEvent: {}
[249.057739] (-) TimerEvent: {}
[249.159270] (-) TimerEvent: {}
[249.259731] (-) TimerEvent: {}
[249.360172] (-) TimerEvent: {}
[249.465468] (-) TimerEvent: {}
[249.565965] (-) TimerEvent: {}
[249.666514] (-) TimerEvent: {}
[249.771232] (-) TimerEvent: {}
[249.874258] (-) TimerEvent: {}
[249.974715] (-) TimerEvent: {}
[250.006867] (libcamera) StdoutLine: {'line': b'[187/264] Compiling C++ object src/ipa/rpi/controller/librpi_ipa_controller.a.p/controller.cpp.o\x1b[K\n'}
[250.014363] (libcamera) StdoutLine: {'line': b'[188/264] Compiling C++ object src/ipa/rpi/controller/librpi_ipa_controller.a.p/algorithm.cpp.o\x1b[K\n'}
[250.076266] (-) TimerEvent: {}
[250.182733] (-) TimerEvent: {}
[250.283455] (-) TimerEvent: {}
[250.385488] (-) TimerEvent: {}
[250.488501] (-) TimerEvent: {}
[250.592540] (-) TimerEvent: {}
[250.693033] (-) TimerEvent: {}
[250.798260] (-) TimerEvent: {}
[250.898738] (-) TimerEvent: {}
[251.001301] (-) TimerEvent: {}
[251.068620] (libcamera) StdoutLine: {'line': b'[188/264] Compiling C++ object src/ipa/rpi/controller/librpi_ipa_controller.a.p/device_status.cpp.o\x1b[K\n'}
[251.073672] (libcamera) StdoutLine: {'line': b'[189/264] Compiling C++ object src/ipa/rpi/cam_helper/librpi_ipa_cam_helper.a.p/cam_helper_vd55g1.cpp.o\x1b[K\n'}
[251.102445] (-) TimerEvent: {}
[251.206293] (-) TimerEvent: {}
[251.306990] (-) TimerEvent: {}
[251.409309] (-) TimerEvent: {}
[251.511312] (-) TimerEvent: {}
[251.611893] (-) TimerEvent: {}
[251.719529] (-) TimerEvent: {}
[251.822547] (-) TimerEvent: {}
[251.929011] (-) TimerEvent: {}
[252.029490] (-) TimerEvent: {}
[252.130010] (-) TimerEvent: {}
[252.230519] (-) TimerEvent: {}
[252.238313] (libcamera) StdoutLine: {'line': b'[189/264] Compiling C++ object src/ipa/rpi/controller/librpi_ipa_controller.a.p/histogram.cpp.o\x1b[K\n'}
[252.238921] (libcamera) StdoutLine: {'line': b'[190/264] Compiling C++ object src/ipa/rpi/cam_helper/librpi_ipa_cam_helper.a.p/md_parser_smia.cpp.o\x1b[K\n'}
[252.332301] (-) TimerEvent: {}
[252.435258] (-) TimerEvent: {}
[252.535713] (-) TimerEvent: {}
[252.639263] (-) TimerEvent: {}
[252.739701] (-) TimerEvent: {}
[252.842490] (-) TimerEvent: {}
[252.867622] (libcamera) StdoutLine: {'line': b'[190/264] Compiling C++ object src/ipa/rpi/controller/librpi_ipa_controller.a.p/rpi_af.cpp.o\x1b[K\n'}
[252.868089] (libcamera) StdoutLine: {'line': b'[191/264] Compiling C++ object src/ipa/rpi/controller/librpi_ipa_controller.a.p/histogram.cpp.o\x1b[K\n'}
[252.944274] (-) TimerEvent: {}
[253.044837] (-) TimerEvent: {}
[253.148270] (-) TimerEvent: {}
[253.252583] (-) TimerEvent: {}
[253.355492] (-) TimerEvent: {}
[253.456027] (-) TimerEvent: {}
[253.559322] (-) TimerEvent: {}
[253.659816] (-) TimerEvent: {}
[253.760271] (-) TimerEvent: {}
[253.863557] (-) TimerEvent: {}
[253.966481] (-) TimerEvent: {}
[254.066922] (-) TimerEvent: {}
[254.170468] (-) TimerEvent: {}
[254.240725] (libcamera) StdoutLine: {'line': b'[191/264] Compiling C++ object src/ipa/rpi/controller/librpi_ipa_controller.a.p/rpi_agc.cpp.o\x1b[K\n'}
[254.241254] (libcamera) StdoutLine: {'line': b'[192/264] Compiling C++ object src/ipa/rpi/controller/librpi_ipa_controller.a.p/controller.cpp.o\x1b[K\n'}
[254.270636] (-) TimerEvent: {}
[254.371289] (-) TimerEvent: {}
[254.475288] (-) TimerEvent: {}
[254.575754] (-) TimerEvent: {}
[254.679265] (-) TimerEvent: {}
[254.782264] (-) TimerEvent: {}
[254.882730] (-) TimerEvent: {}
[254.983192] (-) TimerEvent: {}
[255.083685] (-) TimerEvent: {}
[255.185318] (-) TimerEvent: {}
[255.288082] (-) TimerEvent: {}
[255.388605] (-) TimerEvent: {}
[255.490288] (-) TimerEvent: {}
[255.590769] (-) TimerEvent: {}
[255.698308] (-) TimerEvent: {}
[255.798858] (-) TimerEvent: {}
[255.899382] (-) TimerEvent: {}
[256.002535] (-) TimerEvent: {}
[256.106716] (-) TimerEvent: {}
[256.207178] (-) TimerEvent: {}
[256.311606] (-) TimerEvent: {}
[256.416263] (-) TimerEvent: {}
[256.517307] (-) TimerEvent: {}
[256.620265] (-) TimerEvent: {}
[256.720714] (-) TimerEvent: {}
[256.761666] (libcamera) StdoutLine: {'line': b'[192/264] Compiling C++ object src/ipa/rpi/controller/librpi_ipa_controller.a.p/rpi_agc_channel.cpp.o\x1b[K\n'}
[256.762146] (libcamera) StdoutLine: {'line': b'[193/264] Compiling C++ object src/ipa/rpi/controller/librpi_ipa_controller.a.p/device_status.cpp.o\x1b[K\n'}
[256.820862] (-) TimerEvent: {}
[256.924234] (-) TimerEvent: {}
[257.024679] (-) TimerEvent: {}
[257.125240] (-) TimerEvent: {}
[257.231266] (-) TimerEvent: {}
[257.331786] (-) TimerEvent: {}
[257.432365] (-) TimerEvent: {}
[257.534262] (-) TimerEvent: {}
[257.634700] (-) TimerEvent: {}
[257.735144] (-) TimerEvent: {}
[257.843039] (-) TimerEvent: {}
[257.949516] (-) TimerEvent: {}
[258.050000] (-) TimerEvent: {}
[258.150515] (-) TimerEvent: {}
[258.252317] (-) TimerEvent: {}
[258.352800] (-) TimerEvent: {}
[258.457278] (-) TimerEvent: {}
[258.557729] (-) TimerEvent: {}
[258.658240] (-) TimerEvent: {}
[258.761260] (-) TimerEvent: {}
[258.861699] (-) TimerEvent: {}
[258.962171] (-) TimerEvent: {}
[259.062634] (-) TimerEvent: {}
[259.167275] (-) TimerEvent: {}
[259.267713] (-) TimerEvent: {}
[259.368177] (-) TimerEvent: {}
[259.468661] (-) TimerEvent: {}
[259.569235] (-) TimerEvent: {}
[259.672271] (-) TimerEvent: {}
[259.772730] (-) TimerEvent: {}
[259.873225] (-) TimerEvent: {}
[259.976275] (-) TimerEvent: {}
[260.076774] (-) TimerEvent: {}
[260.177279] (-) TimerEvent: {}
[260.277783] (-) TimerEvent: {}
[260.380287] (-) TimerEvent: {}
[260.480853] (-) TimerEvent: {}
[260.586262] (-) TimerEvent: {}
[260.689309] (-) TimerEvent: {}
[260.789834] (-) TimerEvent: {}
[260.890277] (-) TimerEvent: {}
[260.990746] (-) TimerEvent: {}
[261.091243] (-) TimerEvent: {}
[261.193269] (-) TimerEvent: {}
[261.199489] (libcamera) StdoutLine: {'line': b'[193/264] Compiling C++ object src/ipa/rpi/controller/librpi_ipa_controller.a.p/rpi_alsc.cpp.o\x1b[K\n'}
[261.199907] (libcamera) StdoutLine: {'line': b'[194/264] Compiling C++ object src/ipa/rpi/controller/librpi_ipa_controller.a.p/rpi_af.cpp.o\x1b[K\n'}
[261.293409] (-) TimerEvent: {}
[261.395678] (-) TimerEvent: {}
[261.496101] (-) TimerEvent: {}
[261.596551] (-) TimerEvent: {}
[261.697651] (-) TimerEvent: {}
[261.800504] (-) TimerEvent: {}
[261.841498] (libcamera) StdoutLine: {'line': b'[194/264] Compiling C++ object src/ipa/rpi/controller/librpi_ipa_controller.a.p/rpi_awb.cpp.o\x1b[K\n'}
[261.842575] (libcamera) StdoutLine: {'line': b'[195/264] Compiling C++ object src/ipa/rpi/cam_helper/librpi_ipa_cam_helper.a.p/imx500_tensor_parser_imx500_tensor_parser.cpp.o\x1b[K\n'}
[261.882483] (libcamera) StdoutLine: {'line': b'[195/264] Linking static target src/ipa/rpi/cam_helper/librpi_ipa_cam_helper.a\x1b[K\n'}
[261.883248] (libcamera) StdoutLine: {'line': b'[196/264] Linking static target src/ipa/rpi/cam_helper/librpi_ipa_cam_helper.a\x1b[K\n'}
[261.901321] (-) TimerEvent: {}
[262.001876] (-) TimerEvent: {}
[262.103324] (-) TimerEvent: {}
[262.207274] (-) TimerEvent: {}
[262.310420] (-) TimerEvent: {}
[262.415318] (-) TimerEvent: {}
[262.515796] (-) TimerEvent: {}
[262.619204] (-) TimerEvent: {}
[262.719753] (-) TimerEvent: {}
[262.823284] (-) TimerEvent: {}
[262.926579] (-) TimerEvent: {}
[263.027048] (-) TimerEvent: {}
[263.127542] (-) TimerEvent: {}
[263.228649] (-) TimerEvent: {}
[263.331549] (-) TimerEvent: {}
[263.432039] (-) TimerEvent: {}
[263.532562] (-) TimerEvent: {}
[263.637529] (-) TimerEvent: {}
[263.738110] (-) TimerEvent: {}
[263.841284] (-) TimerEvent: {}
[263.941898] (-) TimerEvent: {}
[264.045278] (-) TimerEvent: {}
[264.145817] (-) TimerEvent: {}
[264.246348] (-) TimerEvent: {}
[264.346828] (-) TimerEvent: {}
[264.442789] (libcamera) StdoutLine: {'line': b'[196/264] Compiling C++ object src/ipa/rpi/controller/librpi_ipa_controller.a.p/rpi_awb_bayes.cpp.o\x1b[K\n'}
[264.444433] (libcamera) StdoutLine: {'line': b'[197/264] Compiling C++ object src/ipa/rpi/controller/librpi_ipa_controller.a.p/rpi_agc.cpp.o\x1b[K\n'}
[264.447400] (-) TimerEvent: {}
[264.547905] (-) TimerEvent: {}
[264.653302] (-) TimerEvent: {}
[264.757083] (-) TimerEvent: {}
[264.857599] (-) TimerEvent: {}
[264.958186] (-) TimerEvent: {}
[265.062451] (-) TimerEvent: {}
[265.162946] (-) TimerEvent: {}
[265.267763] (-) TimerEvent: {}
[265.368253] (-) TimerEvent: {}
[265.468749] (-) TimerEvent: {}
[265.574285] (-) TimerEvent: {}
[265.674811] (-) TimerEvent: {}
[265.777942] (-) TimerEvent: {}
[265.883265] (-) TimerEvent: {}
[265.986277] (-) TimerEvent: {}
[266.089226] (-) TimerEvent: {}
[266.189758] (-) TimerEvent: {}
[266.290279] (-) TimerEvent: {}
[266.394583] (-) TimerEvent: {}
[266.497305] (-) TimerEvent: {}
[266.600259] (-) TimerEvent: {}
[266.701366] (-) TimerEvent: {}
[266.801888] (-) TimerEvent: {}
[266.902392] (-) TimerEvent: {}
[267.006554] (-) TimerEvent: {}
[267.109278] (-) TimerEvent: {}
[267.209720] (-) TimerEvent: {}
[267.312268] (-) TimerEvent: {}
[267.414291] (-) TimerEvent: {}
[267.514731] (-) TimerEvent: {}
[267.615221] (-) TimerEvent: {}
[267.718378] (-) TimerEvent: {}
[267.818869] (-) TimerEvent: {}
[267.922613] (-) TimerEvent: {}
[268.023114] (-) TimerEvent: {}
[268.127211] (-) TimerEvent: {}
[268.231262] (-) TimerEvent: {}
[268.333265] (-) TimerEvent: {}
[268.433695] (-) TimerEvent: {}
[268.538277] (-) TimerEvent: {}
[268.593762] (libcamera) StdoutLine: {'line': b'[197/264] Compiling C++ object src/ipa/rpi/controller/librpi_ipa_controller.a.p/rpi_black_level.cpp.o\x1b[K\n'}
[268.594320] (libcamera) StdoutLine: {'line': b'[198/264] Compiling C++ object src/ipa/rpi/controller/librpi_ipa_controller.a.p/rpi_agc_channel.cpp.o\x1b[K\n'}
[268.638444] (-) TimerEvent: {}
[268.741286] (-) TimerEvent: {}
[268.844254] (-) TimerEvent: {}
[268.944713] (-) TimerEvent: {}
[269.046774] (-) TimerEvent: {}
[269.147374] (-) TimerEvent: {}
[269.252272] (-) TimerEvent: {}
[269.354276] (-) TimerEvent: {}
[269.454759] (-) TimerEvent: {}
[269.555429] (-) TimerEvent: {}
[269.658484] (-) TimerEvent: {}
[269.761263] (-) TimerEvent: {}
[269.861707] (-) TimerEvent: {}
[269.964299] (-) TimerEvent: {}
[270.067259] (-) TimerEvent: {}
[270.167720] (-) TimerEvent: {}
[270.258191] (libcamera) StdoutLine: {'line': b'[198/264] Compiling C++ object src/ipa/rpi/controller/librpi_ipa_controller.a.p/rpi_cac.cpp.o\x1b[K\n'}
[270.258728] (libcamera) StdoutLine: {'line': b'[199/264] Compiling C++ object src/ipa/rpi/controller/librpi_ipa_controller.a.p/rpi_alsc.cpp.o\x1b[K\n'}
[270.270291] (-) TimerEvent: {}
[270.370810] (-) TimerEvent: {}
[270.473548] (-) TimerEvent: {}
[270.586409] (-) TimerEvent: {}
[270.686999] (-) TimerEvent: {}
[270.787496] (-) TimerEvent: {}
[270.887939] (-) TimerEvent: {}
[270.988412] (-) TimerEvent: {}
[271.092296] (-) TimerEvent: {}
[271.193179] (-) TimerEvent: {}
[271.293659] (-) TimerEvent: {}
[271.399248] (-) TimerEvent: {}
[271.499652] (-) TimerEvent: {}
[271.600058] (-) TimerEvent: {}
[271.700495] (-) TimerEvent: {}
[271.803300] (-) TimerEvent: {}
[271.905300] (-) TimerEvent: {}
[271.954481] (libcamera) StdoutLine: {'line': b'[199/264] Compiling C++ object src/ipa/rpi/controller/librpi_ipa_controller.a.p/rpi_ccm.cpp.o\x1b[K\n'}
[271.955080] (libcamera) StdoutLine: {'line': b'[200/264] Compiling C++ object src/ipa/rpi/controller/librpi_ipa_controller.a.p/rpi_black_level.cpp.o\x1b[K\n'}
[272.005411] (-) TimerEvent: {}
[272.105827] (-) TimerEvent: {}
[272.213342] (-) TimerEvent: {}
[272.276400] (libcamera) StdoutLine: {'line': b'[200/264] Compiling C++ object src/ipa/rpi/controller/librpi_ipa_controller.a.p/rpi_contrast.cpp.o\x1b[K\n'}
[272.276964] (libcamera) StdoutLine: {'line': b'[201/264] Compiling C++ object src/ipa/rpi/common/librpi_ipa_common.a.p/ipa_base.cpp.o\x1b[K\n'}
[272.302241] (libcamera) StdoutLine: {'line': b'[201/264] Linking static target src/ipa/rpi/common/librpi_ipa_common.a\x1b[K\n'}
[272.302675] (libcamera) StdoutLine: {'line': b'[202/264] Linking static target src/ipa/rpi/common/librpi_ipa_common.a\x1b[K\n'}
[272.313477] (-) TimerEvent: {}
[272.416261] (-) TimerEvent: {}
[272.517285] (-) TimerEvent: {}
[272.620323] (-) TimerEvent: {}
[272.686665] (libcamera) StdoutLine: {'line': b'[202/264] Compiling C++ object src/ipa/rpi/controller/librpi_ipa_controller.a.p/rpi_decompand.cpp.o\x1b[K\n'}
[272.687102] (libcamera) StdoutLine: {'line': b'[203/264] Compiling C++ object src/ipa/rpi/controller/librpi_ipa_controller.a.p/rpi_awb_bayes.cpp.o\x1b[K\n'}
[272.720471] (-) TimerEvent: {}
[272.829614] (-) TimerEvent: {}
[272.933281] (-) TimerEvent: {}
[273.033814] (-) TimerEvent: {}
[273.140858] (-) TimerEvent: {}
[273.243255] (-) TimerEvent: {}
[273.349586] (-) TimerEvent: {}
[273.452550] (-) TimerEvent: {}
[273.559082] (-) TimerEvent: {}
[273.661536] (-) TimerEvent: {}
[273.766528] (-) TimerEvent: {}
[273.867079] (-) TimerEvent: {}
[273.967592] (-) TimerEvent: {}
[274.069290] (-) TimerEvent: {}
[274.172590] (-) TimerEvent: {}
[274.275511] (-) TimerEvent: {}
[274.376018] (-) TimerEvent: {}
[274.476610] (-) TimerEvent: {}
[274.579555] (-) TimerEvent: {}
[274.682520] (-) TimerEvent: {}
[274.787001] (-) TimerEvent: {}
[274.887551] (-) TimerEvent: {}
[274.990515] (-) TimerEvent: {}
[275.091003] (-) TimerEvent: {}
[275.191476] (-) TimerEvent: {}
[275.296793] (-) TimerEvent: {}
[275.397485] (-) TimerEvent: {}
[275.502297] (-) TimerEvent: {}
[275.602831] (-) TimerEvent: {}
[275.642197] (libcamera) StdoutLine: {'line': b'[203/264] Compiling C++ object src/ipa/rpi/controller/librpi_ipa_controller.a.p/rpi_denoise.cpp.o\x1b[K\n'}
[275.645479] (libcamera) StdoutLine: {'line': b'[204/264] Compiling C++ object src/ipa/rpi/controller/librpi_ipa_controller.a.p/rpi_awb.cpp.o\x1b[K\n'}
[275.702982] (-) TimerEvent: {}
[275.806459] (-) TimerEvent: {}
[275.909023] (-) TimerEvent: {}
[276.014273] (-) TimerEvent: {}
[276.114766] (-) TimerEvent: {}
[276.218273] (-) TimerEvent: {}
[276.319335] (-) TimerEvent: {}
[276.427283] (-) TimerEvent: {}
[276.527756] (-) TimerEvent: {}
[276.628241] (-) TimerEvent: {}
[276.731270] (-) TimerEvent: {}
[276.831811] (-) TimerEvent: {}
[276.889623] (libcamera) StdoutLine: {'line': b'[204/264] Compiling C++ object src/ipa/rpi/controller/librpi_ipa_controller.a.p/rpi_dpc.cpp.o\x1b[K\n'}
[276.890031] (libcamera) StdoutLine: {'line': b'[205/264] Compiling C++ object src/ipa/rpi/controller/librpi_ipa_controller.a.p/rpi_ccm.cpp.o\x1b[K\n'}
[276.935257] (-) TimerEvent: {}
[277.035845] (-) TimerEvent: {}
[277.136415] (-) TimerEvent: {}
[277.239276] (-) TimerEvent: {}
[277.339757] (-) TimerEvent: {}
[277.442633] (-) TimerEvent: {}
[277.496722] (libcamera) StdoutLine: {'line': b'[205/264] Compiling C++ object src/ipa/rpi/controller/librpi_ipa_controller.a.p/rpi_geq.cpp.o\x1b[K\n'}
[277.497151] (libcamera) StdoutLine: {'line': b'[206/264] Compiling C++ object src/ipa/rpi/controller/librpi_ipa_controller.a.p/rpi_cac.cpp.o\x1b[K\n'}
[277.542807] (-) TimerEvent: {}
[277.645470] (-) TimerEvent: {}
[277.746010] (-) TimerEvent: {}
[277.846580] (-) TimerEvent: {}
[277.953519] (-) TimerEvent: {}
[278.054070] (-) TimerEvent: {}
[278.156957] (-) TimerEvent: {}
[278.261288] (-) TimerEvent: {}
[278.361902] (-) TimerEvent: {}
[278.465574] (-) TimerEvent: {}
[278.566071] (-) TimerEvent: {}
[278.670305] (-) TimerEvent: {}
[278.773281] (-) TimerEvent: {}
[278.875313] (-) TimerEvent: {}
[278.977270] (-) TimerEvent: {}
[279.080274] (-) TimerEvent: {}
[279.180743] (-) TimerEvent: {}
[279.281852] (-) TimerEvent: {}
[279.382271] (-) TimerEvent: {}
[279.482771] (-) TimerEvent: {}
[279.583908] (-) TimerEvent: {}
[279.684362] (-) TimerEvent: {}
[279.784770] (-) TimerEvent: {}
[279.899737] (-) TimerEvent: {}
[280.002507] (-) TimerEvent: {}
[280.105569] (-) TimerEvent: {}
[280.209441] (-) TimerEvent: {}
[280.312258] (-) TimerEvent: {}
[280.415274] (-) TimerEvent: {}
[280.515740] (-) TimerEvent: {}
[280.616218] (-) TimerEvent: {}
[280.716706] (-) TimerEvent: {}
[280.817276] (-) TimerEvent: {}
[280.917732] (-) TimerEvent: {}
[281.018237] (-) TimerEvent: {}
[281.125340] (-) TimerEvent: {}
[281.226439] (-) TimerEvent: {}
[281.326895] (-) TimerEvent: {}
[281.427391] (-) TimerEvent: {}
[281.527861] (-) TimerEvent: {}
[281.555496] (libcamera) StdoutLine: {'line': b'[206/264] Compiling C++ object src/ipa/rpi/controller/librpi_ipa_controller.a.p/rpi_hdr.cpp.o\x1b[K\n'}
[281.556196] (libcamera) StdoutLine: {'line': b'[207/264] Compiling C++ object src/ipa/rpi/controller/librpi_ipa_controller.a.p/rpi_contrast.cpp.o\x1b[K\n'}
[281.629271] (-) TimerEvent: {}
[281.729717] (-) TimerEvent: {}
[281.835259] (-) TimerEvent: {}
[281.935712] (-) TimerEvent: {}
[282.036397] (-) TimerEvent: {}
[282.139278] (-) TimerEvent: {}
[282.242270] (-) TimerEvent: {}
[282.342713] (-) TimerEvent: {}
[282.443235] (-) TimerEvent: {}
[282.544480] (-) TimerEvent: {}
[282.647128] (-) TimerEvent: {}
[282.704290] (libcamera) StdoutLine: {'line': b'[207/264] Compiling C++ object src/ipa/rpi/controller/librpi_ipa_controller.a.p/rpi_lux.cpp.o\x1b[K\n'}
[282.704709] (libcamera) StdoutLine: {'line': b'[208/264] Compiling C++ object src/ipa/rpi/controller/librpi_ipa_controller.a.p/rpi_decompand.cpp.o\x1b[K\n'}
[282.747287] (-) TimerEvent: {}
[282.847781] (-) TimerEvent: {}
[282.950610] (-) TimerEvent: {}
[283.027398] (libcamera) StdoutLine: {'line': b'[208/264] Compiling C++ object src/ipa/rpi/controller/librpi_ipa_controller.a.p/rpi_noise.cpp.o\x1b[K\n'}
[283.027962] (libcamera) StdoutLine: {'line': b'[209/264] Compiling C++ object src/ipa/rpi/controller/librpi_ipa_controller.a.p/rpi_denoise.cpp.o\x1b[K\n'}
[283.050759] (-) TimerEvent: {}
[283.153275] (-) TimerEvent: {}
[283.253758] (-) TimerEvent: {}
[283.351330] (libcamera) StdoutLine: {'line': b'[209/264] Compiling C++ object src/ipa/rpi/controller/librpi_ipa_controller.a.p/rpi_saturation.cpp.o\x1b[K\n'}
[283.352609] (libcamera) StdoutLine: {'line': b'[210/264] Compiling C++ object src/ipa/rpi/controller/librpi_ipa_controller.a.p/rpi_dpc.cpp.o\x1b[K\n'}
[283.359071] (-) TimerEvent: {}
[283.463293] (-) TimerEvent: {}
[283.563745] (-) TimerEvent: {}
[283.664267] (-) TimerEvent: {}
[283.764727] (-) TimerEvent: {}
[283.866285] (-) TimerEvent: {}
[283.968300] (-) TimerEvent: {}
[284.068843] (-) TimerEvent: {}
[284.170279] (-) TimerEvent: {}
[284.275273] (-) TimerEvent: {}
[284.375773] (-) TimerEvent: {}
[284.476541] (-) TimerEvent: {}
[284.580263] (-) TimerEvent: {}
[284.680688] (-) TimerEvent: {}
[284.781214] (-) TimerEvent: {}
[284.881668] (-) TimerEvent: {}
[284.982206] (-) TimerEvent: {}
[285.085268] (-) TimerEvent: {}
[285.187392] (-) TimerEvent: {}
[285.287837] (-) TimerEvent: {}
[285.388353] (-) TimerEvent: {}
[285.491330] (-) TimerEvent: {}
[285.591850] (-) TimerEvent: {}
[285.695286] (-) TimerEvent: {}
[285.795768] (-) TimerEvent: {}
[285.896279] (-) TimerEvent: {}
[285.996758] (-) TimerEvent: {}
[286.097266] (-) TimerEvent: {}
[286.197739] (-) TimerEvent: {}
[286.213885] (libcamera) StdoutLine: {'line': b'[210/264] Compiling C++ object src/ipa/rpi/controller/librpi_ipa_controller.a.p/rpi_sdn.cpp.o\x1b[K\n'}
[286.214427] (libcamera) StdoutLine: {'line': b'[211/264] Compiling C++ object src/ipa/rpi/controller/librpi_ipa_controller.a.p/rpi_geq.cpp.o\x1b[K\n'}
[286.297917] (-) TimerEvent: {}
[286.406284] (-) TimerEvent: {}
[286.513278] (-) TimerEvent: {}
[286.616272] (-) TimerEvent: {}
[286.716755] (-) TimerEvent: {}
[286.817274] (-) TimerEvent: {}
[286.922289] (-) TimerEvent: {}
[287.022803] (-) TimerEvent: {}
[287.128009] (-) TimerEvent: {}
[287.228615] (-) TimerEvent: {}
[287.333302] (-) TimerEvent: {}
[287.433805] (-) TimerEvent: {}
[287.534263] (-) TimerEvent: {}
[287.634734] (-) TimerEvent: {}
[287.735214] (-) TimerEvent: {}
[287.835666] (-) TimerEvent: {}
[287.936113] (-) TimerEvent: {}
[288.038271] (-) TimerEvent: {}
[288.143211] (-) TimerEvent: {}
[288.243639] (-) TimerEvent: {}
[288.346507] (-) TimerEvent: {}
[288.447031] (-) TimerEvent: {}
[288.460503] (libcamera) StdoutLine: {'line': b'[211/264] Compiling C++ object src/ipa/rpi/controller/librpi_ipa_controller.a.p/rpi_sharpen.cpp.o\x1b[K\n'}
[288.461196] (libcamera) StdoutLine: {'line': b'[212/264] Compiling C++ object src/ipa/rpi/controller/librpi_ipa_controller.a.p/rpi_sdn.cpp.o\x1b[K\n'}
[288.547200] (-) TimerEvent: {}
[288.650637] (-) TimerEvent: {}
[288.753296] (-) TimerEvent: {}
[288.856402] (-) TimerEvent: {}
[288.956884] (-) TimerEvent: {}
[289.059272] (-) TimerEvent: {}
[289.159764] (-) TimerEvent: {}
[289.260270] (-) TimerEvent: {}
[289.363655] (-) TimerEvent: {}
[289.464121] (-) TimerEvent: {}
[289.565274] (-) TimerEvent: {}
[289.665694] (-) TimerEvent: {}
[289.766142] (-) TimerEvent: {}
[289.866622] (-) TimerEvent: {}
[289.969492] (-) TimerEvent: {}
[290.070002] (-) TimerEvent: {}
[290.171287] (-) TimerEvent: {}
[290.276256] (-) TimerEvent: {}
[290.366238] (libcamera) StdoutLine: {'line': b'[212/264] Compiling C++ object src/ipa/rpi/controller/librpi_ipa_controller.a.p/rpi_sync.cpp.o\x1b[K\n'}
[290.370916] (libcamera) StdoutLine: {'line': b'[213/264] Compiling C++ object src/ipa/rpi/controller/librpi_ipa_controller.a.p/rpi_saturation.cpp.o\x1b[K\n'}
[290.378327] (-) TimerEvent: {}
[290.478890] (-) TimerEvent: {}
[290.584547] (-) TimerEvent: {}
[290.640282] (libcamera) StdoutLine: {'line': b'[213/264] Compiling C++ object src/ipa/rpi/controller/librpi_ipa_controller.a.p/rpi_tonemap.cpp.o\x1b[K\n'}
[290.642615] (libcamera) StdoutLine: {'line': b'[214/264] Compiling C++ object src/ipa/rpi/controller/librpi_ipa_controller.a.p/rpi_lux.cpp.o\x1b[K\n'}
[290.686289] (-) TimerEvent: {}
[290.789227] (-) TimerEvent: {}
[290.890354] (-) TimerEvent: {}
[290.994679] (-) TimerEvent: {}
[291.097352] (-) TimerEvent: {}
[291.197941] (-) TimerEvent: {}
[291.298512] (-) TimerEvent: {}
[291.403228] (-) TimerEvent: {}
[291.503949] (-) TimerEvent: {}
[291.548399] (libcamera) StdoutLine: {'line': b'[214/264] Compiling C++ object src/ipa/rpi/pisp/ipa_rpi_pisp.so.p/pisp.cpp.o\x1b[K\n'}
[291.551087] (libcamera) StdoutLine: {'line': b'[215/264] Compiling C++ object src/ipa/rpi/controller/librpi_ipa_controller.a.p/rpi_hdr.cpp.o\x1b[K\n'}
[291.604201] (-) TimerEvent: {}
[291.709455] (-) TimerEvent: {}
[291.817240] (-) TimerEvent: {}
[291.853876] (libcamera) StdoutLine: {'line': b'[215/264] Compiling C++ object src/ipa/rpi/vc4/ipa_rpi_vc4.so.p/vc4.cpp.o\x1b[K\n'}
[291.854361] (libcamera) StdoutLine: {'line': b'[216/264] Compiling C++ object src/ipa/rpi/controller/librpi_ipa_controller.a.p/rpi_noise.cpp.o\x1b[K\n'}
[291.917419] (-) TimerEvent: {}
[292.018118] (-) TimerEvent: {}
[292.122280] (-) TimerEvent: {}
[292.222731] (-) TimerEvent: {}
[292.326298] (-) TimerEvent: {}
[292.426870] (-) TimerEvent: {}
[292.530286] (-) TimerEvent: {}
[292.630751] (-) TimerEvent: {}
[292.733255] (-) TimerEvent: {}
[292.833686] (-) TimerEvent: {}
[292.934149] (-) TimerEvent: {}
[293.034601] (-) TimerEvent: {}
[293.135179] (-) TimerEvent: {}
[293.238281] (-) TimerEvent: {}
[293.338808] (-) TimerEvent: {}
[293.443268] (-) TimerEvent: {}
[293.543776] (-) TimerEvent: {}
[293.647288] (-) TimerEvent: {}
[293.747800] (-) TimerEvent: {}
[293.854977] (-) TimerEvent: {}
[293.955487] (-) TimerEvent: {}
[294.059961] (-) TimerEvent: {}
[294.160471] (-) TimerEvent: {}
[294.266282] (-) TimerEvent: {}
[294.366784] (-) TimerEvent: {}
[294.467290] (-) TimerEvent: {}
[294.567747] (-) TimerEvent: {}
[294.668236] (-) TimerEvent: {}
[294.771532] (-) TimerEvent: {}
[294.878375] (-) TimerEvent: {}
[294.978908] (-) TimerEvent: {}
[295.032037] (libcamera) StdoutLine: {'line': b'[216/264] Compiling C++ object src/apps/common/libapps.a.p/image.cpp.o\x1b[K\n'}
[295.032834] (libcamera) StdoutLine: {'line': b'[217/264] Compiling C++ object src/ipa/rpi/controller/librpi_ipa_controller.a.p/rpi_sharpen.cpp.o\x1b[K\n'}
[295.080660] (-) TimerEvent: {}
[295.181224] (-) TimerEvent: {}
[295.289293] (-) TimerEvent: {}
[295.389882] (-) TimerEvent: {}
[295.490450] (-) TimerEvent: {}
[295.593278] (-) TimerEvent: {}
[295.693731] (-) TimerEvent: {}
[295.796256] (-) TimerEvent: {}
[295.896679] (-) TimerEvent: {}
[295.997187] (-) TimerEvent: {}
[296.088880] (libcamera) StdoutLine: {'line': b'[217/264] Compiling C++ object src/apps/common/libapps.a.p/options.cpp.o\x1b[K\n'}
[296.089447] (libcamera) StdoutLine: {'line': b'[218/264] Compiling C++ object src/ipa/rpi/controller/librpi_ipa_controller.a.p/rpi_sync.cpp.o\x1b[K\n'}
[296.097276] (-) TimerEvent: {}
[296.199375] (-) TimerEvent: {}
[296.304721] (-) TimerEvent: {}
[296.310878] (libcamera) StdoutLine: {'line': b'[218/264] Compiling C++ object src/apps/common/libapps.a.p/ppm_writer.cpp.o\x1b[K\n'}
[296.312105] (libcamera) StdoutLine: {'line': b'[219/264] Compiling C++ object src/apps/common/libapps.a.p/image.cpp.o\x1b[K\n'}
[296.408300] (-) TimerEvent: {}
[296.508785] (-) TimerEvent: {}
[296.614276] (-) TimerEvent: {}
[296.714744] (-) TimerEvent: {}
[296.815251] (-) TimerEvent: {}
[296.918298] (-) TimerEvent: {}
[297.021037] (-) TimerEvent: {}
[297.022149] (libcamera) StdoutLine: {'line': b'[219/264] Compiling C++ object src/apps/common/libapps.a.p/stream_options.cpp.o\x1b[K\n'}
[297.022588] (libcamera) StdoutLine: {'line': b'[220/264] Compiling C++ object src/ipa/rpi/controller/librpi_ipa_controller.a.p/rpi_tonemap.cpp.o\x1b[K\n'}
[297.049052] (libcamera) StdoutLine: {'line': b'[220/264] Linking static target src/ipa/rpi/controller/librpi_ipa_controller.a\x1b[K\n'}
[297.049634] (libcamera) StdoutLine: {'line': b'[221/264] Linking static target src/ipa/rpi/controller/librpi_ipa_controller.a\x1b[K\n'}
[297.123307] (-) TimerEvent: {}
[297.223785] (-) TimerEvent: {}
[297.324279] (-) TimerEvent: {}
[297.428302] (-) TimerEvent: {}
[297.531288] (-) TimerEvent: {}
[297.631823] (-) TimerEvent: {}
[297.734266] (-) TimerEvent: {}
[297.836307] (-) TimerEvent: {}
[297.936851] (-) TimerEvent: {}
[298.041732] (-) TimerEvent: {}
[298.142297] (-) TimerEvent: {}
[298.242682] (-) TimerEvent: {}
[298.343097] (-) TimerEvent: {}
[298.447342] (-) TimerEvent: {}
[298.547890] (-) TimerEvent: {}
[298.649033] (-) TimerEvent: {}
[298.753285] (-) TimerEvent: {}
[298.856269] (-) TimerEvent: {}
[298.959134] (-) TimerEvent: {}
[299.059648] (-) TimerEvent: {}
[299.160137] (-) TimerEvent: {}
[299.263353] (-) TimerEvent: {}
[299.366473] (-) TimerEvent: {}
[299.410913] (libcamera) StdoutLine: {'line': b'[221/264] Compiling C++ object src/apps/common/libapps.a.p/dng_writer.cpp.o\x1b[K\n'}
[299.414349] (libcamera) StdoutLine: {'line': b'[222/264] Compiling C++ object src/apps/common/libapps.a.p/ppm_writer.cpp.o\x1b[K\n'}
[299.466606] (-) TimerEvent: {}
[299.572309] (-) TimerEvent: {}
[299.672859] (-) TimerEvent: {}
[299.775554] (-) TimerEvent: {}
[299.876045] (-) TimerEvent: {}
[299.979391] (-) TimerEvent: {}
[300.079934] (-) TimerEvent: {}
[300.183521] (-) TimerEvent: {}
[300.288263] (-) TimerEvent: {}
[300.388735] (-) TimerEvent: {}
[300.489252] (-) TimerEvent: {}
[300.589757] (-) TimerEvent: {}
[300.690303] (-) TimerEvent: {}
[300.792182] (-) TimerEvent: {}
[300.892682] (-) TimerEvent: {}
[300.998277] (-) TimerEvent: {}
[301.098831] (-) TimerEvent: {}
[301.199306] (-) TimerEvent: {}
[301.302276] (-) TimerEvent: {}
[301.402788] (-) TimerEvent: {}
[301.506138] (-) TimerEvent: {}
[301.613313] (-) TimerEvent: {}
[301.713787] (-) TimerEvent: {}
[301.814287] (-) TimerEvent: {}
[301.914800] (-) TimerEvent: {}
[302.017535] (-) TimerEvent: {}
[302.118471] (-) TimerEvent: {}
[302.221281] (-) TimerEvent: {}
[302.321815] (-) TimerEvent: {}
[302.422303] (-) TimerEvent: {}
[302.524286] (-) TimerEvent: {}
[302.624821] (-) TimerEvent: {}
[302.730273] (-) TimerEvent: {}
[302.830778] (-) TimerEvent: {}
[302.931301] (-) TimerEvent: {}
[303.034518] (-) TimerEvent: {}
[303.135004] (-) TimerEvent: {}
[303.238381] (-) TimerEvent: {}
[303.325505] (libcamera) StdoutLine: {'line': b'[222/264] Compiling C++ object src/apps/ipa-verify/ipa_verify.p/main.cpp.o\x1b[K\n'}
[303.326003] (libcamera) StdoutLine: {'line': b'[223/264] Compiling C++ object src/apps/common/libapps.a.p/stream_options.cpp.o\x1b[K\n'}
[303.338534] (-) TimerEvent: {}
[303.440021] (-) TimerEvent: {}
[303.546236] (-) TimerEvent: {}
[303.646618] (-) TimerEvent: {}
[303.747047] (-) TimerEvent: {}
[303.847511] (-) TimerEvent: {}
[303.948009] (-) TimerEvent: {}
[304.048594] (-) TimerEvent: {}
[304.088732] (libcamera) StdoutLine: {'line': b'[223/264] Generating src/gstreamer/gstlibcamera-controls.cpp with a custom command (wrapped by meson to set env)\x1b[K\n'}
[304.091853] (libcamera) StdoutLine: {'line': b'[224/264] Compiling C++ object src/apps/common/libapps.a.p/dng_writer.cpp.o\x1b[K\n'}
[304.124789] (libcamera) StdoutLine: {'line': b'[224/264] Compiling C++ object src/gstreamer/libgstlibcamera.so.p/gstlibcamera-utils.cpp.o\x1b[K\n'}
[304.125504] (libcamera) StdoutLine: {'line': b'[225/264] Generating src/gstreamer/gstlibcamera-controls.cpp with a custom command (wrapped by meson to set env)\x1b[K\n'}
[304.149245] (-) TimerEvent: {}
[304.253364] (-) TimerEvent: {}
[304.356407] (-) TimerEvent: {}
[304.462279] (-) TimerEvent: {}
[304.562803] (-) TimerEvent: {}
[304.663463] (-) TimerEvent: {}
[304.764384] (-) TimerEvent: {}
[304.864842] (-) TimerEvent: {}
[304.969282] (-) TimerEvent: {}
[305.069757] (-) TimerEvent: {}
[305.170271] (-) TimerEvent: {}
[305.270742] (-) TimerEvent: {}
[305.375268] (-) TimerEvent: {}
[305.475716] (-) TimerEvent: {}
[305.542810] (libcamera) StdoutLine: {'line': b'[225/264] Compiling C++ object src/gstreamer/libgstlibcamera.so.p/meson-generated_.._gstlibcamera-controls.cpp.o\x1b[K\n'}
[305.543425] (libcamera) StdoutLine: {'line': b'[226/264] Compiling C++ object src/ipa/rpi/vc4/ipa_rpi_vc4.so.p/vc4.cpp.o\x1b[K\n'}
[305.575861] (-) TimerEvent: {}
[305.678296] (-) TimerEvent: {}
[305.781560] (-) TimerEvent: {}
[305.882321] (-) TimerEvent: {}
[305.985302] (-) TimerEvent: {}
[306.085821] (-) TimerEvent: {}
[306.098337] (libcamera) StdoutLine: {'line': b'[226/264] Linking target src/ipa/rpi/vc4/ipa_rpi_vc4.so\x1b[K\n'}
[306.098879] (libcamera) StdoutLine: {'line': b'[227/264] Compiling C++ object src/apps/common/libapps.a.p/options.cpp.o\x1b[K\n'}
[306.128754] (libcamera) StdoutLine: {'line': b'[227/264] Linking static target src/apps/common/libapps.a\x1b[K\n'}
[306.129138] (libcamera) StdoutLine: {'line': b'[228/264] Linking static target src/apps/common/libapps.a\x1b[K\n'}
[306.190324] (-) TimerEvent: {}
[306.291007] (-) TimerEvent: {}
[306.317561] (libcamera) StdoutLine: {'line': b'[228/264] Compiling C++ object src/gstreamer/libgstlibcamera.so.p/gstlibcamera.cpp.o\x1b[K\n'}
[306.318515] (libcamera) StdoutLine: {'line': b'[229/264] Linking target src/ipa/rpi/vc4/ipa_rpi_vc4.so\x1b[K\n'}
[306.369304] (libcamera) StdoutLine: {'line': b'[229/264] Generating src/ipa/rpi/vc4/ipa_rpi_vc4.so.sign with a custom command\x1b[K\n'}
[306.369752] (libcamera) StdoutLine: {'line': b'[230/264] Generating src/ipa/rpi/vc4/ipa_rpi_vc4.so.sign with a custom command\x1b[K\n'}
[306.391141] (-) TimerEvent: {}
[306.494694] (-) TimerEvent: {}
[306.595233] (-) TimerEvent: {}
[306.695689] (-) TimerEvent: {}
[306.796184] (-) TimerEvent: {}
[306.896683] (-) TimerEvent: {}
[306.909730] (libcamera) StdoutLine: {'line': b'[230/264] Compiling C++ object src/gstreamer/libgstlibcamera.so.p/gstlibcameraallocator.cpp.o\x1b[K\n'}
[306.911707] (libcamera) StdoutLine: {'line': b'[231/264] Compiling C++ object src/ipa/rpi/pisp/ipa_rpi_pisp.so.p/pisp.cpp.o\x1b[K\n'}
[306.996880] (-) TimerEvent: {}
[307.060856] (libcamera) StdoutLine: {'line': b'[231/264] Linking target src/ipa/rpi/pisp/ipa_rpi_pisp.so\x1b[K\n'}
[307.066567] (libcamera) StdoutLine: {'line': b'[232/264] Compiling C++ object src/gstreamer/libgstlibcamera.so.p/gstlibcamera.cpp.o\x1b[K\n'}
[307.097021] (-) TimerEvent: {}
[307.197493] (-) TimerEvent: {}
[307.297978] (-) TimerEvent: {}
[307.510487] (-) TimerEvent: {}
[307.527756] (libcamera) StdoutLine: {'line': b'[232/264] Compiling C++ object src/gstreamer/libgstlibcamera.so.p/gstlibcamerapad.cpp.o\x1b[K\n'}
[307.528247] (libcamera) StdoutLine: {'line': b'[233/264] Compiling C++ object src/apps/ipa-verify/ipa_verify.p/main.cpp.o\x1b[K\n'}
[307.610637] (-) TimerEvent: {}
[307.668689] (libcamera) StdoutLine: {'line': b'[233/264] Linking target src/apps/ipa-verify/ipa_verify\x1b[K\n'}
[307.669263] (libcamera) StdoutLine: {'line': b'[234/264] Linking target src/ipa/rpi/pisp/ipa_rpi_pisp.so\x1b[K\n'}
[307.710794] (-) TimerEvent: {}
[307.724581] (libcamera) StdoutLine: {'line': b'[234/264] Generating src/ipa/rpi/pisp/ipa_rpi_pisp.so.sign with a custom command\x1b[K\n'}
[307.725259] (libcamera) StdoutLine: {'line': b'[235/264] Generating src/ipa/rpi/pisp/ipa_rpi_pisp.so.sign with a custom command\x1b[K\n'}
[307.811011] (-) TimerEvent: {}
[307.913278] (-) TimerEvent: {}
[308.015263] (-) TimerEvent: {}
[308.115855] (-) TimerEvent: {}
[308.216615] (-) TimerEvent: {}
[308.222451] (libcamera) StdoutLine: {'line': b'[235/264] Compiling C++ object src/gstreamer/libgstlibcamera.so.p/gstlibcamerapool.cpp.o\x1b[K\n'}
[308.225525] (libcamera) StdoutLine: {'line': b'[236/264] Linking target src/apps/ipa-verify/ipa_verify\x1b[K\n'}
[308.316793] (-) TimerEvent: {}
[308.419920] (-) TimerEvent: {}
[308.520576] (-) TimerEvent: {}
[308.621198] (-) TimerEvent: {}
[308.726289] (-) TimerEvent: {}
[308.826861] (-) TimerEvent: {}
[308.927427] (-) TimerEvent: {}
[309.027976] (-) TimerEvent: {}
[309.128552] (-) TimerEvent: {}
[309.231272] (-) TimerEvent: {}
[309.331815] (-) TimerEvent: {}
[309.432437] (-) TimerEvent: {}
[309.533021] (-) TimerEvent: {}
[309.636560] (-) TimerEvent: {}
[309.739521] (-) TimerEvent: {}
[309.842473] (-) TimerEvent: {}
[309.942986] (-) TimerEvent: {}
[310.043528] (-) TimerEvent: {}
[310.145500] (-) TimerEvent: {}
[310.248560] (-) TimerEvent: {}
[310.354556] (-) TimerEvent: {}
[310.403000] (libcamera) StdoutLine: {'line': b'[236/264] Compiling C++ object src/gstreamer/libgstlibcamera.so.p/gstlibcameraprovider.cpp.o\x1b[K\n'}
[310.406566] (libcamera) StdoutLine: {'line': b'[237/264] Compiling C++ object src/gstreamer/libgstlibcamera.so.p/meson-generated_.._gstlibcamera-controls.cpp.o\x1b[K\n'}
[310.458289] (-) TimerEvent: {}
[310.558783] (-) TimerEvent: {}
[310.660293] (-) TimerEvent: {}
[310.762274] (-) TimerEvent: {}
[310.864324] (-) TimerEvent: {}
[310.967290] (-) TimerEvent: {}
[311.016872] (libcamera) StdoutLine: {'line': b'[237/264] Compiling C++ object src/gstreamer/libgstlibcamera.so.p/gstlibcamerasrc.cpp.o\x1b[K\n'}
[311.021493] (libcamera) StdoutLine: {'line': b'[238/264] Compiling C++ object src/gstreamer/libgstlibcamera.so.p/gstlibcamera-utils.cpp.o\x1b[K\n'}
[311.066826] (libcamera) StdoutLine: {'line': b'[238/264] Generating src/py/libcamera/py_gen_controls with a custom command (wrapped by meson to set env)\x1b[K\n'}
[311.067315] (-) TimerEvent: {}
[311.068109] (libcamera) StdoutLine: {'line': b'[239/264] Compiling C++ object src/gstreamer/libgstlibcamera.so.p/gstlibcamerapad.cpp.o\x1b[K\n'}
[311.167510] (-) TimerEvent: {}
[311.269424] (-) TimerEvent: {}
[311.375300] (-) TimerEvent: {}
[311.475806] (-) TimerEvent: {}
[311.542349] (libcamera) StdoutLine: {'line': b'[239/264] Generating src/py/libcamera/py_gen_properties with a custom command (wrapped by meson to set env)\x1b[K\n'}
[311.545428] (libcamera) StdoutLine: {'line': b'[240/264] Generating src/py/libcamera/py_gen_properties with a custom command (wrapped by meson to set env)\x1b[K\n'}
[311.575921] (-) TimerEvent: {}
[311.676349] (-) TimerEvent: {}
[311.782306] (-) TimerEvent: {}
[311.800048] (libcamera) StdoutLine: {'line': b'[240/264] Generating src/py/libcamera/py_gen_formats with a custom command\x1b[K\n'}
[311.800597] (libcamera) StdoutLine: {'line': b'[241/264] Generating src/py/libcamera/py_gen_formats with a custom command\x1b[K\n'}
[311.882445] (-) TimerEvent: {}
[311.985834] (-) TimerEvent: {}
[312.046582] (libcamera) StdoutLine: {'line': b'[241/264] Compiling C++ object src/py/libcamera/_libcamera.cpython-312-aarch64-linux-gnu.so.p/meson-generated_.._py_properties_generated.cpp.o\x1b[K\n'}
[312.049532] (libcamera) StdoutLine: {'line': b'[242/264] Generating src/py/libcamera/py_gen_controls with a custom command (wrapped by meson to set env)\x1b[K\n'}
[312.086072] (-) TimerEvent: {}
[312.187419] (-) TimerEvent: {}
[312.290295] (-) TimerEvent: {}
[312.390912] (-) TimerEvent: {}
[312.494274] (-) TimerEvent: {}
[312.594758] (-) TimerEvent: {}
[312.698805] (-) TimerEvent: {}
[312.799310] (-) TimerEvent: {}
[312.810832] (libcamera) StdoutLine: {'line': b'[242/264] Compiling C++ object src/py/libcamera/_libcamera.cpython-312-aarch64-linux-gnu.so.p/meson-generated_.._py_controls_generated.cpp.o\x1b[K\n'}
[312.813458] (libcamera) StdoutLine: {'line': b'[243/264] Compiling C++ object src/gstreamer/libgstlibcamera.so.p/gstlibcamerapool.cpp.o\x1b[K\n'}
[312.899458] (-) TimerEvent: {}
[313.001437] (-) TimerEvent: {}
[313.104464] (-) TimerEvent: {}
[313.110459] (libcamera) StdoutLine: {'line': b'[243/264] Compiling C++ object src/py/libcamera/_libcamera.cpython-312-aarch64-linux-gnu.so.p/meson-generated_.._py_formats_generated.cpp.o\x1b[K\n'}
[313.111139] (libcamera) StdoutLine: {'line': b'[244/264] Compiling C++ object src/gstreamer/libgstlibcamera.so.p/gstlibcameraallocator.cpp.o\x1b[K\n'}
[313.204597] (-) TimerEvent: {}
[313.305075] (-) TimerEvent: {}
[313.409274] (-) TimerEvent: {}
[313.508383] (libcamera) StdoutLine: {'line': b'[244/264] Compiling C++ object src/py/libcamera/_libcamera.cpython-312-aarch64-linux-gnu.so.p/py_camera_manager.cpp.o\x1b[K\n'}
[313.511425] (-) TimerEvent: {}
[313.511678] (libcamera) StdoutLine: {'line': b'[245/264] Compiling C++ object src/gstreamer/libgstlibcamera.so.p/gstlibcameraprovider.cpp.o\x1b[K\n'}
[313.611577] (-) TimerEvent: {}
[313.715463] (-) TimerEvent: {}
[313.816024] (-) TimerEvent: {}
[313.918289] (-) TimerEvent: {}
[314.018876] (-) TimerEvent: {}
[314.123560] (-) TimerEvent: {}
[314.224135] (-) TimerEvent: {}
[314.330285] (-) TimerEvent: {}
[314.430789] (-) TimerEvent: {}
[314.531284] (-) TimerEvent: {}
[314.631812] (-) TimerEvent: {}
[314.735653] (-) TimerEvent: {}
[314.836134] (-) TimerEvent: {}
[314.936732] (-) TimerEvent: {}
[315.042565] (-) TimerEvent: {}
[315.145279] (-) TimerEvent: {}
[315.245849] (-) TimerEvent: {}
[315.349502] (-) TimerEvent: {}
[315.449956] (-) TimerEvent: {}
[315.550425] (-) TimerEvent: {}
[315.653498] (-) TimerEvent: {}
[315.756511] (-) TimerEvent: {}
[315.856927] (-) TimerEvent: {}
[315.957437] (-) TimerEvent: {}
[316.057966] (-) TimerEvent: {}
[316.161278] (-) TimerEvent: {}
[316.261748] (-) TimerEvent: {}
[316.362234] (-) TimerEvent: {}
[316.465264] (-) TimerEvent: {}
[316.568266] (-) TimerEvent: {}
[316.668753] (-) TimerEvent: {}
[316.774272] (-) TimerEvent: {}
[316.874730] (-) TimerEvent: {}
[316.975321] (-) TimerEvent: {}
[317.078333] (-) TimerEvent: {}
[317.178834] (-) TimerEvent: {}
[317.279331] (-) TimerEvent: {}
[317.384261] (-) TimerEvent: {}
[317.484713] (-) TimerEvent: {}
[317.585197] (-) TimerEvent: {}
[317.685631] (-) TimerEvent: {}
[317.788555] (-) TimerEvent: {}
[317.893267] (-) TimerEvent: {}
[317.993731] (-) TimerEvent: {}
[318.094255] (-) TimerEvent: {}
[318.194724] (-) TimerEvent: {}
[318.295277] (-) TimerEvent: {}
[318.399527] (-) TimerEvent: {}
[318.502547] (-) TimerEvent: {}
[318.605268] (-) TimerEvent: {}
[318.705772] (-) TimerEvent: {}
[318.806276] (-) TimerEvent: {}
[318.906768] (-) TimerEvent: {}
[319.010497] (-) TimerEvent: {}
[319.114290] (-) TimerEvent: {}
[319.217567] (-) TimerEvent: {}
[319.320570] (-) TimerEvent: {}
[319.420994] (-) TimerEvent: {}
[319.524272] (-) TimerEvent: {}
[319.624706] (-) TimerEvent: {}
[319.647859] (libcamera) StdoutLine: {'line': b'[245/264] Compiling C++ object src/py/libcamera/_libcamera.cpython-312-aarch64-linux-gnu.so.p/py_color_space.cpp.o\x1b[K\n'}
[319.648999] (libcamera) StdoutLine: {'line': b'[246/264] Compiling C++ object src/gstreamer/libgstlibcamera.so.p/gstlibcamerasrc.cpp.o\x1b[K\n'}
[319.724858] (-) TimerEvent: {}
[319.827332] (-) TimerEvent: {}
[319.930525] (-) TimerEvent: {}
[320.031825] (-) TimerEvent: {}
[320.136270] (-) TimerEvent: {}
[320.239265] (-) TimerEvent: {}
[320.339720] (-) TimerEvent: {}
[320.353086] (libcamera) StdoutLine: {'line': b'[246/264] Linking target src/gstreamer/libgstlibcamera.so\x1b[K\n'}
[320.353528] (libcamera) StdoutLine: {'line': b'[247/264] Linking target src/gstreamer/libgstlibcamera.so\x1b[K\n'}
[320.441267] (-) TimerEvent: {}
[320.541684] (-) TimerEvent: {}
[320.642099] (-) TimerEvent: {}
[320.742606] (-) TimerEvent: {}
[320.844260] (-) TimerEvent: {}
[320.944718] (-) TimerEvent: {}
[321.047261] (-) TimerEvent: {}
[321.153267] (-) TimerEvent: {}
[321.253731] (-) TimerEvent: {}
[321.354175] (-) TimerEvent: {}
[321.454610] (-) TimerEvent: {}
[321.555033] (-) TimerEvent: {}
[321.655488] (-) TimerEvent: {}
[321.755967] (-) TimerEvent: {}
[321.856436] (-) TimerEvent: {}
[321.959671] (-) TimerEvent: {}
[322.062534] (-) TimerEvent: {}
[322.162995] (-) TimerEvent: {}
[322.263467] (-) TimerEvent: {}
[322.366525] (-) TimerEvent: {}
[322.466985] (-) TimerEvent: {}
[322.572260] (-) TimerEvent: {}
[322.672721] (-) TimerEvent: {}
[322.775268] (-) TimerEvent: {}
[322.875696] (-) TimerEvent: {}
[322.976233] (-) TimerEvent: {}
[323.076673] (-) TimerEvent: {}
[323.180479] (-) TimerEvent: {}
[323.284213] (-) TimerEvent: {}
[323.384667] (-) TimerEvent: {}
[323.485135] (-) TimerEvent: {}
[323.585580] (-) TimerEvent: {}
[323.687706] (-) TimerEvent: {}
[323.788147] (-) TimerEvent: {}
[323.893479] (-) TimerEvent: {}
[323.993946] (-) TimerEvent: {}
[324.097531] (-) TimerEvent: {}
[324.197964] (-) TimerEvent: {}
[324.298426] (-) TimerEvent: {}
[324.400262] (-) TimerEvent: {}
[324.500694] (-) TimerEvent: {}
[324.601176] (-) TimerEvent: {}
[324.706265] (-) TimerEvent: {}
[324.806728] (-) TimerEvent: {}
[324.907296] (-) TimerEvent: {}
[325.007751] (-) TimerEvent: {}
[325.110510] (-) TimerEvent: {}
[325.211965] (-) TimerEvent: {}
[325.315254] (-) TimerEvent: {}
[325.420496] (-) TimerEvent: {}
[325.520963] (-) TimerEvent: {}
[325.621419] (-) TimerEvent: {}
[325.724536] (-) TimerEvent: {}
[325.825001] (-) TimerEvent: {}
[325.925478] (-) TimerEvent: {}
[326.031273] (-) TimerEvent: {}
[326.134264] (-) TimerEvent: {}
[326.234738] (-) TimerEvent: {}
[326.335186] (-) TimerEvent: {}
[326.438491] (-) TimerEvent: {}
[326.538946] (-) TimerEvent: {}
[326.639379] (-) TimerEvent: {}
[326.739865] (-) TimerEvent: {}
[326.843512] (-) TimerEvent: {}
[326.944004] (-) TimerEvent: {}
[327.044458] (-) TimerEvent: {}
[327.144926] (-) TimerEvent: {}
[327.249735] (-) TimerEvent: {}
[327.350260] (-) TimerEvent: {}
[327.450750] (-) TimerEvent: {}
[327.554276] (-) TimerEvent: {}
[327.655282] (-) TimerEvent: {}
[327.755803] (-) TimerEvent: {}
[327.860260] (-) TimerEvent: {}
[327.960684] (-) TimerEvent: {}
[328.061113] (-) TimerEvent: {}
[328.164276] (-) TimerEvent: {}
[328.264797] (-) TimerEvent: {}
[328.365270] (-) TimerEvent: {}
[328.466262] (-) TimerEvent: {}
[328.569279] (-) TimerEvent: {}
[328.669719] (-) TimerEvent: {}
[328.770208] (-) TimerEvent: {}
[328.870630] (-) TimerEvent: {}
[328.971129] (-) TimerEvent: {}
[329.074517] (-) TimerEvent: {}
[329.174986] (-) TimerEvent: {}
[329.275585] (-) TimerEvent: {}
[329.376050] (-) TimerEvent: {}
[329.476506] (-) TimerEvent: {}
[329.577034] (-) TimerEvent: {}
[329.679252] (-) TimerEvent: {}
[329.782318] (-) TimerEvent: {}
[329.882795] (-) TimerEvent: {}
[329.987259] (-) TimerEvent: {}
[330.087652] (-) TimerEvent: {}
[330.188072] (-) TimerEvent: {}
[330.289301] (-) TimerEvent: {}
[330.389778] (-) TimerEvent: {}
[330.490226] (-) TimerEvent: {}
[330.590651] (-) TimerEvent: {}
[330.691287] (-) TimerEvent: {}
[330.794269] (-) TimerEvent: {}
[330.896261] (-) TimerEvent: {}
[330.996740] (-) TimerEvent: {}
[331.102276] (-) TimerEvent: {}
[331.202768] (-) TimerEvent: {}
[331.303278] (-) TimerEvent: {}
[331.406272] (-) TimerEvent: {}
[331.506718] (-) TimerEvent: {}
[331.607235] (-) TimerEvent: {}
[331.707694] (-) TimerEvent: {}
[331.808198] (-) TimerEvent: {}
[331.910311] (-) TimerEvent: {}
[332.010773] (-) TimerEvent: {}
[332.111228] (-) TimerEvent: {}
[332.213299] (-) TimerEvent: {}
[332.315273] (-) TimerEvent: {}
[332.417274] (-) TimerEvent: {}
[332.517729] (-) TimerEvent: {}
[332.618252] (-) TimerEvent: {}
[332.720282] (-) TimerEvent: {}
[332.820731] (-) TimerEvent: {}
[332.921230] (-) TimerEvent: {}
[333.023278] (-) TimerEvent: {}
[333.123732] (-) TimerEvent: {}
[333.228271] (-) TimerEvent: {}
[333.333292] (-) TimerEvent: {}
[333.436298] (-) TimerEvent: {}
[333.536816] (-) TimerEvent: {}
[333.637335] (-) TimerEvent: {}
[333.740279] (-) TimerEvent: {}
[333.840731] (-) TimerEvent: {}
[333.941243] (-) TimerEvent: {}
[334.041725] (-) TimerEvent: {}
[334.142167] (-) TimerEvent: {}
[334.242698] (-) TimerEvent: {}
[334.344289] (-) TimerEvent: {}
[334.444816] (-) TimerEvent: {}
[334.548282] (-) TimerEvent: {}
[334.651271] (-) TimerEvent: {}
[334.751729] (-) TimerEvent: {}
[334.852206] (-) TimerEvent: {}
[334.952592] (-) TimerEvent: {}
[335.053019] (-) TimerEvent: {}
[335.156470] (-) TimerEvent: {}
[335.259269] (-) TimerEvent: {}
[335.364858] (-) TimerEvent: {}
[335.468269] (-) TimerEvent: {}
[335.573371] (-) TimerEvent: {}
[335.673796] (-) TimerEvent: {}
[335.774252] (-) TimerEvent: {}
[335.874683] (-) TimerEvent: {}
[335.975128] (-) TimerEvent: {}
[336.077279] (-) TimerEvent: {}
[336.179554] (-) TimerEvent: {}
[336.280019] (-) TimerEvent: {}
[336.381931] (-) TimerEvent: {}
[336.485925] (-) TimerEvent: {}
[336.589254] (-) TimerEvent: {}
[336.689678] (-) TimerEvent: {}
[336.792490] (-) TimerEvent: {}
[336.892900] (-) TimerEvent: {}
[336.993421] (-) TimerEvent: {}
[337.093888] (-) TimerEvent: {}
[337.199590] (-) TimerEvent: {}
[337.302525] (-) TimerEvent: {}
[337.403112] (-) TimerEvent: {}
[337.506249] (-) TimerEvent: {}
[337.606641] (-) TimerEvent: {}
[337.709479] (-) TimerEvent: {}
[337.810109] (-) TimerEvent: {}
[337.910599] (-) TimerEvent: {}
[338.015548] (-) TimerEvent: {}
[338.118514] (-) TimerEvent: {}
[338.219040] (-) TimerEvent: {}
[338.322279] (-) TimerEvent: {}
[338.422806] (-) TimerEvent: {}
[338.521588] (libcamera) StdoutLine: {'line': b'[247/264] Compiling C++ object src/py/libcamera/_libcamera.cpython-312-aarch64-linux-gnu.so.p/py_enums.cpp.o\x1b[K\n'}
[338.524868] (-) TimerEvent: {}
[338.526610] (libcamera) StdoutLine: {'line': b'[248/264] Compiling C++ object src/py/libcamera/_libcamera.cpython-312-aarch64-linux-gnu.so.p/py_camera_manager.cpp.o\x1b[K\n'}
[338.625037] (-) TimerEvent: {}
[338.728293] (-) TimerEvent: {}
[338.828825] (-) TimerEvent: {}
[338.929278] (-) TimerEvent: {}
[339.032270] (-) TimerEvent: {}
[339.137296] (-) TimerEvent: {}
[339.237808] (-) TimerEvent: {}
[339.338270] (-) TimerEvent: {}
[339.440276] (-) TimerEvent: {}
[339.540749] (-) TimerEvent: {}
[339.641258] (-) TimerEvent: {}
[339.741707] (-) TimerEvent: {}
[339.771300] (libcamera) StdoutLine: {'line': b'[248/264] Compiling C++ object src/py/libcamera/_libcamera.cpython-312-aarch64-linux-gnu.so.p/py_geometry.cpp.o\x1b[K\n'}
[339.776499] (libcamera) StdoutLine: {'line': b'[249/264] Compiling C++ object src/py/libcamera/_libcamera.cpython-312-aarch64-linux-gnu.so.p/meson-generated_.._py_formats_generated.cpp.o\x1b[K\n'}
[339.843258] (-) TimerEvent: {}
[339.943678] (-) TimerEvent: {}
[340.049264] (-) TimerEvent: {}
[340.151283] (-) TimerEvent: {}
[340.254558] (-) TimerEvent: {}
[340.359275] (-) TimerEvent: {}
[340.459720] (-) TimerEvent: {}
[340.565272] (-) TimerEvent: {}
[340.665765] (-) TimerEvent: {}
[340.766278] (-) TimerEvent: {}
[340.869260] (-) TimerEvent: {}
[340.972135] (-) TimerEvent: {}
[341.075226] (-) TimerEvent: {}
[341.183271] (-) TimerEvent: {}
[341.283733] (-) TimerEvent: {}
[341.384233] (-) TimerEvent: {}
[341.487262] (-) TimerEvent: {}
[341.590264] (-) TimerEvent: {}
[341.690765] (-) TimerEvent: {}
[341.791290] (-) TimerEvent: {}
[341.896276] (-) TimerEvent: {}
[341.996767] (-) TimerEvent: {}
[342.099677] (-) TimerEvent: {}
[342.200208] (-) TimerEvent: {}
[342.303248] (-) TimerEvent: {}
[342.406268] (-) TimerEvent: {}
[342.506696] (-) TimerEvent: {}
[342.607180] (-) TimerEvent: {}
[342.707591] (-) TimerEvent: {}
[342.808026] (-) TimerEvent: {}
[342.912522] (-) TimerEvent: {}
[343.015543] (-) TimerEvent: {}
[343.116005] (-) TimerEvent: {}
[343.219258] (-) TimerEvent: {}
[343.321286] (-) TimerEvent: {}
[343.421868] (-) TimerEvent: {}
[343.526568] (-) TimerEvent: {}
[343.629253] (-) TimerEvent: {}
[343.729664] (-) TimerEvent: {}
[343.831283] (-) TimerEvent: {}
[343.933598] (-) TimerEvent: {}
[344.038254] (-) TimerEvent: {}
[344.138708] (-) TimerEvent: {}
[344.239171] (-) TimerEvent: {}
[344.339591] (-) TimerEvent: {}
[344.440106] (-) TimerEvent: {}
[344.541787] (-) TimerEvent: {}
[344.646265] (-) TimerEvent: {}
[344.750537] (-) TimerEvent: {}
[344.850965] (-) TimerEvent: {}
[344.953443] (-) TimerEvent: {}
[345.055351] (-) TimerEvent: {}
[345.130882] (libcamera) StdoutLine: {'line': b'[249/264] Compiling C++ object src/py/libcamera/_libcamera.cpython-312-aarch64-linux-gnu.so.p/py_helpers.cpp.o\x1b[K\n'}
[345.131760] (libcamera) StdoutLine: {'line': b'[250/264] Compiling C++ object src/py/libcamera/_libcamera.cpython-312-aarch64-linux-gnu.so.p/meson-generated_.._py_properties_generated.cpp.o\x1b[K\n'}
[345.156139] (-) TimerEvent: {}
[345.269601] (-) TimerEvent: {}
[345.370064] (-) TimerEvent: {}
[345.474291] (-) TimerEvent: {}
[345.574729] (-) TimerEvent: {}
[345.677269] (-) TimerEvent: {}
[345.777777] (-) TimerEvent: {}
[345.883284] (-) TimerEvent: {}
[345.983734] (-) TimerEvent: {}
[346.086513] (-) TimerEvent: {}
[346.189262] (-) TimerEvent: {}
[346.289778] (-) TimerEvent: {}
[346.391714] (-) TimerEvent: {}
[346.492223] (-) TimerEvent: {}
[346.595491] (-) TimerEvent: {}
[346.695970] (-) TimerEvent: {}
[346.796434] (-) TimerEvent: {}
[346.898491] (-) TimerEvent: {}
[347.003183] (-) TimerEvent: {}
[347.108970] (-) TimerEvent: {}
[347.209465] (-) TimerEvent: {}
[347.312397] (-) TimerEvent: {}
[347.421703] (-) TimerEvent: {}
[347.522196] (-) TimerEvent: {}
[347.627035] (-) TimerEvent: {}
[347.731585] (-) TimerEvent: {}
[347.832057] (-) TimerEvent: {}
[347.943255] (-) TimerEvent: {}
[348.043665] (-) TimerEvent: {}
[348.144129] (-) TimerEvent: {}
[348.247197] (-) TimerEvent: {}
[348.347757] (-) TimerEvent: {}
[348.451502] (-) TimerEvent: {}
[348.552085] (-) TimerEvent: {}
[348.653462] (-) TimerEvent: {}
[348.758890] (-) TimerEvent: {}
[348.862439] (-) TimerEvent: {}
[348.968275] (-) TimerEvent: {}
[349.076313] (-) TimerEvent: {}
[349.179504] (-) TimerEvent: {}
[349.280270] (-) TimerEvent: {}
[349.387287] (-) TimerEvent: {}
[349.493281] (-) TimerEvent: {}
[349.593711] (-) TimerEvent: {}
[349.694378] (-) TimerEvent: {}
[349.800255] (-) TimerEvent: {}
[349.902326] (-) TimerEvent: {}
[350.005539] (-) TimerEvent: {}
[350.111293] (-) TimerEvent: {}
[350.216274] (-) TimerEvent: {}
[350.328267] (-) TimerEvent: {}
[350.430074] (-) TimerEvent: {}
[350.532459] (-) TimerEvent: {}
[350.639514] (-) TimerEvent: {}
[350.741361] (-) TimerEvent: {}
[350.848268] (-) TimerEvent: {}
[350.953305] (-) TimerEvent: {}
[351.057575] (-) TimerEvent: {}
[351.160640] (-) TimerEvent: {}
[351.267900] (-) TimerEvent: {}
[351.388918] (-) TimerEvent: {}
[351.496264] (-) TimerEvent: {}
[351.600298] (-) TimerEvent: {}
[351.701306] (-) TimerEvent: {}
[351.801733] (-) TimerEvent: {}
[351.907278] (-) TimerEvent: {}
[352.008454] (-) TimerEvent: {}
[352.109036] (-) TimerEvent: {}
[352.209685] (-) TimerEvent: {}
[352.310270] (-) TimerEvent: {}
[352.415277] (-) TimerEvent: {}
[352.515781] (-) TimerEvent: {}
[352.617916] (-) TimerEvent: {}
[352.718556] (-) TimerEvent: {}
[352.821377] (-) TimerEvent: {}
[352.921861] (-) TimerEvent: {}
[353.025299] (-) TimerEvent: {}
[353.128258] (-) TimerEvent: {}
[353.228756] (-) TimerEvent: {}
[353.331260] (-) TimerEvent: {}
[353.438410] (-) TimerEvent: {}
[353.538935] (-) TimerEvent: {}
[353.642638] (-) TimerEvent: {}
[353.743741] (-) TimerEvent: {}
[353.848705] (-) TimerEvent: {}
[353.951263] (-) TimerEvent: {}
[354.051731] (-) TimerEvent: {}
[354.155272] (-) TimerEvent: {}
[354.255738] (-) TimerEvent: {}
[354.356214] (-) TimerEvent: {}
[354.463282] (-) TimerEvent: {}
[354.567180] (-) TimerEvent: {}
[354.671252] (-) TimerEvent: {}
[354.771669] (-) TimerEvent: {}
[354.874534] (-) TimerEvent: {}
[354.975405] (-) TimerEvent: {}
[355.087610] (-) TimerEvent: {}
[355.158890] (libcamera) StdoutLine: {'line': b'[250/264] Compiling C++ object src/py/libcamera/_libcamera.cpython-312-aarch64-linux-gnu.so.p/py_main.cpp.o\x1b[K\n'}
[355.161955] (libcamera) StdoutLine: {'line': b'[251/264] Compiling C++ object src/py/libcamera/_libcamera.cpython-312-aarch64-linux-gnu.so.p/py_color_space.cpp.o\x1b[K\n'}
[355.188301] (-) TimerEvent: {}
[355.292269] (-) TimerEvent: {}
[355.392696] (-) TimerEvent: {}
[355.493126] (-) TimerEvent: {}
[355.596255] (-) TimerEvent: {}
[355.700281] (-) TimerEvent: {}
[355.806193] (-) TimerEvent: {}
[355.907893] (-) TimerEvent: {}
[356.014263] (-) TimerEvent: {}
[356.123278] (-) TimerEvent: {}
[356.225927] (-) TimerEvent: {}
[356.329819] (-) TimerEvent: {}
[356.434816] (-) TimerEvent: {}
[356.544262] (-) TimerEvent: {}
[356.646257] (-) TimerEvent: {}
[356.748791] (-) TimerEvent: {}
[356.849229] (-) TimerEvent: {}
[356.954541] (-) TimerEvent: {}
[357.057265] (-) TimerEvent: {}
[357.157783] (-) TimerEvent: {}
[357.258269] (-) TimerEvent: {}
[357.365255] (-) TimerEvent: {}
[357.465744] (-) TimerEvent: {}
[357.566250] (-) TimerEvent: {}
[357.669275] (-) TimerEvent: {}
[357.771243] (-) TimerEvent: {}
[357.871670] (-) TimerEvent: {}
[357.974272] (-) TimerEvent: {}
[358.074741] (-) TimerEvent: {}
[358.088216] (libcamera) StdoutLine: {'line': b'[251/264] Compiling C++ object src/py/libcamera/_libcamera.cpython-312-aarch64-linux-gnu.so.p/py_transform.cpp.o\x1b[K\n'}
[358.094399] (libcamera) StdoutLine: {'line': b'[252/264] Compiling C++ object src/py/libcamera/_libcamera.cpython-312-aarch64-linux-gnu.so.p/py_enums.cpp.o\x1b[K\n'}
[358.174888] (-) TimerEvent: {}
[358.281301] (-) TimerEvent: {}
[358.387251] (-) TimerEvent: {}
[358.487687] (-) TimerEvent: {}
[358.588143] (-) TimerEvent: {}
[358.690271] (-) TimerEvent: {}
[358.790792] (-) TimerEvent: {}
[358.891247] (-) TimerEvent: {}
[358.997261] (-) TimerEvent: {}
[359.097713] (-) TimerEvent: {}
[359.202255] (-) TimerEvent: {}
[359.305254] (-) TimerEvent: {}
[359.405691] (-) TimerEvent: {}
[359.506217] (-) TimerEvent: {}
[359.606719] (-) TimerEvent: {}
[359.707149] (-) TimerEvent: {}
[359.807564] (-) TimerEvent: {}
[359.910518] (-) TimerEvent: {}
[360.014286] (-) TimerEvent: {}
[360.114854] (-) TimerEvent: {}
[360.219284] (-) TimerEvent: {}
[360.321261] (-) TimerEvent: {}
[360.421760] (-) TimerEvent: {}
[360.522203] (-) TimerEvent: {}
[360.622790] (-) TimerEvent: {}
[360.723356] (-) TimerEvent: {}
[360.823766] (-) TimerEvent: {}
[360.927505] (-) TimerEvent: {}
[361.027985] (-) TimerEvent: {}
[361.128475] (-) TimerEvent: {}
[361.231616] (-) TimerEvent: {}
[361.336270] (-) TimerEvent: {}
[361.436920] (-) TimerEvent: {}
[361.537448] (-) TimerEvent: {}
[361.637946] (-) TimerEvent: {}
[361.740820] (-) TimerEvent: {}
[361.844257] (-) TimerEvent: {}
[361.944707] (-) TimerEvent: {}
[362.047527] (-) TimerEvent: {}
[362.147990] (-) TimerEvent: {}
[362.252445] (-) TimerEvent: {}
[362.352864] (-) TimerEvent: {}
[362.453389] (-) TimerEvent: {}
[362.555500] (-) TimerEvent: {}
[362.658482] (-) TimerEvent: {}
[362.762557] (-) TimerEvent: {}
[362.865518] (-) TimerEvent: {}
[362.966018] (-) TimerEvent: {}
[363.071259] (-) TimerEvent: {}
[363.171686] (-) TimerEvent: {}
[363.274257] (-) TimerEvent: {}
[363.374724] (-) TimerEvent: {}
[363.481286] (-) TimerEvent: {}
[363.584510] (-) TimerEvent: {}
[363.688276] (-) TimerEvent: {}
[363.707706] (libcamera) StdoutLine: {'line': b'[252/264] Compiling C++ object src/v4l2/v4l2-compat.so.p/v4l2_camera.cpp.o\x1b[K\n'}
[363.709718] (libcamera) StdoutLine: {'line': b'[253/264] Compiling C++ object src/py/libcamera/_libcamera.cpython-312-aarch64-linux-gnu.so.p/py_helpers.cpp.o\x1b[K\n'}
[363.794271] (-) TimerEvent: {}
[363.895272] (-) TimerEvent: {}
[363.998258] (-) TimerEvent: {}
[364.098670] (-) TimerEvent: {}
[364.199101] (-) TimerEvent: {}
[364.299534] (-) TimerEvent: {}
[364.399925] (-) TimerEvent: {}
[364.500320] (-) TimerEvent: {}
[364.603268] (-) TimerEvent: {}
[364.703704] (-) TimerEvent: {}
[364.806248] (-) TimerEvent: {}
[364.906655] (-) TimerEvent: {}
[365.007095] (-) TimerEvent: {}
[365.109261] (-) TimerEvent: {}
[365.209690] (-) TimerEvent: {}
[365.312260] (-) TimerEvent: {}
[365.415256] (-) TimerEvent: {}
[365.515688] (-) TimerEvent: {}
[365.616143] (-) TimerEvent: {}
[365.716569] (-) TimerEvent: {}
[365.817034] (-) TimerEvent: {}
[365.919260] (-) TimerEvent: {}
[366.019659] (-) TimerEvent: {}
[366.121467] (-) TimerEvent: {}
[366.225261] (-) TimerEvent: {}
[366.325685] (-) TimerEvent: {}
[366.428264] (-) TimerEvent: {}
[366.528696] (-) TimerEvent: {}
[366.632525] (-) TimerEvent: {}
[366.735362] (-) TimerEvent: {}
[366.839190] (-) TimerEvent: {}
[366.939593] (-) TimerEvent: {}
[367.042264] (-) TimerEvent: {}
[367.142720] (-) TimerEvent: {}
[367.245260] (-) TimerEvent: {}
[367.347656] (-) TimerEvent: {}
[367.448096] (-) TimerEvent: {}
[367.548590] (-) TimerEvent: {}
[367.649042] (-) TimerEvent: {}
[367.725008] (libcamera) StdoutLine: {'line': b'[253/264] Compiling C++ object src/v4l2/v4l2-compat.so.p/v4l2_camera_file.cpp.o\x1b[K\n'}
[367.729433] (libcamera) StdoutLine: {'line': b'[254/264] Compiling C++ object src/v4l2/v4l2-compat.so.p/v4l2_camera.cpp.o\x1b[K\n'}
[367.749216] (-) TimerEvent: {}
[367.849615] (-) TimerEvent: {}
[367.950054] (-) TimerEvent: {}
[368.054652] (-) TimerEvent: {}
[368.155075] (-) TimerEvent: {}
[368.255642] (-) TimerEvent: {}
[368.357672] (-) TimerEvent: {}
[368.460268] (-) TimerEvent: {}
[368.560741] (-) TimerEvent: {}
[368.661196] (-) TimerEvent: {}
[368.761655] (-) TimerEvent: {}
[368.862101] (-) TimerEvent: {}
[368.965514] (-) TimerEvent: {}
[369.065981] (-) TimerEvent: {}
[369.169549] (-) TimerEvent: {}
[369.219648] (libcamera) StdoutLine: {'line': b'[254/264] Compiling C++ object src/v4l2/v4l2-compat.so.p/v4l2_camera_proxy.cpp.o\x1b[K\n'}
[369.220075] (libcamera) StdoutLine: {'line': b'[255/264] Compiling C++ object src/v4l2/v4l2-compat.so.p/v4l2_camera_file.cpp.o\x1b[K\n'}
[369.269704] (-) TimerEvent: {}
[369.373277] (-) TimerEvent: {}
[369.473713] (-) TimerEvent: {}
[369.579257] (-) TimerEvent: {}
[369.679661] (-) TimerEvent: {}
[369.780246] (-) TimerEvent: {}
[369.880696] (-) TimerEvent: {}
[369.983260] (-) TimerEvent: {}
[370.086277] (-) TimerEvent: {}
[370.186712] (-) TimerEvent: {}
[370.287136] (-) TimerEvent: {}
[370.389257] (-) TimerEvent: {}
[370.489760] (-) TimerEvent: {}
[370.590256] (-) TimerEvent: {}
[370.690709] (-) TimerEvent: {}
[370.798260] (-) TimerEvent: {}
[370.898791] (-) TimerEvent: {}
[370.999269] (-) TimerEvent: {}
[371.099740] (-) TimerEvent: {}
[371.200206] (-) TimerEvent: {}
[371.300621] (-) TimerEvent: {}
[371.405262] (-) TimerEvent: {}
[371.507296] (-) TimerEvent: {}
[371.612266] (-) TimerEvent: {}
[371.712779] (-) TimerEvent: {}
[371.813261] (-) TimerEvent: {}
[371.913690] (-) TimerEvent: {}
[372.014201] (-) TimerEvent: {}
[372.120263] (-) TimerEvent: {}
[372.220721] (-) TimerEvent: {}
[372.323515] (-) TimerEvent: {}
[372.426215] (-) TimerEvent: {}
[372.529793] (-) TimerEvent: {}
[372.633497] (-) TimerEvent: {}
[372.733944] (-) TimerEvent: {}
[372.837300] (-) TimerEvent: {}
[372.937790] (-) TimerEvent: {}
[373.044262] (-) TimerEvent: {}
[373.144726] (-) TimerEvent: {}
[373.245207] (-) TimerEvent: {}
[373.348253] (-) TimerEvent: {}
[373.451402] (-) TimerEvent: {}
[373.551885] (-) TimerEvent: {}
[373.655306] (-) TimerEvent: {}
[373.755903] (-) TimerEvent: {}
[373.858292] (-) TimerEvent: {}
[373.958734] (-) TimerEvent: {}
[374.059221] (-) TimerEvent: {}
[374.159653] (-) TimerEvent: {}
[374.262258] (-) TimerEvent: {}
[374.362720] (-) TimerEvent: {}
[374.463125] (-) TimerEvent: {}
[374.567586] (-) TimerEvent: {}
[374.640787] (libcamera) StdoutLine: {'line': b'[255/264] Compiling C++ object src/v4l2/v4l2-compat.so.p/v4l2_compat.cpp.o\x1b[K\n'}
[374.641407] (libcamera) StdoutLine: {'line': b'[256/264] Compiling C++ object src/v4l2/v4l2-compat.so.p/v4l2_compat.cpp.o\x1b[K\n'}
[374.670273] (-) TimerEvent: {}
[374.742243] (libcamera) StdoutLine: {'line': b'[256/264] Compiling C++ object src/v4l2/v4l2-compat.so.p/v4l2_compat_manager.cpp.o\x1b[K\n'}
[374.772277] (-) TimerEvent: {}
[374.872774] (-) TimerEvent: {}
[374.975256] (-) TimerEvent: {}
[375.075691] (-) TimerEvent: {}
[375.178252] (-) TimerEvent: {}
[375.278684] (-) TimerEvent: {}
[375.380116] (-) TimerEvent: {}
[375.480588] (-) TimerEvent: {}
[375.586241] (-) TimerEvent: {}
[375.686751] (-) TimerEvent: {}
[375.793701] (-) TimerEvent: {}
[375.897522] (-) TimerEvent: {}
[376.005381] (-) TimerEvent: {}
[376.105878] (-) TimerEvent: {}
[376.206360] (-) TimerEvent: {}
[376.306864] (-) TimerEvent: {}
[376.408543] (-) TimerEvent: {}
[376.511558] (-) TimerEvent: {}
[376.614495] (-) TimerEvent: {}
[376.714946] (-) TimerEvent: {}
[376.815452] (-) TimerEvent: {}
[376.926275] (-) TimerEvent: {}
[377.026722] (-) TimerEvent: {}
[377.127174] (-) TimerEvent: {}
[377.227653] (-) TimerEvent: {}
[377.329483] (-) TimerEvent: {}
[377.429921] (-) TimerEvent: {}
[377.459217] (libcamera) StdoutLine: {'line': b'[257/264] Compiling C++ object src/py/libcamera/_libcamera.cpython-312-aarch64-linux-gnu.so.p/meson-generated_.._py_controls_generated.cpp.o\x1b[K\n'}
[377.530054] (-) TimerEvent: {}
[377.634825] (-) TimerEvent: {}
[377.735261] (-) TimerEvent: {}
[377.835733] (-) TimerEvent: {}
[377.939587] (-) TimerEvent: {}
[378.040079] (-) TimerEvent: {}
[378.140545] (-) TimerEvent: {}
[378.243643] (-) TimerEvent: {}
[378.347537] (-) TimerEvent: {}
[378.449580] (-) TimerEvent: {}
[378.550121] (-) TimerEvent: {}
[378.650613] (-) TimerEvent: {}
[378.752279] (-) TimerEvent: {}
[378.852775] (-) TimerEvent: {}
[378.953273] (-) TimerEvent: {}
[379.056264] (-) TimerEvent: {}
[379.156693] (-) TimerEvent: {}
[379.257146] (-) TimerEvent: {}
[379.357583] (-) TimerEvent: {}
[379.458041] (-) TimerEvent: {}
[379.558471] (-) TimerEvent: {}
[379.658915] (-) TimerEvent: {}
[379.762267] (-) TimerEvent: {}
[379.862718] (-) TimerEvent: {}
[379.963217] (-) TimerEvent: {}
[380.063675] (-) TimerEvent: {}
[380.164093] (-) TimerEvent: {}
[380.264598] (-) TimerEvent: {}
[380.365070] (-) TimerEvent: {}
[380.468274] (-) TimerEvent: {}
[380.568763] (-) TimerEvent: {}
[380.669256] (-) TimerEvent: {}
[380.769748] (-) TimerEvent: {}
[380.870263] (-) TimerEvent: {}
[380.970718] (-) TimerEvent: {}
[381.073284] (-) TimerEvent: {}
[381.173751] (-) TimerEvent: {}
[381.274254] (-) TimerEvent: {}
[381.374877] (-) TimerEvent: {}
[381.478484] (-) TimerEvent: {}
[381.578961] (-) TimerEvent: {}
[381.679412] (-) TimerEvent: {}
[381.779900] (-) TimerEvent: {}
[381.884287] (-) TimerEvent: {}
[381.984783] (-) TimerEvent: {}
[382.085790] (-) TimerEvent: {}
[382.188589] (-) TimerEvent: {}
[382.215340] (libcamera) StdoutLine: {'line': b'[258/264] Compiling C++ object src/v4l2/v4l2-compat.so.p/v4l2_camera_proxy.cpp.o\x1b[K\n'}
[382.215769] (libcamera) StdoutLine: {'line': b'[259/264] Compiling C++ object src/v4l2/v4l2-compat.so.p/v4l2_compat_manager.cpp.o\x1b[K\n'}
[382.288970] (-) TimerEvent: {}
[382.390266] (-) TimerEvent: {}
[382.448706] (libcamera) StdoutLine: {'line': b'[259/264] Linking target src/v4l2/v4l2-compat.so\x1b[K\n'}
[382.490396] (-) TimerEvent: {}
[382.590773] (-) TimerEvent: {}
[382.691183] (-) TimerEvent: {}
[382.791599] (-) TimerEvent: {}
[382.893313] (-) TimerEvent: {}
[382.912369] (libcamera) StdoutLine: {'line': b'[260/264] Linking target src/v4l2/v4l2-compat.so\x1b[K\n'}
[382.993438] (-) TimerEvent: {}
[383.093830] (-) TimerEvent: {}
[383.194189] (-) TimerEvent: {}
[383.217998] (libcamera) StdoutLine: {'line': b'[261/264] Compiling C++ object src/py/libcamera/_libcamera.cpython-312-aarch64-linux-gnu.so.p/py_transform.cpp.o\x1b[K\n'}
[383.294295] (-) TimerEvent: {}
[383.394617] (-) TimerEvent: {}
[383.494951] (-) TimerEvent: {}
[383.595281] (-) TimerEvent: {}
[383.695603] (-) TimerEvent: {}
[383.795918] (-) TimerEvent: {}
[383.896223] (-) TimerEvent: {}
[383.996537] (-) TimerEvent: {}
[384.096835] (-) TimerEvent: {}
[384.197177] (-) TimerEvent: {}
[384.297491] (-) TimerEvent: {}
[384.397782] (-) TimerEvent: {}
[384.498103] (-) TimerEvent: {}
[384.598422] (-) TimerEvent: {}
[384.698725] (-) TimerEvent: {}
[384.799017] (-) TimerEvent: {}
[384.899361] (-) TimerEvent: {}
[384.999661] (-) TimerEvent: {}
[385.099998] (-) TimerEvent: {}
[385.200333] (-) TimerEvent: {}
[385.300661] (-) TimerEvent: {}
[385.400988] (-) TimerEvent: {}
[385.501305] (-) TimerEvent: {}
[385.601623] (-) TimerEvent: {}
[385.713897] (-) TimerEvent: {}
[385.814219] (-) TimerEvent: {}
[385.914545] (-) TimerEvent: {}
[386.014885] (-) TimerEvent: {}
[386.115194] (-) TimerEvent: {}
[386.215513] (-) TimerEvent: {}
[386.315827] (-) TimerEvent: {}
[386.416199] (-) TimerEvent: {}
[386.516475] (-) TimerEvent: {}
[386.616796] (-) TimerEvent: {}
[386.717100] (-) TimerEvent: {}
[386.817407] (-) TimerEvent: {}
[386.917721] (-) TimerEvent: {}
[387.018042] (-) TimerEvent: {}
[387.118418] (-) TimerEvent: {}
[387.218738] (-) TimerEvent: {}
[387.319053] (-) TimerEvent: {}
[387.419394] (-) TimerEvent: {}
[387.519722] (-) TimerEvent: {}
[387.620047] (-) TimerEvent: {}
[387.720382] (-) TimerEvent: {}
[387.820699] (-) TimerEvent: {}
[387.921025] (-) TimerEvent: {}
[388.021352] (-) TimerEvent: {}
[388.121667] (-) TimerEvent: {}
[388.221990] (-) TimerEvent: {}
[388.322337] (-) TimerEvent: {}
[388.422673] (-) TimerEvent: {}
[388.522995] (-) TimerEvent: {}
[388.623320] (-) TimerEvent: {}
[388.723634] (-) TimerEvent: {}
[388.823954] (-) TimerEvent: {}
[388.924292] (-) TimerEvent: {}
[389.024609] (-) TimerEvent: {}
[389.124912] (-) TimerEvent: {}
[389.225247] (-) TimerEvent: {}
[389.325561] (-) TimerEvent: {}
[389.425895] (-) TimerEvent: {}
[389.526377] (-) TimerEvent: {}
[389.626718] (-) TimerEvent: {}
[389.727036] (-) TimerEvent: {}
[389.827392] (-) TimerEvent: {}
[389.927706] (-) TimerEvent: {}
[390.028005] (-) TimerEvent: {}
[390.128338] (-) TimerEvent: {}
[390.228664] (-) TimerEvent: {}
[390.328987] (-) TimerEvent: {}
[390.429319] (-) TimerEvent: {}
[390.529634] (-) TimerEvent: {}
[390.629962] (-) TimerEvent: {}
[390.730275] (-) TimerEvent: {}
[390.830584] (-) TimerEvent: {}
[390.930899] (-) TimerEvent: {}
[391.031217] (-) TimerEvent: {}
[391.131537] (-) TimerEvent: {}
[391.231857] (-) TimerEvent: {}
[391.332190] (-) TimerEvent: {}
[391.432510] (-) TimerEvent: {}
[391.532859] (-) TimerEvent: {}
[391.633193] (-) TimerEvent: {}
[391.733519] (-) TimerEvent: {}
[391.833836] (-) TimerEvent: {}
[391.934181] (-) TimerEvent: {}
[392.034510] (-) TimerEvent: {}
[392.134809] (-) TimerEvent: {}
[392.235144] (-) TimerEvent: {}
[392.335492] (-) TimerEvent: {}
[392.435847] (-) TimerEvent: {}
[392.536247] (-) TimerEvent: {}
[392.636569] (-) TimerEvent: {}
[392.736903] (-) TimerEvent: {}
[392.837227] (-) TimerEvent: {}
[392.937545] (-) TimerEvent: {}
[393.037877] (-) TimerEvent: {}
[393.138211] (-) TimerEvent: {}
[393.238529] (-) TimerEvent: {}
[393.338864] (-) TimerEvent: {}
[393.439288] (-) TimerEvent: {}
[393.539598] (-) TimerEvent: {}
[393.639889] (-) TimerEvent: {}
[393.740220] (-) TimerEvent: {}
[393.840541] (-) TimerEvent: {}
[393.940859] (-) TimerEvent: {}
[394.041190] (-) TimerEvent: {}
[394.141504] (-) TimerEvent: {}
[394.241820] (-) TimerEvent: {}
[394.342125] (-) TimerEvent: {}
[394.442468] (-) TimerEvent: {}
[394.542778] (-) TimerEvent: {}
[394.643089] (-) TimerEvent: {}
[394.743428] (-) TimerEvent: {}
[394.843760] (-) TimerEvent: {}
[394.944051] (-) TimerEvent: {}
[395.044385] (-) TimerEvent: {}
[395.144678] (-) TimerEvent: {}
[395.244998] (-) TimerEvent: {}
[395.345367] (-) TimerEvent: {}
[395.445735] (-) TimerEvent: {}
[395.546054] (-) TimerEvent: {}
[395.646395] (-) TimerEvent: {}
[395.746702] (-) TimerEvent: {}
[395.846996] (-) TimerEvent: {}
[395.947315] (-) TimerEvent: {}
[396.047635] (-) TimerEvent: {}
[396.147924] (-) TimerEvent: {}
[396.248260] (-) TimerEvent: {}
[396.348608] (-) TimerEvent: {}
[396.448942] (-) TimerEvent: {}
[396.549396] (-) TimerEvent: {}
[396.649742] (-) TimerEvent: {}
[396.750073] (-) TimerEvent: {}
[396.850454] (-) TimerEvent: {}
[396.868584] (libcamera) StdoutLine: {'line': b'[262/264] Compiling C++ object src/py/libcamera/_libcamera.cpython-312-aarch64-linux-gnu.so.p/py_geometry.cpp.o\x1b[K\n'}
[396.869006] (libcamera) StdoutLine: {'line': b'[263/264] Compiling C++ object src/py/libcamera/_libcamera.cpython-312-aarch64-linux-gnu.so.p/py_main.cpp.o\x1b[K\n'}
[396.950730] (-) TimerEvent: {}
[397.051539] (-) TimerEvent: {}
[397.143243] (libcamera) StdoutLine: {'line': b'[263/264] Linking target src/py/libcamera/_libcamera.cpython-312-aarch64-linux-gnu.so\x1b[K\n'}
[397.143552] (libcamera) StdoutLine: {'line': b'[264/264] Linking target src/py/libcamera/_libcamera.cpython-312-aarch64-linux-gnu.so\x1b[K\n'}
[397.151791] (-) TimerEvent: {}
[397.252609] (-) TimerEvent: {}
[397.270969] (libcamera) CommandEnded: {'returncode': 0}
[397.272569] (libcamera) JobProgress: {'identifier': 'libcamera', 'progress': 'install'}
[397.273626] (libcamera) Command: {'cmd': ['/usr/bin/meson', 'install'], 'cwd': '/home/seeno04/camera_ws/build/libcamera', 'env': OrderedDict({'LESSOPEN': '| /usr/bin/lesspipe %s', 'USER': 'seeno04', 'LC_TIME': 'ko_KR.UTF-8', 'XDG_SESSION_TYPE': 'wayland', 'CLUTTER_DISABLE_MIPMAPPED_TEXT': '1', 'SHLVL': '1', 'LD_LIBRARY_PATH': '/opt/ros/jazzy/opt/rviz_ogre_vendor/lib:/opt/ros/jazzy/lib/aarch64-linux-gnu:/opt/ros/jazzy/opt/gz_math_vendor/lib:/opt/ros/jazzy/opt/gz_utils_vendor/lib:/opt/ros/jazzy/opt/gz_cmake_vendor/lib:/opt/ros/jazzy/lib', 'HOME': '/home/seeno04', 'OLDPWD': '/home/seeno04/camera_ws', 'DESKTOP_SESSION': 'ubuntu', 'ROS_PYTHON_VERSION': '3', 'GNOME_SHELL_SESSION_MODE': 'ubuntu', 'GTK_MODULES': 'gail:atk-bridge', 'LC_MONETARY': 'ko_KR.UTF-8', 'SYSTEMD_EXEC_PID': '2930', 'GSM_SKIP_SSH_AGENT_WORKAROUND': 'true', 'DBUS_SESSION_BUS_ADDRESS': 'unix:path=/run/user/1000/bus', 'COLORTERM': 'truecolor', 'DEBUGINFOD_URLS': 'https://debuginfod.ubuntu.com', 'IM_CONFIG_PHASE': '1', 'WAYLAND_DISPLAY': 'wayland-0', 'COLCON_PREFIX_PATH': '/home/seeno04/inno_ws/install', 'ROS_DISTRO': 'jazzy', 'LOGNAME': 'seeno04', '_': '/usr/bin/colcon', 'ROS_VERSION': '2', 'MEMORY_PRESSURE_WATCH': '/sys/fs/cgroup/user.slice/user-1000.slice/user@1000.service/session.slice/org.gnome.Shell@wayland.service/memory.pressure', 'XDG_SESSION_CLASS': 'user', 'USERNAME': 'seeno04', 'TERM': 'xterm-256color', 'GNOME_DESKTOP_SESSION_ID': 'this-is-deprecated', 'ROS_LOCALHOST_ONLY': '0', 'PATH': '/home/seeno04/.local/bin:/opt/ros/jazzy/bin:/home/seeno04/.local/bin:/usr/local/sbin:/usr/local/bin:/usr/sbin:/usr/bin:/sbin:/bin:/usr/games:/usr/local/games:/snap/bin:/snap/bin', 'SESSION_MANAGER': 'local/seeno04-desktop:@/tmp/.ICE-unix/2889,unix/seeno04-desktop:/tmp/.ICE-unix/2889', 'PAPERSIZE': 'a4', 'XDG_MENU_PREFIX': 'gnome-', 'LC_ADDRESS': 'ko_KR.UTF-8', 'GNOME_TERMINAL_SCREEN': '/org/gnome/Terminal/screen/1fb37773_1218_4b89_a8fd_29a75d0cb57b', 'GNOME_SETUP_DISPLAY': ':1', 'XDG_RUNTIME_DIR': '/run/user/1000', 'DISPLAY': ':0', 'LANG': 'ko_KR.UTF-8', 'XDG_CURRENT_DESKTOP': 'ubuntu:GNOME', 'LC_TELEPHONE': 'ko_KR.UTF-8', 'XMODIFIERS': '@im=ibus', 'XDG_SESSION_DESKTOP': 'ubuntu', 'XAUTHORITY': '/run/user/1000/.mutter-Xwaylandauth.4NVOS3', 'LS_COLORS': 'rs=0:di=01;34:ln=01;36:mh=00:pi=40;33:so=01;35:do=01;35:bd=40;33;01:cd=40;33;01:or=40;31;01:mi=00:su=37;41:sg=30;43:ca=00:tw=30;42:ow=34;42:st=37;44:ex=01;32:*.tar=01;31:*.tgz=01;31:*.arc=01;31:*.arj=01;31:*.taz=01;31:*.lha=01;31:*.lz4=01;31:*.lzh=01;31:*.lzma=01;31:*.tlz=01;31:*.txz=01;31:*.tzo=01;31:*.t7z=01;31:*.zip=01;31:*.z=01;31:*.dz=01;31:*.gz=01;31:*.lrz=01;31:*.lz=01;31:*.lzo=01;31:*.xz=01;31:*.zst=01;31:*.tzst=01;31:*.bz2=01;31:*.bz=01;31:*.tbz=01;31:*.tbz2=01;31:*.tz=01;31:*.deb=01;31:*.rpm=01;31:*.jar=01;31:*.war=01;31:*.ear=01;31:*.sar=01;31:*.rar=01;31:*.alz=01;31:*.ace=01;31:*.zoo=01;31:*.cpio=01;31:*.7z=01;31:*.rz=01;31:*.cab=01;31:*.wim=01;31:*.swm=01;31:*.dwm=01;31:*.esd=01;31:*.avif=01;35:*.jpg=01;35:*.jpeg=01;35:*.mjpg=01;35:*.mjpeg=01;35:*.gif=01;35:*.bmp=01;35:*.pbm=01;35:*.pgm=01;35:*.ppm=01;35:*.tga=01;35:*.xbm=01;35:*.xpm=01;35:*.tif=01;35:*.tiff=01;35:*.png=01;35:*.svg=01;35:*.svgz=01;35:*.mng=01;35:*.pcx=01;35:*.mov=01;35:*.mpg=01;35:*.mpeg=01;35:*.m2v=01;35:*.mkv=01;35:*.webm=01;35:*.webp=01;35:*.ogm=01;35:*.mp4=01;35:*.m4v=01;35:*.mp4v=01;35:*.vob=01;35:*.qt=01;35:*.nuv=01;35:*.wmv=01;35:*.asf=01;35:*.rm=01;35:*.rmvb=01;35:*.flc=01;35:*.avi=01;35:*.fli=01;35:*.flv=01;35:*.gl=01;35:*.dl=01;35:*.xcf=01;35:*.xwd=01;35:*.yuv=01;35:*.cgm=01;35:*.emf=01;35:*.ogv=01;35:*.ogx=01;35:*.aac=00;36:*.au=00;36:*.flac=00;36:*.m4a=00;36:*.mid=00;36:*.midi=00;36:*.mka=00;36:*.mp3=00;36:*.mpc=00;36:*.ogg=00;36:*.ra=00;36:*.wav=00;36:*.oga=00;36:*.opus=00;36:*.spx=00;36:*.xspf=00;36:*~=00;90:*#=00;90:*.bak=00;90:*.crdownload=00;90:*.dpkg-dist=00;90:*.dpkg-new=00;90:*.dpkg-old=00;90:*.dpkg-tmp=00;90:*.old=00;90:*.orig=00;90:*.part=00;90:*.rej=00;90:*.rpmnew=00;90:*.rpmorig=00;90:*.rpmsave=00;90:*.swp=00;90:*.tmp=00;90:*.ucf-dist=00;90:*.ucf-new=00;90:*.ucf-old=00;90:', 'GNOME_TERMINAL_SERVICE': ':1.101', 'SSH_AUTH_SOCK': '/run/user/1000/keyring/ssh', 'ROS_DOMAIN_ID': '3', 'AMENT_PREFIX_PATH': '/home/seeno04/inno_ws/install/sllidar_ros2:/opt/ros/jazzy', 'SHELL': '/bin/bash', 'LC_NAME': 'ko_KR.UTF-8', 'QT_ACCESSIBILITY': '1', 'GDMSESSION': 'ubuntu', 'LESSCLOSE': '/usr/bin/lesspipe %s %s', 'LC_MEASUREMENT': 'ko_KR.UTF-8', 'LC_IDENTIFICATION': 'ko_KR.UTF-8', 'ROS_AUTOMATIC_DISCOVERY_RANGE': 'SUBNET', 'QT_IM_MODULE': 'ibus', 'PWD': '/home/seeno04/camera_ws/build/libcamera', 'LC_ALL': 'ko_KR.UTF-8', 'XDG_CONFIG_DIRS': '/etc/xdg/xdg-ubuntu:/etc/xdg', 'XDG_DATA_DIRS': '/usr/share/ubuntu:/usr/share/gnome:/usr/local/share/:/usr/share/:/var/lib/snapd/desktop', 'PYTHONPATH': '/opt/ros/jazzy/lib/python3.12/site-packages', 'LC_NUMERIC': 'ko_KR.UTF-8', 'LC_PAPER': 'ko_KR.UTF-8', 'COLCON': '1', 'MEMORY_PRESSURE_WRITE': 'c29tZSAyMDAwMDAgMjAwMDAwMAA=', 'VTE_VERSION': '7600', 'CMAKE_PREFIX_PATH': '/home/seeno04/inno_ws/install/sllidar_ros2:/opt/ros/jazzy/opt/gz_math_vendor:/opt/ros/jazzy/opt/gz_utils_vendor:/opt/ros/jazzy/opt/gz_cmake_vendor'}), 'shell': False}
[397.352695] (-) TimerEvent: {}
[397.453027] (-) TimerEvent: {}
[397.553325] (-) TimerEvent: {}
[397.610028] (libcamera) StdoutLine: {'line': b"ninja: Entering directory `/home/seeno04/camera_ws/build/libcamera'\n"}
[397.635523] (libcamera) StdoutLine: {'line': b'\n'}
[397.635917] (libcamera) StdoutLine: {'line': b'[0/17] Generating subprojects/libpisp/src/version.cpp with a custom command\x1b[K\n'}
[397.653447] (-) TimerEvent: {}
[397.753767] (-) TimerEvent: {}
[397.818229] (libcamera) StdoutLine: {'line': b'[0/17] Generating src/libcamera/version.cpp with a custom command\x1b[K\n'}
[397.818627] (libcamera) StdoutLine: {'line': b'[1/17] Generating subprojects/libpisp/src/version.cpp with a custom command\x1b[K\n'}
[397.853933] (-) TimerEvent: {}
[397.868884] (libcamera) StdoutLine: {'line': b'[1/17] Compiling C++ object subprojects/libpisp/src/libpisp.so.1.5.0.p/meson-generated_.._version.cpp.o\x1b[K\n'}
[397.954060] (-) TimerEvent: {}
[398.054429] (-) TimerEvent: {}
[398.154770] (-) TimerEvent: {}
[398.255185] (-) TimerEvent: {}
[398.256505] (libcamera) StdoutLine: {'line': b'[2/17] Generating src/libcamera/version.cpp with a custom command\x1b[K\n'}
[398.256944] (libcamera) StdoutLine: {'line': b'[3/16] Compiling C++ object subprojects/libpisp/src/libpisp.so.1.5.0.p/meson-generated_.._version.cpp.o\x1b[K\n'}
[398.355284] (-) TimerEvent: {}
[398.431231] (libcamera) StdoutLine: {'line': b'[3/16] Linking target subprojects/libpisp/src/libpisp.so.1.5.0\x1b[K\n'}
[398.431603] (libcamera) StdoutLine: {'line': b'[4/16] Linking target subprojects/libpisp/src/libpisp.so.1.5.0\x1b[K\n'}
[398.455415] (-) TimerEvent: {}
[398.555807] (-) TimerEvent: {}
[398.572040] (libcamera) StdoutLine: {'line': b'[4/16] Generating symbol file subprojects/libpisp/src/libpisp.so.1.5.0.p/libpisp.so.1.5.0.symbols\x1b[K\n'}
[398.572469] (libcamera) StdoutLine: {'line': b'[5/16] Generating symbol file subprojects/libpisp/src/libpisp.so.1.5.0.p/libpisp.so.1.5.0.symbols\x1b[K\n'}
[398.574030] (libcamera) StdoutLine: {'line': b'Installing include/libcamera/ipa/core_ipa_interface.h to /home/seeno04/camera_ws/install/libcamera/include/libcamera/libcamera/ipa\n'}
[398.574664] (libcamera) StdoutLine: {'line': b'Installing include/libcamera/ipa/raspberrypi_ipa_interface.h to /home/seeno04/camera_ws/install/libcamera/include/libcamera/libcamera/ipa\n'}
[398.574911] (libcamera) StdoutLine: {'line': b'Installing include/libcamera/control_ids.h to /home/seeno04/camera_ws/install/libcamera/include/libcamera/libcamera\n'}
[398.575140] (libcamera) StdoutLine: {'line': b'Installing include/libcamera/property_ids.h to /home/seeno04/camera_ws/install/libcamera/include/libcamera/libcamera\n'}
[398.575353] (libcamera) StdoutLine: {'line': b'Installing include/libcamera/formats.h to /home/seeno04/camera_ws/install/libcamera/include/libcamera/libcamera\n'}
[398.575549] (libcamera) StdoutLine: {'line': b'Installing include/libcamera/libcamera.h to /home/seeno04/camera_ws/install/libcamera/include/libcamera/libcamera\n'}
[398.575751] (libcamera) StdoutLine: {'line': b'Installing src/libcamera/base/libcamera-base.so.0.7.1 to /home/seeno04/camera_ws/install/libcamera/lib\n'}
[398.576888] (libcamera) StdoutLine: {'line': b'Installing subprojects/libpisp/src/libpisp.so.1.5.0 to /home/seeno04/camera_ws/install/libcamera/lib\n'}
[398.579978] (libcamera) StdoutLine: {'line': b'Installing src/libcamera/libcamera.so.0.7.1 to /home/seeno04/camera_ws/install/libcamera/lib\n'}
[398.589511] (libcamera) StdoutLine: {'line': b'Installing src/libcamera/proxy/worker/raspberrypi_ipa_proxy to /home/seeno04/camera_ws/install/libcamera/libexec/libcamera\n'}
[398.590148] (libcamera) StdoutLine: {'line': b'Installing src/ipa/rpi/pisp/ipa_rpi_pisp.so to /home/seeno04/camera_ws/install/libcamera/lib/libcamera/ipa\n'}
[398.592961] (libcamera) StdoutLine: {'line': b'Installing src/ipa/rpi/vc4/ipa_rpi_vc4.so to /home/seeno04/camera_ws/install/libcamera/lib/libcamera/ipa\n'}
[398.595315] (libcamera) StdoutLine: {'line': b'Installing src/gstreamer/libgstlibcamera.so to /home/seeno04/camera_ws/install/libcamera/lib/gstreamer-1.0\n'}
[398.596619] (libcamera) StdoutLine: {'line': b'Installing src/py/libcamera/_libcamera.cpython-312-aarch64-linux-gnu.so to /home/seeno04/camera_ws/install/libcamera/lib/python3/dist-packages/libcamera\n'}
[398.600937] (libcamera) StdoutLine: {'line': b'Installing src/v4l2/v4l2-compat.so to /home/seeno04/camera_ws/install/libcamera/libexec/libcamera\n'}
[398.602073] (libcamera) StdoutLine: {'line': b'Installing /home/seeno04/camera_ws/src/libcamera/include/libcamera/base/bound_method.h to /home/seeno04/camera_ws/install/libcamera/include/libcamera/libcamera/base\n'}
[398.602392] (libcamera) StdoutLine: {'line': b'Installing /home/seeno04/camera_ws/src/libcamera/include/libcamera/base/class.h to /home/seeno04/camera_ws/install/libcamera/include/libcamera/libcamera/base\n'}
[398.602578] (libcamera) StdoutLine: {'line': b'Installing /home/seeno04/camera_ws/src/libcamera/include/libcamera/base/flags.h to /home/seeno04/camera_ws/install/libcamera/include/libcamera/libcamera/base\n'}
[398.602755] (libcamera) StdoutLine: {'line': b'Installing /home/seeno04/camera_ws/src/libcamera/include/libcamera/base/object.h to /home/seeno04/camera_ws/install/libcamera/include/libcamera/libcamera/base\n'}
[398.602917] (libcamera) StdoutLine: {'line': b'Installing /home/seeno04/camera_ws/src/libcamera/include/libcamera/base/shared_fd.h to /home/seeno04/camera_ws/install/libcamera/include/libcamera/libcamera/base\n'}
[398.603083] (libcamera) StdoutLine: {'line': b'Installing /home/seeno04/camera_ws/src/libcamera/include/libcamera/base/signal.h to /home/seeno04/camera_ws/install/libcamera/include/libcamera/libcamera/base\n'}
[398.603267] (libcamera) StdoutLine: {'line': b'Installing /home/seeno04/camera_ws/src/libcamera/include/libcamera/base/span.h to /home/seeno04/camera_ws/install/libcamera/include/libcamera/libcamera/base\n'}
[398.603447] (libcamera) StdoutLine: {'line': b'Installing /home/seeno04/camera_ws/src/libcamera/include/libcamera/base/unique_fd.h to /home/seeno04/camera_ws/install/libcamera/include/libcamera/libcamera/base\n'}
[398.603632] (libcamera) StdoutLine: {'line': b'Installing /home/seeno04/camera_ws/src/libcamera/include/libcamera/ipa/ipa_controls.h to /home/seeno04/camera_ws/install/libcamera/include/libcamera/libcamera/ipa\n'}
[398.603814] (libcamera) StdoutLine: {'line': b'Installing /home/seeno04/camera_ws/src/libcamera/include/libcamera/ipa/ipa_interface.h to /home/seeno04/camera_ws/install/libcamera/include/libcamera/libcamera/ipa\n'}
[398.604095] (libcamera) StdoutLine: {'line': b'Installing /home/seeno04/camera_ws/src/libcamera/include/libcamera/ipa/ipa_module_info.h to /home/seeno04/camera_ws/install/libcamera/include/libcamera/libcamera/ipa\n'}
[398.604394] (libcamera) StdoutLine: {'line': b'Installing /home/seeno04/camera_ws/src/libcamera/include/libcamera/camera.h to /home/seeno04/camera_ws/install/libcamera/include/libcamera/libcamera\n'}
[398.604815] (libcamera) StdoutLine: {'line': b'Installing /home/seeno04/camera_ws/src/libcamera/include/libcamera/camera_manager.h to /home/seeno04/camera_ws/install/libcamera/include/libcamera/libcamera\n'}
[398.605032] (libcamera) StdoutLine: {'line': b'Installing /home/seeno04/camera_ws/src/libcamera/include/libcamera/color_space.h to /home/seeno04/camera_ws/install/libcamera/include/libcamera/libcamera\n'}
[398.605662] (libcamera) StdoutLine: {'line': b'Installing /home/seeno04/camera_ws/src/libcamera/include/libcamera/controls.h to /home/seeno04/camera_ws/install/libcamera/include/libcamera/libcamera\n'}
[398.605928] (libcamera) StdoutLine: {'line': b'Installing /home/seeno04/camera_ws/src/libcamera/include/libcamera/fence.h to /home/seeno04/camera_ws/install/libcamera/include/libcamera/libcamera\n'}
[398.607220] (libcamera) StdoutLine: {'line': b'Installing /home/seeno04/camera_ws/src/libcamera/include/libcamera/framebuffer.h to /home/seeno04/camera_ws/install/libcamera/include/libcamera/libcamera\n'}
[398.607520] (libcamera) StdoutLine: {'line': b'Installing /home/seeno04/camera_ws/src/libcamera/include/libcamera/framebuffer_allocator.h to /home/seeno04/camera_ws/install/libcamera/include/libcamera/libcamera\n'}
[398.607649] (libcamera) StdoutLine: {'line': b'Installing /home/seeno04/camera_ws/src/libcamera/include/libcamera/geometry.h to /home/seeno04/camera_ws/install/libcamera/include/libcamera/libcamera\n'}
[398.607767] (libcamera) StdoutLine: {'line': b'Installing /home/seeno04/camera_ws/src/libcamera/include/libcamera/logging.h to /home/seeno04/camera_ws/install/libcamera/include/libcamera/libcamera\n'}
[398.607871] (libcamera) StdoutLine: {'line': b'Installing /home/seeno04/camera_ws/src/libcamera/include/libcamera/orientation.h to /home/seeno04/camera_ws/install/libcamera/include/libcamera/libcamera\n'}
[398.607983] (libcamera) StdoutLine: {'line': b'Installing /home/seeno04/camera_ws/src/libcamera/include/libcamera/pixel_format.h to /home/seeno04/camera_ws/install/libcamera/include/libcamera/libcamera\n'}
[398.608073] (libcamera) StdoutLine: {'line': b'Installing /home/seeno04/camera_ws/src/libcamera/include/libcamera/request.h to /home/seeno04/camera_ws/install/libcamera/include/libcamera/libcamera\n'}
[398.608192] (libcamera) StdoutLine: {'line': b'Installing /home/seeno04/camera_ws/src/libcamera/include/libcamera/stream.h to /home/seeno04/camera_ws/install/libcamera/include/libcamera/libcamera\n'}
[398.608298] (libcamera) StdoutLine: {'line': b'Installing /home/seeno04/camera_ws/src/libcamera/include/libcamera/transform.h to /home/seeno04/camera_ws/install/libcamera/include/libcamera/libcamera\n'}
[398.608414] (libcamera) StdoutLine: {'line': b'Installing /home/seeno04/camera_ws/src/libcamera/subprojects/libpisp/src/libpisp/common/pisp_common.h to /home/seeno04/camera_ws/install/libcamera/include/libpisp/common\n'}
[398.608505] (libcamera) StdoutLine: {'line': b'Installing /home/seeno04/camera_ws/src/libcamera/subprojects/libpisp/src/libpisp/common/logging.hpp to /home/seeno04/camera_ws/install/libcamera/include/libpisp/common\n'}
[398.608631] (libcamera) StdoutLine: {'line': b'Installing /home/seeno04/camera_ws/src/libcamera/subprojects/libpisp/src/libpisp/common/shm_mutex.hpp to /home/seeno04/camera_ws/install/libcamera/include/libpisp/common\n'}
[398.608744] (libcamera) StdoutLine: {'line': b'Installing /home/seeno04/camera_ws/src/libcamera/subprojects/libpisp/src/libpisp/common/utils.hpp to /home/seeno04/camera_ws/install/libcamera/include/libpisp/common\n'}
[398.608851] (libcamera) StdoutLine: {'line': b'Installing /home/seeno04/camera_ws/src/libcamera/subprojects/libpisp/src/libpisp/common/version.hpp to /home/seeno04/camera_ws/install/libcamera/include/libpisp/common\n'}
[398.609020] (libcamera) StdoutLine: {'line': b'Installing /home/seeno04/camera_ws/src/libcamera/subprojects/libpisp/src/libpisp/variants/variant.hpp to /home/seeno04/camera_ws/install/libcamera/include/libpisp/variants\n'}
[398.609247] (libcamera) StdoutLine: {'line': b'Installing /home/seeno04/camera_ws/src/libcamera/subprojects/libpisp/src/libpisp/frontend/frontend.hpp to /home/seeno04/camera_ws/install/libcamera/include/libpisp/frontend\n'}
[398.609565] (libcamera) StdoutLine: {'line': b'Installing /home/seeno04/camera_ws/src/libcamera/subprojects/libpisp/src/libpisp/frontend/pisp_fe_config.h to /home/seeno04/camera_ws/install/libcamera/include/libpisp/frontend\n'}
[398.609876] (libcamera) StdoutLine: {'line': b'Installing /home/seeno04/camera_ws/src/libcamera/subprojects/libpisp/src/libpisp/frontend/pisp_statistics.h to /home/seeno04/camera_ws/install/libcamera/include/libpisp/frontend\n'}
[398.610240] (libcamera) StdoutLine: {'line': b'Installing /home/seeno04/camera_ws/src/libcamera/subprojects/libpisp/src/libpisp/backend/backend.hpp to /home/seeno04/camera_ws/install/libcamera/include/libpisp/backend\n'}
[398.610671] (libcamera) StdoutLine: {'line': b'Installing /home/seeno04/camera_ws/src/libcamera/subprojects/libpisp/src/libpisp/backend/pisp_be_config.h to /home/seeno04/camera_ws/install/libcamera/include/libpisp/backend\n'}
[398.610970] (libcamera) StdoutLine: {'line': b'Installing /home/seeno04/camera_ws/src/libcamera/subprojects/libpisp/src/libpisp/backend/tiling/pisp_tiling.hpp to /home/seeno04/camera_ws/install/libcamera/include/libpisp/backend/tiling\n'}
[398.611527] (libcamera) StdoutLine: {'line': b'Installing /home/seeno04/camera_ws/src/libcamera/subprojects/libpisp/src/libpisp/backend/tiling/types.hpp to /home/seeno04/camera_ws/install/libcamera/include/libpisp/backend/tiling\n'}
[398.612006] (libcamera) StdoutLine: {'line': b'Installing /home/seeno04/camera_ws/src/libcamera/subprojects/libpisp/src/helpers/backend_device.hpp to /home/seeno04/camera_ws/install/libcamera/include/libpisp/helpers\n'}
[398.612448] (libcamera) StdoutLine: {'line': b'Installing /home/seeno04/camera_ws/src/libcamera/subprojects/libpisp/src/helpers/buffer.hpp to /home/seeno04/camera_ws/install/libcamera/include/libpisp/helpers\n'}
[398.612672] (libcamera) StdoutLine: {'line': b'Installing /home/seeno04/camera_ws/src/libcamera/subprojects/libpisp/src/helpers/device_fd.hpp to /home/seeno04/camera_ws/install/libcamera/include/libpisp/helpers\n'}
[398.612871] (libcamera) StdoutLine: {'line': b'Installing /home/seeno04/camera_ws/src/libcamera/subprojects/libpisp/src/helpers/dma_heap.hpp to /home/seeno04/camera_ws/install/libcamera/include/libpisp/helpers\n'}
[398.615278] (libcamera) StdoutLine: {'line': b'Installing /home/seeno04/camera_ws/src/libcamera/subprojects/libpisp/src/helpers/media_device.hpp to /home/seeno04/camera_ws/install/libcamera/include/libpisp/helpers\n'}
[398.615749] (libcamera) StdoutLine: {'line': b'Installing /home/seeno04/camera_ws/src/libcamera/subprojects/libpisp/src/helpers/v4l2_device.hpp to /home/seeno04/camera_ws/install/libcamera/include/libpisp/helpers\n'}
[398.615980] (libcamera) StdoutLine: {'line': b'Installing /home/seeno04/camera_ws/src/libcamera/utils/libcamera-bug-report to /home/seeno04/camera_ws/install/libcamera/bin\n'}
[398.619297] (libcamera) StdoutLine: {'line': b'Installing /home/seeno04/camera_ws/build/libcamera/include/libcamera/version.h to /home/seeno04/camera_ws/install/libcamera/include/libcamera/libcamera\n'}
[398.619625] (libcamera) StdoutLine: {'line': b'Installing /home/seeno04/camera_ws/build/libcamera/meson-private/libcamera-base.pc to /home/seeno04/camera_ws/install/libcamera/lib/pkgconfig\n'}
[398.619743] (libcamera) StdoutLine: {'line': b'Installing /home/seeno04/camera_ws/src/libcamera/subprojects/libpisp/src/libpisp/backend/backend_default_config.json to /home/seeno04/camera_ws/install/libcamera/share/libpisp\n'}
[398.619941] (libcamera) StdoutLine: {'line': b'Installing /home/seeno04/camera_ws/build/libcamera/meson-private/libpisp.pc to /home/seeno04/camera_ws/install/libcamera/lib/pkgconfig\n'}
[398.620067] (libcamera) StdoutLine: {'line': b'Installing /home/seeno04/camera_ws/src/libcamera/src/libcamera/pipeline/rpi/pisp/data/example.yaml to /home/seeno04/camera_ws/install/libcamera/share/libcamera/pipeline/rpi/pisp\n'}
[398.620276] (libcamera) StdoutLine: {'line': b'Installing /home/seeno04/camera_ws/src/libcamera/src/libcamera/pipeline/rpi/vc4/data/example.yaml to /home/seeno04/camera_ws/install/libcamera/share/libcamera/pipeline/rpi/vc4\n'}
[398.620459] (libcamera) StdoutLine: {'line': b'Installing /home/seeno04/camera_ws/src/libcamera/src/libcamera/pipeline/rpi/vc4/data/rpi_apps.yaml to /home/seeno04/camera_ws/install/libcamera/share/libcamera/pipeline/rpi/vc4\n'}
[398.620589] (libcamera) StdoutLine: {'line': b'Installing /home/seeno04/camera_ws/build/libcamera/meson-private/libcamera.pc to /home/seeno04/camera_ws/install/libcamera/lib/pkgconfig\n'}
[398.620684] (libcamera) StdoutLine: {'line': b'Installing /home/seeno04/camera_ws/src/libcamera/src/ipa/rpi/pisp/data/imx219.json to /home/seeno04/camera_ws/install/libcamera/share/libcamera/ipa/rpi/pisp\n'}
[398.620856] (libcamera) StdoutLine: {'line': b'Installing /home/seeno04/camera_ws/src/libcamera/src/ipa/rpi/pisp/data/imx219_noir.json to /home/seeno04/camera_ws/install/libcamera/share/libcamera/ipa/rpi/pisp\n'}
[398.620988] (libcamera) StdoutLine: {'line': b'Installing /home/seeno04/camera_ws/src/libcamera/src/ipa/rpi/pisp/data/imx283.json to /home/seeno04/camera_ws/install/libcamera/share/libcamera/ipa/rpi/pisp\n'}
[398.621089] (libcamera) StdoutLine: {'line': b'Installing /home/seeno04/camera_ws/src/libcamera/src/ipa/rpi/pisp/data/imx290.json to /home/seeno04/camera_ws/install/libcamera/share/libcamera/ipa/rpi/pisp\n'}
[398.621211] (libcamera) StdoutLine: {'line': b'Installing /home/seeno04/camera_ws/src/libcamera/src/ipa/rpi/pisp/data/imx296.json to /home/seeno04/camera_ws/install/libcamera/share/libcamera/ipa/rpi/pisp\n'}
[398.622295] (libcamera) StdoutLine: {'line': b'Installing /home/seeno04/camera_ws/src/libcamera/src/ipa/rpi/pisp/data/imx296_mono.json to /home/seeno04/camera_ws/install/libcamera/share/libcamera/ipa/rpi/pisp\n'}
[398.624811] (libcamera) StdoutLine: {'line': b'Installing /home/seeno04/camera_ws/src/libcamera/src/ipa/rpi/pisp/data/imx335.json to /home/seeno04/camera_ws/install/libcamera/share/libcamera/ipa/rpi/pisp\n'}
[398.625050] (libcamera) StdoutLine: {'line': b'Installing /home/seeno04/camera_ws/src/libcamera/src/ipa/rpi/pisp/data/imx378.json to /home/seeno04/camera_ws/install/libcamera/share/libcamera/ipa/rpi/pisp\n'}
[398.625189] (libcamera) StdoutLine: {'line': b'Installing /home/seeno04/camera_ws/src/libcamera/src/ipa/rpi/pisp/data/imx415.json to /home/seeno04/camera_ws/install/libcamera/share/libcamera/ipa/rpi/pisp\n'}
[398.626707] (libcamera) StdoutLine: {'line': b'Installing /home/seeno04/camera_ws/src/libcamera/src/ipa/rpi/pisp/data/imx415_b0569.json to /home/seeno04/camera_ws/install/libcamera/share/libcamera/ipa/rpi/pisp\n'}
[398.627112] (libcamera) StdoutLine: {'line': b'Installing /home/seeno04/camera_ws/src/libcamera/src/ipa/rpi/pisp/data/imx462.json to /home/seeno04/camera_ws/install/libcamera/share/libcamera/ipa/rpi/pisp\n'}
[398.627396] (libcamera) StdoutLine: {'line': b'Installing /home/seeno04/camera_ws/src/libcamera/src/ipa/rpi/pisp/data/imx477.json to /home/seeno04/camera_ws/install/libcamera/share/libcamera/ipa/rpi/pisp\n'}
[398.627548] (libcamera) StdoutLine: {'line': b'Installing /home/seeno04/camera_ws/src/libcamera/src/ipa/rpi/pisp/data/imx477_noir.json to /home/seeno04/camera_ws/install/libcamera/share/libcamera/ipa/rpi/pisp\n'}
[398.627663] (libcamera) StdoutLine: {'line': b'Installing /home/seeno04/camera_ws/src/libcamera/src/ipa/rpi/pisp/data/imx477_scientific.json to /home/seeno04/camera_ws/install/libcamera/share/libcamera/ipa/rpi/pisp\n'}
[398.627825] (libcamera) StdoutLine: {'line': b'Installing /home/seeno04/camera_ws/src/libcamera/src/ipa/rpi/pisp/data/imx500.json to /home/seeno04/camera_ws/install/libcamera/share/libcamera/ipa/rpi/pisp\n'}
[398.627935] (libcamera) StdoutLine: {'line': b'Installing /home/seeno04/camera_ws/src/libcamera/src/ipa/rpi/pisp/data/imx519.json to /home/seeno04/camera_ws/install/libcamera/share/libcamera/ipa/rpi/pisp\n'}
[398.628029] (libcamera) StdoutLine: {'line': b'Installing /home/seeno04/camera_ws/src/libcamera/src/ipa/rpi/pisp/data/imx708.json to /home/seeno04/camera_ws/install/libcamera/share/libcamera/ipa/rpi/pisp\n'}
[398.628136] (libcamera) StdoutLine: {'line': b'Installing /home/seeno04/camera_ws/src/libcamera/src/ipa/rpi/pisp/data/imx708_noir.json to /home/seeno04/camera_ws/install/libcamera/share/libcamera/ipa/rpi/pisp\n'}
[398.628335] (libcamera) StdoutLine: {'line': b'Installing /home/seeno04/camera_ws/src/libcamera/src/ipa/rpi/pisp/data/imx708_wide.json to /home/seeno04/camera_ws/install/libcamera/share/libcamera/ipa/rpi/pisp\n'}
[398.631251] (libcamera) StdoutLine: {'line': b'Installing /home/seeno04/camera_ws/src/libcamera/src/ipa/rpi/pisp/data/imx708_wide_noir.json to /home/seeno04/camera_ws/install/libcamera/share/libcamera/ipa/rpi/pisp\n'}
[398.631642] (libcamera) StdoutLine: {'line': b'Installing /home/seeno04/camera_ws/src/libcamera/src/ipa/rpi/pisp/data/ov5647.json to /home/seeno04/camera_ws/install/libcamera/share/libcamera/ipa/rpi/pisp\n'}
[398.631794] (libcamera) StdoutLine: {'line': b'Installing /home/seeno04/camera_ws/src/libcamera/src/ipa/rpi/pisp/data/ov5647_noir.json to /home/seeno04/camera_ws/install/libcamera/share/libcamera/ipa/rpi/pisp\n'}
[398.633441] (libcamera) StdoutLine: {'line': b'Installing /home/seeno04/camera_ws/src/libcamera/src/ipa/rpi/pisp/data/ov64a40.json to /home/seeno04/camera_ws/install/libcamera/share/libcamera/ipa/rpi/pisp\n'}
[398.633798] (libcamera) StdoutLine: {'line': b'Installing /home/seeno04/camera_ws/src/libcamera/src/ipa/rpi/pisp/data/ov9281_mono.json to /home/seeno04/camera_ws/install/libcamera/share/libcamera/ipa/rpi/pisp\n'}
[398.633899] (libcamera) StdoutLine: {'line': b'Installing /home/seeno04/camera_ws/src/libcamera/src/ipa/rpi/pisp/data/se327m12.json to /home/seeno04/camera_ws/install/libcamera/share/libcamera/ipa/rpi/pisp\n'}
[398.634017] (libcamera) StdoutLine: {'line': b'Installing /home/seeno04/camera_ws/src/libcamera/src/ipa/rpi/pisp/data/uncalibrated.json to /home/seeno04/camera_ws/install/libcamera/share/libcamera/ipa/rpi/pisp\n'}
[398.634699] (libcamera) StdoutLine: {'line': b'Installing /home/seeno04/camera_ws/src/libcamera/src/ipa/rpi/pisp/data/vd55g1.json to /home/seeno04/camera_ws/install/libcamera/share/libcamera/ipa/rpi/pisp\n'}
[398.634886] (libcamera) StdoutLine: {'line': b'Installing /home/seeno04/camera_ws/src/libcamera/src/ipa/rpi/pisp/data/vd55g1_mono.json to /home/seeno04/camera_ws/install/libcamera/share/libcamera/ipa/rpi/pisp\n'}
[398.634989] (libcamera) StdoutLine: {'line': b'Installing /home/seeno04/camera_ws/src/libcamera/src/ipa/rpi/pisp/data/vd56g3.json to /home/seeno04/camera_ws/install/libcamera/share/libcamera/ipa/rpi/pisp\n'}
[398.635081] (libcamera) StdoutLine: {'line': b'Installing /home/seeno04/camera_ws/src/libcamera/src/ipa/rpi/pisp/data/vd56g3_mono.json to /home/seeno04/camera_ws/install/libcamera/share/libcamera/ipa/rpi/pisp\n'}
[398.635189] (libcamera) StdoutLine: {'line': b'Installing /home/seeno04/camera_ws/src/libcamera/src/ipa/rpi/vc4/data/imx219.json to /home/seeno04/camera_ws/install/libcamera/share/libcamera/ipa/rpi/vc4\n'}
[398.635316] (libcamera) StdoutLine: {'line': b'Installing /home/seeno04/camera_ws/src/libcamera/src/ipa/rpi/vc4/data/imx219_noir.json to /home/seeno04/camera_ws/install/libcamera/share/libcamera/ipa/rpi/vc4\n'}
[398.635467] (libcamera) StdoutLine: {'line': b'Installing /home/seeno04/camera_ws/src/libcamera/src/ipa/rpi/vc4/data/imx283.json to /home/seeno04/camera_ws/install/libcamera/share/libcamera/ipa/rpi/vc4\n'}
[398.635584] (libcamera) StdoutLine: {'line': b'Installing /home/seeno04/camera_ws/src/libcamera/src/ipa/rpi/vc4/data/imx290.json to /home/seeno04/camera_ws/install/libcamera/share/libcamera/ipa/rpi/vc4\n'}
[398.640503] (libcamera) StdoutLine: {'line': b'Installing /home/seeno04/camera_ws/src/libcamera/src/ipa/rpi/vc4/data/imx296.json to /home/seeno04/camera_ws/install/libcamera/share/libcamera/ipa/rpi/vc4\n'}
[398.641011] (libcamera) StdoutLine: {'line': b'Installing /home/seeno04/camera_ws/src/libcamera/src/ipa/rpi/vc4/data/imx296_mono.json to /home/seeno04/camera_ws/install/libcamera/share/libcamera/ipa/rpi/vc4\n'}
[398.641139] (libcamera) StdoutLine: {'line': b'Installing /home/seeno04/camera_ws/src/libcamera/src/ipa/rpi/vc4/data/imx327.json to /home/seeno04/camera_ws/install/libcamera/share/libcamera/ipa/rpi/vc4\n'}
[398.641290] (libcamera) StdoutLine: {'line': b'Installing /home/seeno04/camera_ws/src/libcamera/src/ipa/rpi/vc4/data/imx335.json to /home/seeno04/camera_ws/install/libcamera/share/libcamera/ipa/rpi/vc4\n'}
[398.641394] (libcamera) StdoutLine: {'line': b'Installing /home/seeno04/camera_ws/src/libcamera/src/ipa/rpi/vc4/data/imx378.json to /home/seeno04/camera_ws/install/libcamera/share/libcamera/ipa/rpi/vc4\n'}
[398.641485] (libcamera) StdoutLine: {'line': b'Installing /home/seeno04/camera_ws/src/libcamera/src/ipa/rpi/vc4/data/imx415.json to /home/seeno04/camera_ws/install/libcamera/share/libcamera/ipa/rpi/vc4\n'}
[398.641575] (libcamera) StdoutLine: {'line': b'Installing /home/seeno04/camera_ws/src/libcamera/src/ipa/rpi/vc4/data/imx415_b0569.json to /home/seeno04/camera_ws/install/libcamera/share/libcamera/ipa/rpi/vc4\n'}
[398.641661] (libcamera) StdoutLine: {'line': b'Installing /home/seeno04/camera_ws/src/libcamera/src/ipa/rpi/vc4/data/imx462.json to /home/seeno04/camera_ws/install/libcamera/share/libcamera/ipa/rpi/vc4\n'}
[398.641746] (libcamera) StdoutLine: {'line': b'Installing /home/seeno04/camera_ws/src/libcamera/src/ipa/rpi/vc4/data/imx477.json to /home/seeno04/camera_ws/install/libcamera/share/libcamera/ipa/rpi/vc4\n'}
[398.641831] (libcamera) StdoutLine: {'line': b'Installing /home/seeno04/camera_ws/src/libcamera/src/ipa/rpi/vc4/data/imx477_noir.json to /home/seeno04/camera_ws/install/libcamera/share/libcamera/ipa/rpi/vc4\n'}
[398.641914] (libcamera) StdoutLine: {'line': b'Installing /home/seeno04/camera_ws/src/libcamera/src/ipa/rpi/vc4/data/imx477_scientific.json to /home/seeno04/camera_ws/install/libcamera/share/libcamera/ipa/rpi/vc4\n'}
[398.642023] (libcamera) StdoutLine: {'line': b'Installing /home/seeno04/camera_ws/src/libcamera/src/ipa/rpi/vc4/data/imx500.json to /home/seeno04/camera_ws/install/libcamera/share/libcamera/ipa/rpi/vc4\n'}
[398.642108] (libcamera) StdoutLine: {'line': b'Installing /home/seeno04/camera_ws/src/libcamera/src/ipa/rpi/vc4/data/imx519.json to /home/seeno04/camera_ws/install/libcamera/share/libcamera/ipa/rpi/vc4\n'}
[398.645348] (libcamera) StdoutLine: {'line': b'Installing /home/seeno04/camera_ws/src/libcamera/src/ipa/rpi/vc4/data/imx708.json to /home/seeno04/camera_ws/install/libcamera/share/libcamera/ipa/rpi/vc4\n'}
[398.645597] (libcamera) StdoutLine: {'line': b'Installing /home/seeno04/camera_ws/src/libcamera/src/ipa/rpi/vc4/data/imx708_noir.json to /home/seeno04/camera_ws/install/libcamera/share/libcamera/ipa/rpi/vc4\n'}
[398.645698] (libcamera) StdoutLine: {'line': b'Installing /home/seeno04/camera_ws/src/libcamera/src/ipa/rpi/vc4/data/imx708_wide.json to /home/seeno04/camera_ws/install/libcamera/share/libcamera/ipa/rpi/vc4\n'}
[398.645819] (libcamera) StdoutLine: {'line': b'Installing /home/seeno04/camera_ws/src/libcamera/src/ipa/rpi/vc4/data/imx708_wide_noir.json to /home/seeno04/camera_ws/install/libcamera/share/libcamera/ipa/rpi/vc4\n'}
[398.645922] (libcamera) StdoutLine: {'line': b'Installing /home/seeno04/camera_ws/src/libcamera/src/ipa/rpi/vc4/data/ov5647.json to /home/seeno04/camera_ws/install/libcamera/share/libcamera/ipa/rpi/vc4\n'}
[398.646014] (libcamera) StdoutLine: {'line': b'Installing /home/seeno04/camera_ws/src/libcamera/src/ipa/rpi/vc4/data/ov5647_noir.json to /home/seeno04/camera_ws/install/libcamera/share/libcamera/ipa/rpi/vc4\n'}
[398.646106] (libcamera) StdoutLine: {'line': b'Installing /home/seeno04/camera_ws/src/libcamera/src/ipa/rpi/vc4/data/ov64a40.json to /home/seeno04/camera_ws/install/libcamera/share/libcamera/ipa/rpi/vc4\n'}
[398.646337] (libcamera) StdoutLine: {'line': b'Installing /home/seeno04/camera_ws/src/libcamera/src/ipa/rpi/vc4/data/ov7251_mono.json to /home/seeno04/camera_ws/install/libcamera/share/libcamera/ipa/rpi/vc4\n'}
[398.646458] (libcamera) StdoutLine: {'line': b'Installing /home/seeno04/camera_ws/src/libcamera/src/ipa/rpi/vc4/data/ov9281_mono.json to /home/seeno04/camera_ws/install/libcamera/share/libcamera/ipa/rpi/vc4\n'}
[398.646548] (libcamera) StdoutLine: {'line': b'Installing /home/seeno04/camera_ws/src/libcamera/src/ipa/rpi/vc4/data/se327m12.json to /home/seeno04/camera_ws/install/libcamera/share/libcamera/ipa/rpi/vc4\n'}
[398.646633] (libcamera) StdoutLine: {'line': b'Installing /home/seeno04/camera_ws/src/libcamera/src/ipa/rpi/vc4/data/uncalibrated.json to /home/seeno04/camera_ws/install/libcamera/share/libcamera/ipa/rpi/vc4\n'}
[398.646716] (libcamera) StdoutLine: {'line': b'Installing /home/seeno04/camera_ws/src/libcamera/src/ipa/rpi/vc4/data/vd55g1.json to /home/seeno04/camera_ws/install/libcamera/share/libcamera/ipa/rpi/vc4\n'}
[398.646798] (libcamera) StdoutLine: {'line': b'Installing /home/seeno04/camera_ws/src/libcamera/src/ipa/rpi/vc4/data/vd55g1_mono.json to /home/seeno04/camera_ws/install/libcamera/share/libcamera/ipa/rpi/vc4\n'}
[398.646895] (libcamera) StdoutLine: {'line': b'Installing /home/seeno04/camera_ws/src/libcamera/src/ipa/rpi/vc4/data/vd56g3.json to /home/seeno04/camera_ws/install/libcamera/share/libcamera/ipa/rpi/vc4\n'}
[398.646981] (libcamera) StdoutLine: {'line': b'Installing /home/seeno04/camera_ws/src/libcamera/src/ipa/rpi/vc4/data/vd56g3_mono.json to /home/seeno04/camera_ws/install/libcamera/share/libcamera/ipa/rpi/vc4\n'}
[398.647064] (libcamera) StdoutLine: {'line': b'Installing /home/seeno04/camera_ws/src/libcamera/src/py/libcamera/__init__.py to /home/seeno04/camera_ws/install/libcamera/lib/python3/dist-packages/libcamera\n'}
[398.647147] (libcamera) StdoutLine: {'line': b'Installing /home/seeno04/camera_ws/build/libcamera/src/v4l2/libcamerify to /home/seeno04/camera_ws/install/libcamera/bin\n'}
[398.647269] (libcamera) StdoutLine: {'line': b'Installing symlink pointing to libcamera-base.so.0.7.1 to /home/seeno04/camera_ws/install/libcamera/lib/libcamera-base.so.0.7\n'}
[398.647396] (libcamera) StdoutLine: {'line': b'Installing symlink pointing to libcamera-base.so.0.7 to /home/seeno04/camera_ws/install/libcamera/lib/libcamera-base.so\n'}
[398.647486] (libcamera) StdoutLine: {'line': b'Installing symlink pointing to libpisp.so.1.5.0 to /home/seeno04/camera_ws/install/libcamera/lib/libpisp.so.1\n'}
[398.647567] (libcamera) StdoutLine: {'line': b'Installing symlink pointing to libpisp.so.1 to /home/seeno04/camera_ws/install/libcamera/lib/libpisp.so\n'}
[398.647651] (libcamera) StdoutLine: {'line': b'Installing symlink pointing to libcamera.so.0.7.1 to /home/seeno04/camera_ws/install/libcamera/lib/libcamera.so.0.7\n'}
[398.647732] (libcamera) StdoutLine: {'line': b'Installing symlink pointing to libcamera.so.0.7 to /home/seeno04/camera_ws/install/libcamera/lib/libcamera.so\n'}
[398.648566] (libcamera) StdoutLine: {'line': b"Running custom install script '/home/seeno04/camera_ws/src/libcamera/src/ipa/ipa-sign-install.sh /home/seeno04/camera_ws/build/libcamera/src/ipa-priv-key.pem lib/libcamera/ipa/ipa_rpi_pisp.so lib/libcamera/ipa/ipa_rpi_vc4.so'\n"}
[398.656338] (libcamera) StdoutLine: {'line': b'Regenerating IPA modules signatures\n'}
[398.657377] (-) TimerEvent: {}
[398.691709] (libcamera) StdoutLine: {'line': b"Running custom install script '/usr/bin/python3 /home/seeno04/camera_ws/build/libcamera/meson-private/pycompile.py python-3.12-installed.json 0'\n"}
[398.745586] (libcamera) StdoutLine: {'line': b"Compiling '/home/seeno04/camera_ws/install/libcamera/lib/python3/dist-packages/libcamera/__init__.py'...\n"}
[398.759249] (-) TimerEvent: {}
[398.859613] (-) TimerEvent: {}
[398.881655] (libcamera) CommandEnded: {'returncode': 0}
[398.914096] (libcamera) JobEnded: {'identifier': 'libcamera', 'rc': 0}
[398.916711] (camera_ros) JobStarted: {'identifier': 'camera_ros'}
[398.929446] (camera_ros) JobProgress: {'identifier': 'camera_ros', 'progress': 'cmake'}
[398.930960] (camera_ros) Command: {'cmd': ['/usr/bin/cmake', '/home/seeno04/camera_ws/src/camera_ros', '-DCMAKE_INSTALL_PREFIX=/home/seeno04/camera_ws/install/camera_ros'], 'cwd': '/home/seeno04/camera_ws/build/camera_ros', 'env': OrderedDict({'LESSOPEN': '| /usr/bin/lesspipe %s', 'USER': 'seeno04', 'LC_TIME': 'ko_KR.UTF-8', 'XDG_SESSION_TYPE': 'wayland', 'CLUTTER_DISABLE_MIPMAPPED_TEXT': '1', 'SHLVL': '1', 'LD_LIBRARY_PATH': '/home/seeno04/camera_ws/install/libcamera/lib:/opt/ros/jazzy/opt/rviz_ogre_vendor/lib:/opt/ros/jazzy/lib/aarch64-linux-gnu:/opt/ros/jazzy/opt/gz_math_vendor/lib:/opt/ros/jazzy/opt/gz_utils_vendor/lib:/opt/ros/jazzy/opt/gz_cmake_vendor/lib:/opt/ros/jazzy/lib', 'HOME': '/home/seeno04', 'OLDPWD': '/home/seeno04/camera_ws', 'DESKTOP_SESSION': 'ubuntu', 'ROS_PYTHON_VERSION': '3', 'GNOME_SHELL_SESSION_MODE': 'ubuntu', 'GTK_MODULES': 'gail:atk-bridge', 'LC_MONETARY': 'ko_KR.UTF-8', 'SYSTEMD_EXEC_PID': '2930', 'GSM_SKIP_SSH_AGENT_WORKAROUND': 'true', 'DBUS_SESSION_BUS_ADDRESS': 'unix:path=/run/user/1000/bus', 'COLORTERM': 'truecolor', 'DEBUGINFOD_URLS': 'https://debuginfod.ubuntu.com', 'IM_CONFIG_PHASE': '1', 'WAYLAND_DISPLAY': 'wayland-0', 'COLCON_PREFIX_PATH': '/home/seeno04/inno_ws/install', 'ROS_DISTRO': 'jazzy', 'LOGNAME': 'seeno04', '_': '/usr/bin/colcon', 'ROS_VERSION': '2', 'MEMORY_PRESSURE_WATCH': '/sys/fs/cgroup/user.slice/user-1000.slice/user@1000.service/session.slice/org.gnome.Shell@wayland.service/memory.pressure', 'XDG_SESSION_CLASS': 'user', 'PKG_CONFIG_PATH': '/home/seeno04/camera_ws/install/libcamera/lib/pkgconfig', 'USERNAME': 'seeno04', 'TERM': 'xterm-256color', 'GNOME_DESKTOP_SESSION_ID': 'this-is-deprecated', 'ROS_LOCALHOST_ONLY': '0', 'PATH': '/home/seeno04/camera_ws/install/libcamera/bin:/home/seeno04/.local/bin:/opt/ros/jazzy/bin:/home/seeno04/.local/bin:/usr/local/sbin:/usr/local/bin:/usr/sbin:/usr/bin:/sbin:/bin:/usr/games:/usr/local/games:/snap/bin:/snap/bin', 'SESSION_MANAGER': 'local/seeno04-desktop:@/tmp/.ICE-unix/2889,unix/seeno04-desktop:/tmp/.ICE-unix/2889', 'PAPERSIZE': 'a4', 'XDG_MENU_PREFIX': 'gnome-', 'LC_ADDRESS': 'ko_KR.UTF-8', 'GNOME_TERMINAL_SCREEN': '/org/gnome/Terminal/screen/1fb37773_1218_4b89_a8fd_29a75d0cb57b', 'GNOME_SETUP_DISPLAY': ':1', 'XDG_RUNTIME_DIR': '/run/user/1000', 'DISPLAY': ':0', 'LANG': 'ko_KR.UTF-8', 'XDG_CURRENT_DESKTOP': 'ubuntu:GNOME', 'LC_TELEPHONE': 'ko_KR.UTF-8', 'XMODIFIERS': '@im=ibus', 'XDG_SESSION_DESKTOP': 'ubuntu', 'XAUTHORITY': '/run/user/1000/.mutter-Xwaylandauth.4NVOS3', 'LS_COLORS': 'rs=0:di=01;34:ln=01;36:mh=00:pi=40;33:so=01;35:do=01;35:bd=40;33;01:cd=40;33;01:or=40;31;01:mi=00:su=37;41:sg=30;43:ca=00:tw=30;42:ow=34;42:st=37;44:ex=01;32:*.tar=01;31:*.tgz=01;31:*.arc=01;31:*.arj=01;31:*.taz=01;31:*.lha=01;31:*.lz4=01;31:*.lzh=01;31:*.lzma=01;31:*.tlz=01;31:*.txz=01;31:*.tzo=01;31:*.t7z=01;31:*.zip=01;31:*.z=01;31:*.dz=01;31:*.gz=01;31:*.lrz=01;31:*.lz=01;31:*.lzo=01;31:*.xz=01;31:*.zst=01;31:*.tzst=01;31:*.bz2=01;31:*.bz=01;31:*.tbz=01;31:*.tbz2=01;31:*.tz=01;31:*.deb=01;31:*.rpm=01;31:*.jar=01;31:*.war=01;31:*.ear=01;31:*.sar=01;31:*.rar=01;31:*.alz=01;31:*.ace=01;31:*.zoo=01;31:*.cpio=01;31:*.7z=01;31:*.rz=01;31:*.cab=01;31:*.wim=01;31:*.swm=01;31:*.dwm=01;31:*.esd=01;31:*.avif=01;35:*.jpg=01;35:*.jpeg=01;35:*.mjpg=01;35:*.mjpeg=01;35:*.gif=01;35:*.bmp=01;35:*.pbm=01;35:*.pgm=01;35:*.ppm=01;35:*.tga=01;35:*.xbm=01;35:*.xpm=01;35:*.tif=01;35:*.tiff=01;35:*.png=01;35:*.svg=01;35:*.svgz=01;35:*.mng=01;35:*.pcx=01;35:*.mov=01;35:*.mpg=01;35:*.mpeg=01;35:*.m2v=01;35:*.mkv=01;35:*.webm=01;35:*.webp=01;35:*.ogm=01;35:*.mp4=01;35:*.m4v=01;35:*.mp4v=01;35:*.vob=01;35:*.qt=01;35:*.nuv=01;35:*.wmv=01;35:*.asf=01;35:*.rm=01;35:*.rmvb=01;35:*.flc=01;35:*.avi=01;35:*.fli=01;35:*.flv=01;35:*.gl=01;35:*.dl=01;35:*.xcf=01;35:*.xwd=01;35:*.yuv=01;35:*.cgm=01;35:*.emf=01;35:*.ogv=01;35:*.ogx=01;35:*.aac=00;36:*.au=00;36:*.flac=00;36:*.m4a=00;36:*.mid=00;36:*.midi=00;36:*.mka=00;36:*.mp3=00;36:*.mpc=00;36:*.ogg=00;36:*.ra=00;36:*.wav=00;36:*.oga=00;36:*.opus=00;36:*.spx=00;36:*.xspf=00;36:*~=00;90:*#=00;90:*.bak=00;90:*.crdownload=00;90:*.dpkg-dist=00;90:*.dpkg-new=00;90:*.dpkg-old=00;90:*.dpkg-tmp=00;90:*.old=00;90:*.orig=00;90:*.part=00;90:*.rej=00;90:*.rpmnew=00;90:*.rpmorig=00;90:*.rpmsave=00;90:*.swp=00;90:*.tmp=00;90:*.ucf-dist=00;90:*.ucf-new=00;90:*.ucf-old=00;90:', 'GNOME_TERMINAL_SERVICE': ':1.101', 'SSH_AUTH_SOCK': '/run/user/1000/keyring/ssh', 'ROS_DOMAIN_ID': '3', 'AMENT_PREFIX_PATH': '/home/seeno04/inno_ws/install/sllidar_ros2:/opt/ros/jazzy', 'SHELL': '/bin/bash', 'LC_NAME': 'ko_KR.UTF-8', 'QT_ACCESSIBILITY': '1', 'GDMSESSION': 'ubuntu', 'LESSCLOSE': '/usr/bin/lesspipe %s %s', 'LC_MEASUREMENT': 'ko_KR.UTF-8', 'LC_IDENTIFICATION': 'ko_KR.UTF-8', 'ROS_AUTOMATIC_DISCOVERY_RANGE': 'SUBNET', 'QT_IM_MODULE': 'ibus', 'PWD': '/home/seeno04/camera_ws/build/camera_ros', 'LC_ALL': 'ko_KR.UTF-8', 'XDG_CONFIG_DIRS': '/etc/xdg/xdg-ubuntu:/etc/xdg', 'XDG_DATA_DIRS': '/usr/share/ubuntu:/usr/share/gnome:/usr/local/share/:/usr/share/:/var/lib/snapd/desktop', 'PYTHONPATH': '/opt/ros/jazzy/lib/python3.12/site-packages', 'LC_NUMERIC': 'ko_KR.UTF-8', 'LC_PAPER': 'ko_KR.UTF-8', 'COLCON': '1', 'MEMORY_PRESSURE_WRITE': 'c29tZSAyMDAwMDAgMjAwMDAwMAA=', 'VTE_VERSION': '7600', 'CMAKE_PREFIX_PATH': '/home/seeno04/inno_ws/install/sllidar_ros2:/opt/ros/jazzy/opt/gz_math_vendor:/opt/ros/jazzy/opt/gz_utils_vendor:/opt/ros/jazzy/opt/gz_cmake_vendor:/opt/ros/jazzy'}), 'shell': False}
[398.959714] (-) TimerEvent: {}
[399.033980] (camera_ros) StdoutLine: {'line': b'-- The C compiler identification is GNU 13.3.0\n'}
[399.059828] (-) TimerEvent: {}
[399.138391] (camera_ros) StdoutLine: {'line': b'-- The CXX compiler identification is GNU 13.3.0\n'}
[399.159943] (-) TimerEvent: {}
[399.173197] (camera_ros) StdoutLine: {'line': b'-- Detecting C compiler ABI info\n'}
[399.260066] (-) TimerEvent: {}
[399.343193] (camera_ros) StdoutLine: {'line': b'-- Detecting C compiler ABI info - done\n'}
[399.360196] (-) TimerEvent: {}
[399.360745] (camera_ros) StdoutLine: {'line': b'-- Check for working C compiler: /usr/bin/cc - skipped\n'}
[399.361130] (camera_ros) StdoutLine: {'line': b'-- Detecting C compile features\n'}
[399.361699] (camera_ros) StdoutLine: {'line': b'-- Detecting C compile features - done\n'}
[399.380981] (camera_ros) StdoutLine: {'line': b'-- Detecting CXX compiler ABI info\n'}
[399.460309] (-) TimerEvent: {}
[399.557452] (camera_ros) StdoutLine: {'line': b'-- Detecting CXX compiler ABI info - done\n'}
[399.560618] (-) TimerEvent: {}
[399.577403] (camera_ros) StdoutLine: {'line': b'-- Check for working CXX compiler: /usr/bin/c++ - skipped\n'}
[399.577795] (camera_ros) StdoutLine: {'line': b'-- Detecting CXX compile features\n'}
[399.578472] (camera_ros) StdoutLine: {'line': b'-- Detecting CXX compile features - done\n'}
[399.587151] (camera_ros) StdoutLine: {'line': b'-- Found ament_cmake: 2.5.6 (/opt/ros/jazzy/share/ament_cmake/cmake)\n'}
[399.660673] (-) TimerEvent: {}
[399.760990] (-) TimerEvent: {}
[399.789567] (camera_ros) StdoutLine: {'line': b'-- Found Python3: /usr/bin/python3 (found version "3.12.3") found components: Interpreter \n'}
[399.861093] (-) TimerEvent: {}
[399.961421] (-) TimerEvent: {}
[400.011269] (camera_ros) StdoutLine: {'line': b'-- Found PkgConfig: /usr/bin/pkg-config (found version "1.8.1") \n'}
[400.017397] (camera_ros) StdoutLine: {'line': b'-- Found rclcpp: 28.1.21 (/opt/ros/jazzy/share/rclcpp/cmake)\n'}
[400.061538] (-) TimerEvent: {}
[400.114942] (camera_ros) StdoutLine: {'line': b'-- Found rosidl_generator_c: 4.6.9 (/opt/ros/jazzy/share/rosidl_generator_c/cmake)\n'}
[400.146391] (camera_ros) StdoutLine: {'line': b'-- Found rosidl_generator_cpp: 4.6.9 (/opt/ros/jazzy/share/rosidl_generator_cpp/cmake)\n'}
[400.161664] (-) TimerEvent: {}
[400.191240] (camera_ros) StdoutLine: {'line': b'-- Using all available rosidl_typesupport_c: rosidl_typesupport_fastrtps_c;rosidl_typesupport_introspection_c\n'}
[400.234198] (camera_ros) StdoutLine: {'line': b'-- Using all available rosidl_typesupport_cpp: rosidl_typesupport_fastrtps_cpp;rosidl_typesupport_introspection_cpp\n'}
[400.261780] (-) TimerEvent: {}
[400.362093] (-) TimerEvent: {}
[400.410659] (camera_ros) StdoutLine: {'line': b'-- Found rmw_implementation_cmake: 7.3.3 (/opt/ros/jazzy/share/rmw_implementation_cmake/cmake)\n'}
[400.425902] (camera_ros) StdoutLine: {'line': b'-- Found rmw_fastrtps_cpp: 8.4.4 (/opt/ros/jazzy/share/rmw_fastrtps_cpp/cmake)\n'}
[400.462245] (-) TimerEvent: {}
[400.562580] (-) TimerEvent: {}
[400.602766] (camera_ros) StdoutLine: {'line': b'-- Found OpenSSL: /usr/lib/aarch64-linux-gnu/libcrypto.so (found version "3.0.13")  \n'}
[400.638242] (camera_ros) StdoutLine: {'line': b'-- Found FastRTPS: /opt/ros/jazzy/include (Required is at least version "2.13") \n'}
[400.662703] (-) TimerEvent: {}
[400.683523] (camera_ros) StdoutLine: {'line': b"-- Using RMW implementation 'rmw_fastrtps_cpp' as default\n"}
[400.762809] (-) TimerEvent: {}
[400.863089] (-) TimerEvent: {}
[400.880438] (camera_ros) StdoutLine: {'line': b'-- Found rclcpp_components: 28.1.21 (/opt/ros/jazzy/share/rclcpp_components/cmake)\n'}
[400.953950] (camera_ros) StdoutLine: {'line': b'-- Found sensor_msgs: 5.3.8 (/opt/ros/jazzy/share/sensor_msgs/cmake)\n'}
[400.967260] (-) TimerEvent: {}
[401.067623] (-) TimerEvent: {}
[401.083747] (camera_ros) StdoutLine: {'line': b'-- Found diagnostic_msgs: 5.3.8 (/opt/ros/jazzy/share/diagnostic_msgs/cmake)\n'}
[401.125631] (camera_ros) StdoutLine: {'line': b'-- Found camera_info_manager: 5.1.8 (/opt/ros/jazzy/share/camera_info_manager/cmake)\n'}
[401.147661] (camera_ros) StdoutLine: {'line': b"-- Setting yaml-cpp_DIR to: '/opt/ros/jazzy/share/yaml_cpp_vendor/cmake/../../../opt/yaml_cpp_vendor/share/cmake/yaml-cpp'\n"}
[401.167737] (-) TimerEvent: {}
[401.226860] (camera_ros) StdoutLine: {'line': b'-- Found cv_bridge: 4.1.0 (/opt/ros/jazzy/share/cv_bridge/cmake)\n'}
[401.255613] (camera_ros) StdoutLine: {'line': b"-- Checking for module 'libcamera>=0.1'\n"}
[401.269529] (-) TimerEvent: {}
[401.289316] (camera_ros) StdoutLine: {'line': b'--   Found libcamera, version 0.7.1\n'}
[401.369644] (-) TimerEvent: {}
[401.418836] (camera_ros) StdoutLine: {'line': b'-- Found ament_lint_auto: 0.17.5 (/opt/ros/jazzy/share/ament_lint_auto/cmake)\n'}
[401.469736] (-) TimerEvent: {}
[401.570062] (-) TimerEvent: {}
[401.635639] (camera_ros) StdoutLine: {'line': b"-- Added test 'clang_format' to check C / C++ code style\n"}
[401.643424] (camera_ros) StdoutLine: {'line': b"-- Added test 'cppcheck' to perform static code analysis on C / C++ code\n"}
[401.643941] (camera_ros) StdoutLine: {'line': b'-- Configured cppcheck include dirs: \n'}
[401.644703] (camera_ros) StdoutLine: {'line': b'-- Configured cppcheck exclude dirs and/or files: \n'}
[401.651050] (camera_ros) StdoutLine: {'line': b"-- Added test 'flake8' to check Python code syntax and style conventions\n"}
[401.651402] (camera_ros) StdoutLine: {'line': b"-- Configured 'flake8' exclude dirs and/or files: \n"}
[401.652126] (camera_ros) StdoutLine: {'line': b"-- Added test 'lint_cmake' to check CMake code style\n"}
[401.653852] (camera_ros) StdoutLine: {'line': b"-- Added test 'mypy' to statically type check Python code.\n"}
[401.655687] (camera_ros) StdoutLine: {'line': b"-- Added test 'pep257' to check Python code against some of the docstring style conventions in PEP 257\n"}
[401.657226] (camera_ros) StdoutLine: {'line': b"-- Added test 'pyflakes' to perform static code analysis on Python code\n"}
[401.659118] (camera_ros) StdoutLine: {'line': b"-- Added test 'xmllint' to check XML markup files\n"}
[401.667440] (camera_ros) StdoutLine: {'line': b'-- Configuring done (2.7s)\n'}
[401.674239] (-) TimerEvent: {}
[401.713472] (camera_ros) StdoutLine: {'line': b'-- Generating done (0.0s)\n'}
[401.727506] (camera_ros) StdoutLine: {'line': b'-- Build files have been written to: /home/seeno04/camera_ws/build/camera_ros\n'}
[401.756369] (camera_ros) CommandEnded: {'returncode': 0}
[401.757145] (camera_ros) JobProgress: {'identifier': 'camera_ros', 'progress': 'build'}
[401.757946] (camera_ros) Command: {'cmd': ['/usr/bin/cmake', '--build', '/home/seeno04/camera_ws/build/camera_ros', '--', '-j4', '-l4'], 'cwd': '/home/seeno04/camera_ws/build/camera_ros', 'env': OrderedDict({'LESSOPEN': '| /usr/bin/lesspipe %s', 'USER': 'seeno04', 'LC_TIME': 'ko_KR.UTF-8', 'XDG_SESSION_TYPE': 'wayland', 'CLUTTER_DISABLE_MIPMAPPED_TEXT': '1', 'SHLVL': '1', 'LD_LIBRARY_PATH': '/home/seeno04/camera_ws/install/libcamera/lib:/opt/ros/jazzy/opt/rviz_ogre_vendor/lib:/opt/ros/jazzy/lib/aarch64-linux-gnu:/opt/ros/jazzy/opt/gz_math_vendor/lib:/opt/ros/jazzy/opt/gz_utils_vendor/lib:/opt/ros/jazzy/opt/gz_cmake_vendor/lib:/opt/ros/jazzy/lib', 'HOME': '/home/seeno04', 'OLDPWD': '/home/seeno04/camera_ws', 'DESKTOP_SESSION': 'ubuntu', 'ROS_PYTHON_VERSION': '3', 'GNOME_SHELL_SESSION_MODE': 'ubuntu', 'GTK_MODULES': 'gail:atk-bridge', 'LC_MONETARY': 'ko_KR.UTF-8', 'SYSTEMD_EXEC_PID': '2930', 'GSM_SKIP_SSH_AGENT_WORKAROUND': 'true', 'DBUS_SESSION_BUS_ADDRESS': 'unix:path=/run/user/1000/bus', 'COLORTERM': 'truecolor', 'DEBUGINFOD_URLS': 'https://debuginfod.ubuntu.com', 'IM_CONFIG_PHASE': '1', 'WAYLAND_DISPLAY': 'wayland-0', 'COLCON_PREFIX_PATH': '/home/seeno04/inno_ws/install', 'ROS_DISTRO': 'jazzy', 'LOGNAME': 'seeno04', '_': '/usr/bin/colcon', 'ROS_VERSION': '2', 'MEMORY_PRESSURE_WATCH': '/sys/fs/cgroup/user.slice/user-1000.slice/user@1000.service/session.slice/org.gnome.Shell@wayland.service/memory.pressure', 'XDG_SESSION_CLASS': 'user', 'PKG_CONFIG_PATH': '/home/seeno04/camera_ws/install/libcamera/lib/pkgconfig', 'USERNAME': 'seeno04', 'TERM': 'xterm-256color', 'GNOME_DESKTOP_SESSION_ID': 'this-is-deprecated', 'ROS_LOCALHOST_ONLY': '0', 'PATH': '/home/seeno04/camera_ws/install/libcamera/bin:/home/seeno04/.local/bin:/opt/ros/jazzy/bin:/home/seeno04/.local/bin:/usr/local/sbin:/usr/local/bin:/usr/sbin:/usr/bin:/sbin:/bin:/usr/games:/usr/local/games:/snap/bin:/snap/bin', 'SESSION_MANAGER': 'local/seeno04-desktop:@/tmp/.ICE-unix/2889,unix/seeno04-desktop:/tmp/.ICE-unix/2889', 'PAPERSIZE': 'a4', 'XDG_MENU_PREFIX': 'gnome-', 'LC_ADDRESS': 'ko_KR.UTF-8', 'GNOME_TERMINAL_SCREEN': '/org/gnome/Terminal/screen/1fb37773_1218_4b89_a8fd_29a75d0cb57b', 'GNOME_SETUP_DISPLAY': ':1', 'XDG_RUNTIME_DIR': '/run/user/1000', 'DISPLAY': ':0', 'LANG': 'ko_KR.UTF-8', 'XDG_CURRENT_DESKTOP': 'ubuntu:GNOME', 'LC_TELEPHONE': 'ko_KR.UTF-8', 'XMODIFIERS': '@im=ibus', 'XDG_SESSION_DESKTOP': 'ubuntu', 'XAUTHORITY': '/run/user/1000/.mutter-Xwaylandauth.4NVOS3', 'LS_COLORS': 'rs=0:di=01;34:ln=01;36:mh=00:pi=40;33:so=01;35:do=01;35:bd=40;33;01:cd=40;33;01:or=40;31;01:mi=00:su=37;41:sg=30;43:ca=00:tw=30;42:ow=34;42:st=37;44:ex=01;32:*.tar=01;31:*.tgz=01;31:*.arc=01;31:*.arj=01;31:*.taz=01;31:*.lha=01;31:*.lz4=01;31:*.lzh=01;31:*.lzma=01;31:*.tlz=01;31:*.txz=01;31:*.tzo=01;31:*.t7z=01;31:*.zip=01;31:*.z=01;31:*.dz=01;31:*.gz=01;31:*.lrz=01;31:*.lz=01;31:*.lzo=01;31:*.xz=01;31:*.zst=01;31:*.tzst=01;31:*.bz2=01;31:*.bz=01;31:*.tbz=01;31:*.tbz2=01;31:*.tz=01;31:*.deb=01;31:*.rpm=01;31:*.jar=01;31:*.war=01;31:*.ear=01;31:*.sar=01;31:*.rar=01;31:*.alz=01;31:*.ace=01;31:*.zoo=01;31:*.cpio=01;31:*.7z=01;31:*.rz=01;31:*.cab=01;31:*.wim=01;31:*.swm=01;31:*.dwm=01;31:*.esd=01;31:*.avif=01;35:*.jpg=01;35:*.jpeg=01;35:*.mjpg=01;35:*.mjpeg=01;35:*.gif=01;35:*.bmp=01;35:*.pbm=01;35:*.pgm=01;35:*.ppm=01;35:*.tga=01;35:*.xbm=01;35:*.xpm=01;35:*.tif=01;35:*.tiff=01;35:*.png=01;35:*.svg=01;35:*.svgz=01;35:*.mng=01;35:*.pcx=01;35:*.mov=01;35:*.mpg=01;35:*.mpeg=01;35:*.m2v=01;35:*.mkv=01;35:*.webm=01;35:*.webp=01;35:*.ogm=01;35:*.mp4=01;35:*.m4v=01;35:*.mp4v=01;35:*.vob=01;35:*.qt=01;35:*.nuv=01;35:*.wmv=01;35:*.asf=01;35:*.rm=01;35:*.rmvb=01;35:*.flc=01;35:*.avi=01;35:*.fli=01;35:*.flv=01;35:*.gl=01;35:*.dl=01;35:*.xcf=01;35:*.xwd=01;35:*.yuv=01;35:*.cgm=01;35:*.emf=01;35:*.ogv=01;35:*.ogx=01;35:*.aac=00;36:*.au=00;36:*.flac=00;36:*.m4a=00;36:*.mid=00;36:*.midi=00;36:*.mka=00;36:*.mp3=00;36:*.mpc=00;36:*.ogg=00;36:*.ra=00;36:*.wav=00;36:*.oga=00;36:*.opus=00;36:*.spx=00;36:*.xspf=00;36:*~=00;90:*#=00;90:*.bak=00;90:*.crdownload=00;90:*.dpkg-dist=00;90:*.dpkg-new=00;90:*.dpkg-old=00;90:*.dpkg-tmp=00;90:*.old=00;90:*.orig=00;90:*.part=00;90:*.rej=00;90:*.rpmnew=00;90:*.rpmorig=00;90:*.rpmsave=00;90:*.swp=00;90:*.tmp=00;90:*.ucf-dist=00;90:*.ucf-new=00;90:*.ucf-old=00;90:', 'GNOME_TERMINAL_SERVICE': ':1.101', 'SSH_AUTH_SOCK': '/run/user/1000/keyring/ssh', 'ROS_DOMAIN_ID': '3', 'AMENT_PREFIX_PATH': '/home/seeno04/inno_ws/install/sllidar_ros2:/opt/ros/jazzy', 'SHELL': '/bin/bash', 'LC_NAME': 'ko_KR.UTF-8', 'QT_ACCESSIBILITY': '1', 'GDMSESSION': 'ubuntu', 'LESSCLOSE': '/usr/bin/lesspipe %s %s', 'LC_MEASUREMENT': 'ko_KR.UTF-8', 'LC_IDENTIFICATION': 'ko_KR.UTF-8', 'ROS_AUTOMATIC_DISCOVERY_RANGE': 'SUBNET', 'QT_IM_MODULE': 'ibus', 'PWD': '/home/seeno04/camera_ws/build/camera_ros', 'LC_ALL': 'ko_KR.UTF-8', 'XDG_CONFIG_DIRS': '/etc/xdg/xdg-ubuntu:/etc/xdg', 'XDG_DATA_DIRS': '/usr/share/ubuntu:/usr/share/gnome:/usr/local/share/:/usr/share/:/var/lib/snapd/desktop', 'PYTHONPATH': '/opt/ros/jazzy/lib/python3.12/site-packages', 'LC_NUMERIC': 'ko_KR.UTF-8', 'LC_PAPER': 'ko_KR.UTF-8', 'COLCON': '1', 'MEMORY_PRESSURE_WRITE': 'c29tZSAyMDAwMDAgMjAwMDAwMAA=', 'VTE_VERSION': '7600', 'CMAKE_PREFIX_PATH': '/home/seeno04/inno_ws/install/sllidar_ros2:/opt/ros/jazzy/opt/gz_math_vendor:/opt/ros/jazzy/opt/gz_utils_vendor:/opt/ros/jazzy/opt/gz_cmake_vendor:/opt/ros/jazzy'}), 'shell': False}
[401.774368] (-) TimerEvent: {}
[401.853083] (camera_ros) StdoutLine: {'line': b'[  7%] \x1b[32mBuilding CXX object CMakeFiles/utils.dir/src/format_mapping.cpp.o\x1b[0m\n'}
[401.874519] (-) TimerEvent: {}
[401.974939] (-) TimerEvent: {}
[402.075471] (-) TimerEvent: {}
[402.175844] (-) TimerEvent: {}
[402.276212] (-) TimerEvent: {}
[402.376545] (-) TimerEvent: {}
[402.476866] (-) TimerEvent: {}
[402.577215] (-) TimerEvent: {}
[402.677512] (-) TimerEvent: {}
[402.777868] (-) TimerEvent: {}
[402.878213] (-) TimerEvent: {}
[402.978552] (-) TimerEvent: {}
[403.078884] (-) TimerEvent: {}
[403.179233] (-) TimerEvent: {}
[403.279585] (-) TimerEvent: {}
[403.379925] (-) TimerEvent: {}
[403.480274] (-) TimerEvent: {}
[403.580628] (-) TimerEvent: {}
[403.680974] (-) TimerEvent: {}
[403.781364] (-) TimerEvent: {}
[403.881721] (-) TimerEvent: {}
[403.982083] (-) TimerEvent: {}
[404.082497] (-) TimerEvent: {}
[404.182970] (-) TimerEvent: {}
[404.283330] (-) TimerEvent: {}
[404.383671] (-) TimerEvent: {}
[404.484008] (-) TimerEvent: {}
[404.584350] (-) TimerEvent: {}
[404.684713] (-) TimerEvent: {}
[404.785325] (-) TimerEvent: {}
[404.885644] (-) TimerEvent: {}
[404.985964] (-) TimerEvent: {}
[405.086308] (-) TimerEvent: {}
[405.186656] (-) TimerEvent: {}
[405.287229] (-) TimerEvent: {}
[405.388061] (-) TimerEvent: {}
[405.488459] (-) TimerEvent: {}
[405.545034] (camera_ros) StdoutLine: {'line': b'[ 15%] \x1b[32mBuilding CXX object CMakeFiles/utils.dir/src/pretty_print.cpp.o\x1b[0m\n'}
[405.588569] (-) TimerEvent: {}
[405.689008] (-) TimerEvent: {}
[405.801186] (-) TimerEvent: {}
[405.901527] (-) TimerEvent: {}
[406.001852] (-) TimerEvent: {}
[406.102203] (-) TimerEvent: {}
[406.202535] (-) TimerEvent: {}
[406.302885] (-) TimerEvent: {}
[406.403218] (-) TimerEvent: {}
[406.503552] (-) TimerEvent: {}
[406.603893] (-) TimerEvent: {}
[406.704240] (-) TimerEvent: {}
[406.804600] (-) TimerEvent: {}
[406.904943] (-) TimerEvent: {}
[406.921002] (camera_ros) StdoutLine: {'line': b'[ 15%] Built target utils\n'}
[406.963741] (camera_ros) StdoutLine: {'line': b'[ 23%] \x1b[32mBuilding CXX object CMakeFiles/camera_node.dir/rclcpp_components/node_main_camera_node.cpp.o\x1b[0m\n'}
[407.005061] (-) TimerEvent: {}
[407.105408] (-) TimerEvent: {}
[407.205753] (-) TimerEvent: {}
[407.306092] (-) TimerEvent: {}
[407.406492] (-) TimerEvent: {}
[407.506874] (-) TimerEvent: {}
[407.607230] (-) TimerEvent: {}
[407.707585] (-) TimerEvent: {}
[407.807926] (-) TimerEvent: {}
[407.908308] (-) TimerEvent: {}
[408.008636] (-) TimerEvent: {}
[408.108985] (-) TimerEvent: {}
[408.209357] (-) TimerEvent: {}
[408.309703] (-) TimerEvent: {}
[408.410032] (-) TimerEvent: {}
[408.510406] (-) TimerEvent: {}
[408.610755] (-) TimerEvent: {}
[408.711112] (-) TimerEvent: {}
[408.811469] (-) TimerEvent: {}
[408.911814] (-) TimerEvent: {}
[409.012138] (-) TimerEvent: {}
[409.112471] (-) TimerEvent: {}
[409.212781] (-) TimerEvent: {}
[409.313120] (-) TimerEvent: {}
[409.413421] (-) TimerEvent: {}
[409.513771] (-) TimerEvent: {}
[409.614117] (-) TimerEvent: {}
[409.714446] (-) TimerEvent: {}
[409.814776] (-) TimerEvent: {}
[409.915117] (-) TimerEvent: {}
[410.015479] (-) TimerEvent: {}
[410.115802] (-) TimerEvent: {}
[410.216147] (-) TimerEvent: {}
[410.316456] (-) TimerEvent: {}
[410.416757] (-) TimerEvent: {}
[410.517093] (-) TimerEvent: {}
[410.617452] (-) TimerEvent: {}
[410.717804] (-) TimerEvent: {}
[410.818275] (-) TimerEvent: {}
[410.918624] (-) TimerEvent: {}
[411.018965] (-) TimerEvent: {}
[411.119321] (-) TimerEvent: {}
[411.219652] (-) TimerEvent: {}
[411.320009] (-) TimerEvent: {}
[411.420392] (-) TimerEvent: {}
[411.520747] (-) TimerEvent: {}
[411.621097] (-) TimerEvent: {}
[411.721447] (-) TimerEvent: {}
[411.821782] (-) TimerEvent: {}
[411.922111] (-) TimerEvent: {}
[412.022462] (-) TimerEvent: {}
[412.122802] (-) TimerEvent: {}
[412.223131] (-) TimerEvent: {}
[412.323486] (-) TimerEvent: {}
[412.423819] (-) TimerEvent: {}
[412.524150] (-) TimerEvent: {}
[412.624519] (-) TimerEvent: {}
[412.724888] (-) TimerEvent: {}
[412.825220] (-) TimerEvent: {}
[412.925548] (-) TimerEvent: {}
[413.025870] (-) TimerEvent: {}
[413.126209] (-) TimerEvent: {}
[413.226546] (-) TimerEvent: {}
[413.326886] (-) TimerEvent: {}
[413.427227] (-) TimerEvent: {}
[413.527561] (-) TimerEvent: {}
[413.627870] (-) TimerEvent: {}
[413.728217] (-) TimerEvent: {}
[413.828539] (-) TimerEvent: {}
[413.928851] (-) TimerEvent: {}
[414.029226] (-) TimerEvent: {}
[414.129655] (-) TimerEvent: {}
[414.142854] (camera_ros) StdoutLine: {'line': b'[ 30%] \x1b[32m\x1b[1mLinking CXX executable camera_node\x1b[0m\n'}
[414.229802] (-) TimerEvent: {}
[414.330357] (-) TimerEvent: {}
[414.430798] (-) TimerEvent: {}
[414.531464] (-) TimerEvent: {}
[414.562855] (camera_ros) StdoutLine: {'line': b'[ 30%] Built target camera_node\n'}
[414.602305] (camera_ros) StdoutLine: {'line': b'[ 38%] \x1b[32mBuilding CXX object CMakeFiles/param.dir/src/clamp.cpp.o\x1b[0m\n'}
[414.631583] (-) TimerEvent: {}
[414.731909] (-) TimerEvent: {}
[414.832226] (-) TimerEvent: {}
[414.932560] (-) TimerEvent: {}
[415.032920] (-) TimerEvent: {}
[415.133270] (-) TimerEvent: {}
[415.233580] (-) TimerEvent: {}
[415.333933] (-) TimerEvent: {}
[415.434278] (-) TimerEvent: {}
[415.534606] (-) TimerEvent: {}
[415.634927] (-) TimerEvent: {}
[415.735236] (-) TimerEvent: {}
[415.835598] (-) TimerEvent: {}
[415.935918] (-) TimerEvent: {}
[416.036224] (-) TimerEvent: {}
[416.136565] (-) TimerEvent: {}
[416.236867] (-) TimerEvent: {}
[416.337211] (-) TimerEvent: {}
[416.437574] (-) TimerEvent: {}
[416.524872] (camera_ros) StdoutLine: {'line': b'[ 46%] \x1b[32mBuilding CXX object CMakeFiles/param.dir/src/types.cpp.o\x1b[0m\n'}
[416.538549] (-) TimerEvent: {}
[416.638933] (-) TimerEvent: {}
[416.739332] (-) TimerEvent: {}
[416.839676] (-) TimerEvent: {}
[416.940018] (-) TimerEvent: {}
[417.040367] (-) TimerEvent: {}
[417.140670] (-) TimerEvent: {}
[417.241020] (-) TimerEvent: {}
[417.341381] (-) TimerEvent: {}
[417.441721] (-) TimerEvent: {}
[417.542062] (-) TimerEvent: {}
[417.624752] (camera_ros) StdoutLine: {'line': b'[ 53%] \x1b[32mBuilding CXX object CMakeFiles/param.dir/src/type_extent.cpp.o\x1b[0m\n'}
[417.642215] (-) TimerEvent: {}
[417.742592] (-) TimerEvent: {}
[417.842921] (-) TimerEvent: {}
[417.943263] (-) TimerEvent: {}
[418.043596] (-) TimerEvent: {}
[418.143969] (-) TimerEvent: {}
[418.244323] (-) TimerEvent: {}
[418.344653] (-) TimerEvent: {}
[418.445028] (-) TimerEvent: {}
[418.545429] (-) TimerEvent: {}
[418.645776] (-) TimerEvent: {}
[418.670979] (camera_ros) StdoutLine: {'line': b'[ 61%] \x1b[32mBuilding CXX object CMakeFiles/param.dir/src/ParameterHandler.cpp.o\x1b[0m\n'}
[418.745887] (-) TimerEvent: {}
[418.846259] (-) TimerEvent: {}
[418.946625] (-) TimerEvent: {}
[419.046966] (-) TimerEvent: {}
[419.147343] (-) TimerEvent: {}
[419.247691] (-) TimerEvent: {}
[419.348067] (-) TimerEvent: {}
[419.448511] (-) TimerEvent: {}
[419.548914] (-) TimerEvent: {}
[419.649274] (-) TimerEvent: {}
[419.749626] (-) TimerEvent: {}
[419.849965] (-) TimerEvent: {}
[419.950312] (-) TimerEvent: {}
[420.050648] (-) TimerEvent: {}
[420.150993] (-) TimerEvent: {}
[420.251382] (-) TimerEvent: {}
[420.351724] (-) TimerEvent: {}
[420.452055] (-) TimerEvent: {}
[420.552408] (-) TimerEvent: {}
[420.652753] (-) TimerEvent: {}
[420.753083] (-) TimerEvent: {}
[420.853422] (-) TimerEvent: {}
[420.953796] (-) TimerEvent: {}
[421.054150] (-) TimerEvent: {}
[421.154499] (-) TimerEvent: {}
[421.254844] (-) TimerEvent: {}
[421.355218] (-) TimerEvent: {}
[421.455588] (-) TimerEvent: {}
[421.555913] (-) TimerEvent: {}
[421.656232] (-) TimerEvent: {}
[421.756559] (-) TimerEvent: {}
[421.856882] (-) TimerEvent: {}
[421.957237] (-) TimerEvent: {}
[422.057567] (-) TimerEvent: {}
[422.157904] (-) TimerEvent: {}
[422.258224] (-) TimerEvent: {}
[422.358566] (-) TimerEvent: {}
[422.458876] (-) TimerEvent: {}
[422.559210] (-) TimerEvent: {}
[422.659537] (-) TimerEvent: {}
[422.759866] (-) TimerEvent: {}
[422.860219] (-) TimerEvent: {}
[422.960542] (-) TimerEvent: {}
[423.060870] (-) TimerEvent: {}
[423.161204] (-) TimerEvent: {}
[423.261577] (-) TimerEvent: {}
[423.361908] (-) TimerEvent: {}
[423.462260] (-) TimerEvent: {}
[423.562592] (-) TimerEvent: {}
[423.662920] (-) TimerEvent: {}
[423.763265] (-) TimerEvent: {}
[423.863807] (-) TimerEvent: {}
[423.964166] (-) TimerEvent: {}
[424.064486] (-) TimerEvent: {}
[424.164797] (-) TimerEvent: {}
[424.265116] (-) TimerEvent: {}
[424.365495] (-) TimerEvent: {}
[424.465908] (-) TimerEvent: {}
[424.566253] (-) TimerEvent: {}
[424.666630] (-) TimerEvent: {}
[424.764539] (camera_ros) StdoutLine: {'line': b'[ 76%] \x1b[32mBuilding CXX object CMakeFiles/param.dir/src/pv_to_cv.cpp.o\x1b[0m\n'}
[424.764895] (camera_ros) StdoutLine: {'line': b'[ 76%] \x1b[32mBuilding CXX object CMakeFiles/param.dir/src/ParameterConflictHandler.cpp.o\x1b[0m\n'}
[424.766790] (-) TimerEvent: {}
[424.867637] (-) TimerEvent: {}
[424.969977] (-) TimerEvent: {}
[425.070356] (-) TimerEvent: {}
[425.170786] (-) TimerEvent: {}
[425.271332] (-) TimerEvent: {}
[425.371708] (-) TimerEvent: {}
[425.472183] (-) TimerEvent: {}
[425.572539] (-) TimerEvent: {}
[425.672937] (-) TimerEvent: {}
[425.773362] (-) TimerEvent: {}
[425.873728] (-) TimerEvent: {}
[425.974110] (-) TimerEvent: {}
[426.074533] (-) TimerEvent: {}
[426.174929] (-) TimerEvent: {}
[426.275319] (-) TimerEvent: {}
[426.375702] (-) TimerEvent: {}
[426.476096] (-) TimerEvent: {}
[426.576487] (-) TimerEvent: {}
[426.676875] (-) TimerEvent: {}
[426.739438] (camera_ros) StdoutLine: {'line': b'[ 84%] \x1b[32mBuilding CXX object CMakeFiles/param.dir/src/cv_to_pv.cpp.o\x1b[0m\n'}
[426.777000] (-) TimerEvent: {}
[426.877367] (-) TimerEvent: {}
[426.977752] (-) TimerEvent: {}
[427.078146] (-) TimerEvent: {}
[427.178563] (-) TimerEvent: {}
[427.279016] (-) TimerEvent: {}
[427.379416] (-) TimerEvent: {}
[427.479751] (-) TimerEvent: {}
[427.580099] (-) TimerEvent: {}
[427.680443] (-) TimerEvent: {}
[427.780849] (-) TimerEvent: {}
[427.881170] (-) TimerEvent: {}
[427.981497] (-) TimerEvent: {}
[428.081835] (-) TimerEvent: {}
[428.182187] (-) TimerEvent: {}
[428.282521] (-) TimerEvent: {}
[428.382845] (-) TimerEvent: {}
[428.483175] (-) TimerEvent: {}
[428.583500] (-) TimerEvent: {}
[428.683825] (-) TimerEvent: {}
[428.784204] (-) TimerEvent: {}
[428.884659] (-) TimerEvent: {}
[428.930436] (camera_ros) StdoutLine: {'line': b'[ 84%] Built target param\n'}
[428.975556] (camera_ros) StdoutLine: {'line': b'[ 92%] \x1b[32mBuilding CXX object CMakeFiles/camera_component.dir/src/CameraNode.cpp.o\x1b[0m\n'}
[428.984897] (-) TimerEvent: {}
[429.085239] (-) TimerEvent: {}
[429.185573] (-) TimerEvent: {}
[429.285922] (-) TimerEvent: {}
[429.386261] (-) TimerEvent: {}
[429.486600] (-) TimerEvent: {}
[429.586944] (-) TimerEvent: {}
[429.687295] (-) TimerEvent: {}
[429.787664] (-) TimerEvent: {}
[429.888026] (-) TimerEvent: {}
[429.988404] (-) TimerEvent: {}
[430.088753] (-) TimerEvent: {}
[430.189088] (-) TimerEvent: {}
[430.289454] (-) TimerEvent: {}
[430.389812] (-) TimerEvent: {}
[430.490145] (-) TimerEvent: {}
[430.590490] (-) TimerEvent: {}
[430.690784] (-) TimerEvent: {}
[430.791116] (-) TimerEvent: {}
[430.891461] (-) TimerEvent: {}
[430.991819] (-) TimerEvent: {}
[431.092139] (-) TimerEvent: {}
[431.192488] (-) TimerEvent: {}
[431.292833] (-) TimerEvent: {}
[431.393182] (-) TimerEvent: {}
[431.493519] (-) TimerEvent: {}
[431.593855] (-) TimerEvent: {}
[431.694238] (-) TimerEvent: {}
[431.794570] (-) TimerEvent: {}
[431.894880] (-) TimerEvent: {}
[431.995220] (-) TimerEvent: {}
[432.095541] (-) TimerEvent: {}
[432.195872] (-) TimerEvent: {}
[432.296238] (-) TimerEvent: {}
[432.396568] (-) TimerEvent: {}
[432.496909] (-) TimerEvent: {}
[432.597242] (-) TimerEvent: {}
[432.697612] (-) TimerEvent: {}
[432.797965] (-) TimerEvent: {}
[432.898357] (-) TimerEvent: {}
[432.998669] (-) TimerEvent: {}
[433.099012] (-) TimerEvent: {}
[433.199379] (-) TimerEvent: {}
[433.299787] (-) TimerEvent: {}
[433.400265] (-) TimerEvent: {}
[433.500596] (-) TimerEvent: {}
[433.600933] (-) TimerEvent: {}
[433.701259] (-) TimerEvent: {}
[433.801592] (-) TimerEvent: {}
[433.901937] (-) TimerEvent: {}
[434.002306] (-) TimerEvent: {}
[434.102652] (-) TimerEvent: {}
[434.203004] (-) TimerEvent: {}
[434.303358] (-) TimerEvent: {}
[434.403699] (-) TimerEvent: {}
[434.504033] (-) TimerEvent: {}
[434.604360] (-) TimerEvent: {}
[434.704654] (-) TimerEvent: {}
[434.804999] (-) TimerEvent: {}
[434.905352] (-) TimerEvent: {}
[435.005678] (-) TimerEvent: {}
[435.106007] (-) TimerEvent: {}
[435.206351] (-) TimerEvent: {}
[435.306677] (-) TimerEvent: {}
[435.407018] (-) TimerEvent: {}
[435.507354] (-) TimerEvent: {}
[435.607649] (-) TimerEvent: {}
[435.707951] (-) TimerEvent: {}
[435.808272] (-) TimerEvent: {}
[435.908618] (-) TimerEvent: {}
[436.008958] (-) TimerEvent: {}
[436.109311] (-) TimerEvent: {}
[436.209664] (-) TimerEvent: {}
[436.310127] (-) TimerEvent: {}
[436.410485] (-) TimerEvent: {}
[436.510825] (-) TimerEvent: {}
[436.611176] (-) TimerEvent: {}
[436.711500] (-) TimerEvent: {}
[436.811840] (-) TimerEvent: {}
[436.912180] (-) TimerEvent: {}
[437.012485] (-) TimerEvent: {}
[437.112810] (-) TimerEvent: {}
[437.213142] (-) TimerEvent: {}
[437.313477] (-) TimerEvent: {}
[437.413822] (-) TimerEvent: {}
[437.514150] (-) TimerEvent: {}
[437.614486] (-) TimerEvent: {}
[437.714810] (-) TimerEvent: {}
[437.815139] (-) TimerEvent: {}
[437.915506] (-) TimerEvent: {}
[438.015836] (-) TimerEvent: {}
[438.116197] (-) TimerEvent: {}
[438.216546] (-) TimerEvent: {}
[438.316907] (-) TimerEvent: {}
[438.417233] (-) TimerEvent: {}
[438.517550] (-) TimerEvent: {}
[438.617876] (-) TimerEvent: {}
[438.718222] (-) TimerEvent: {}
[438.818551] (-) TimerEvent: {}
[438.918882] (-) TimerEvent: {}
[439.019228] (-) TimerEvent: {}
[439.119554] (-) TimerEvent: {}
[439.219879] (-) TimerEvent: {}
[439.320219] (-) TimerEvent: {}
[439.420550] (-) TimerEvent: {}
[439.520917] (-) TimerEvent: {}
[439.621412] (-) TimerEvent: {}
[439.721734] (-) TimerEvent: {}
[439.822062] (-) TimerEvent: {}
[439.922438] (-) TimerEvent: {}
[440.022843] (-) TimerEvent: {}
[440.123176] (-) TimerEvent: {}
[440.223487] (-) TimerEvent: {}
[440.323812] (-) TimerEvent: {}
[440.424130] (-) TimerEvent: {}
[440.524454] (-) TimerEvent: {}
[440.624763] (-) TimerEvent: {}
[440.725084] (-) TimerEvent: {}
[440.825408] (-) TimerEvent: {}
[440.925724] (-) TimerEvent: {}
[441.026037] (-) TimerEvent: {}
[441.126373] (-) TimerEvent: {}
[441.226760] (-) TimerEvent: {}
[441.327081] (-) TimerEvent: {}
[441.427420] (-) TimerEvent: {}
[441.527749] (-) TimerEvent: {}
[441.628066] (-) TimerEvent: {}
[441.728395] (-) TimerEvent: {}
[441.828711] (-) TimerEvent: {}
[441.929029] (-) TimerEvent: {}
[442.029361] (-) TimerEvent: {}
[442.129677] (-) TimerEvent: {}
[442.230004] (-) TimerEvent: {}
[442.330335] (-) TimerEvent: {}
[442.430660] (-) TimerEvent: {}
[442.530983] (-) TimerEvent: {}
[442.631319] (-) TimerEvent: {}
[442.731650] (-) TimerEvent: {}
[442.831974] (-) TimerEvent: {}
[442.932448] (-) TimerEvent: {}
[443.032917] (-) TimerEvent: {}
[443.133244] (-) TimerEvent: {}
[443.233570] (-) TimerEvent: {}
[443.333881] (-) TimerEvent: {}
[443.434215] (-) TimerEvent: {}
[443.534529] (-) TimerEvent: {}
[443.634847] (-) TimerEvent: {}
[443.735173] (-) TimerEvent: {}
[443.835489] (-) TimerEvent: {}
[443.935799] (-) TimerEvent: {}
[444.036106] (-) TimerEvent: {}
[444.136424] (-) TimerEvent: {}
[444.236732] (-) TimerEvent: {}
[444.337044] (-) TimerEvent: {}
[444.437380] (-) TimerEvent: {}
[444.537696] (-) TimerEvent: {}
[444.638006] (-) TimerEvent: {}
[444.738332] (-) TimerEvent: {}
[444.838645] (-) TimerEvent: {}
[444.938963] (-) TimerEvent: {}
[445.039271] (-) TimerEvent: {}
[445.139543] (-) TimerEvent: {}
[445.239871] (-) TimerEvent: {}
[445.340248] (-) TimerEvent: {}
[445.440620] (-) TimerEvent: {}
[445.540975] (-) TimerEvent: {}
[445.641325] (-) TimerEvent: {}
[445.741688] (-) TimerEvent: {}
[445.842114] (-) TimerEvent: {}
[445.942546] (-) TimerEvent: {}
[446.042894] (-) TimerEvent: {}
[446.143316] (-) TimerEvent: {}
[446.243678] (-) TimerEvent: {}
[446.344050] (-) TimerEvent: {}
[446.447747] (-) TimerEvent: {}
[446.548126] (-) TimerEvent: {}
[446.648471] (-) TimerEvent: {}
[446.748952] (-) TimerEvent: {}
[446.849486] (-) TimerEvent: {}
[446.950063] (-) TimerEvent: {}
[447.050432] (-) TimerEvent: {}
[447.099574] (camera_ros) StdoutLine: {'line': b'[100%] \x1b[32m\x1b[1mLinking CXX shared library libcamera_component.so\x1b[0m\n'}
[447.150568] (-) TimerEvent: {}
[447.251051] (-) TimerEvent: {}
[447.351686] (-) TimerEvent: {}
[447.452483] (-) TimerEvent: {}
[447.553071] (-) TimerEvent: {}
[447.653904] (-) TimerEvent: {}
[447.754426] (-) TimerEvent: {}
[447.854994] (-) TimerEvent: {}
[447.955891] (-) TimerEvent: {}
[448.056840] (-) TimerEvent: {}
[448.157732] (-) TimerEvent: {}
[448.258378] (-) TimerEvent: {}
[448.359171] (-) TimerEvent: {}
[448.459552] (-) TimerEvent: {}
[448.559937] (-) TimerEvent: {}
[448.660296] (-) TimerEvent: {}
[448.760639] (-) TimerEvent: {}
[448.860947] (-) TimerEvent: {}
[448.882668] (camera_ros) StdoutLine: {'line': b'[100%] Built target camera_component\n'}
[448.906565] (camera_ros) CommandEnded: {'returncode': 0}
[448.907368] (camera_ros) JobProgress: {'identifier': 'camera_ros', 'progress': 'install'}
[448.925678] (camera_ros) Command: {'cmd': ['/usr/bin/cmake', '--install', '/home/seeno04/camera_ws/build/camera_ros'], 'cwd': '/home/seeno04/camera_ws/build/camera_ros', 'env': OrderedDict({'LESSOPEN': '| /usr/bin/lesspipe %s', 'USER': 'seeno04', 'LC_TIME': 'ko_KR.UTF-8', 'XDG_SESSION_TYPE': 'wayland', 'CLUTTER_DISABLE_MIPMAPPED_TEXT': '1', 'SHLVL': '1', 'LD_LIBRARY_PATH': '/home/seeno04/camera_ws/install/libcamera/lib:/opt/ros/jazzy/opt/rviz_ogre_vendor/lib:/opt/ros/jazzy/lib/aarch64-linux-gnu:/opt/ros/jazzy/opt/gz_math_vendor/lib:/opt/ros/jazzy/opt/gz_utils_vendor/lib:/opt/ros/jazzy/opt/gz_cmake_vendor/lib:/opt/ros/jazzy/lib', 'HOME': '/home/seeno04', 'OLDPWD': '/home/seeno04/camera_ws', 'DESKTOP_SESSION': 'ubuntu', 'ROS_PYTHON_VERSION': '3', 'GNOME_SHELL_SESSION_MODE': 'ubuntu', 'GTK_MODULES': 'gail:atk-bridge', 'LC_MONETARY': 'ko_KR.UTF-8', 'SYSTEMD_EXEC_PID': '2930', 'GSM_SKIP_SSH_AGENT_WORKAROUND': 'true', 'DBUS_SESSION_BUS_ADDRESS': 'unix:path=/run/user/1000/bus', 'COLORTERM': 'truecolor', 'DEBUGINFOD_URLS': 'https://debuginfod.ubuntu.com', 'IM_CONFIG_PHASE': '1', 'WAYLAND_DISPLAY': 'wayland-0', 'COLCON_PREFIX_PATH': '/home/seeno04/inno_ws/install', 'ROS_DISTRO': 'jazzy', 'LOGNAME': 'seeno04', '_': '/usr/bin/colcon', 'ROS_VERSION': '2', 'MEMORY_PRESSURE_WATCH': '/sys/fs/cgroup/user.slice/user-1000.slice/user@1000.service/session.slice/org.gnome.Shell@wayland.service/memory.pressure', 'XDG_SESSION_CLASS': 'user', 'PKG_CONFIG_PATH': '/home/seeno04/camera_ws/install/libcamera/lib/pkgconfig', 'USERNAME': 'seeno04', 'TERM': 'xterm-256color', 'GNOME_DESKTOP_SESSION_ID': 'this-is-deprecated', 'ROS_LOCALHOST_ONLY': '0', 'PATH': '/home/seeno04/camera_ws/install/libcamera/bin:/home/seeno04/.local/bin:/opt/ros/jazzy/bin:/home/seeno04/.local/bin:/usr/local/sbin:/usr/local/bin:/usr/sbin:/usr/bin:/sbin:/bin:/usr/games:/usr/local/games:/snap/bin:/snap/bin', 'SESSION_MANAGER': 'local/seeno04-desktop:@/tmp/.ICE-unix/2889,unix/seeno04-desktop:/tmp/.ICE-unix/2889', 'PAPERSIZE': 'a4', 'XDG_MENU_PREFIX': 'gnome-', 'LC_ADDRESS': 'ko_KR.UTF-8', 'GNOME_TERMINAL_SCREEN': '/org/gnome/Terminal/screen/1fb37773_1218_4b89_a8fd_29a75d0cb57b', 'GNOME_SETUP_DISPLAY': ':1', 'XDG_RUNTIME_DIR': '/run/user/1000', 'DISPLAY': ':0', 'LANG': 'ko_KR.UTF-8', 'XDG_CURRENT_DESKTOP': 'ubuntu:GNOME', 'LC_TELEPHONE': 'ko_KR.UTF-8', 'XMODIFIERS': '@im=ibus', 'XDG_SESSION_DESKTOP': 'ubuntu', 'XAUTHORITY': '/run/user/1000/.mutter-Xwaylandauth.4NVOS3', 'LS_COLORS': 'rs=0:di=01;34:ln=01;36:mh=00:pi=40;33:so=01;35:do=01;35:bd=40;33;01:cd=40;33;01:or=40;31;01:mi=00:su=37;41:sg=30;43:ca=00:tw=30;42:ow=34;42:st=37;44:ex=01;32:*.tar=01;31:*.tgz=01;31:*.arc=01;31:*.arj=01;31:*.taz=01;31:*.lha=01;31:*.lz4=01;31:*.lzh=01;31:*.lzma=01;31:*.tlz=01;31:*.txz=01;31:*.tzo=01;31:*.t7z=01;31:*.zip=01;31:*.z=01;31:*.dz=01;31:*.gz=01;31:*.lrz=01;31:*.lz=01;31:*.lzo=01;31:*.xz=01;31:*.zst=01;31:*.tzst=01;31:*.bz2=01;31:*.bz=01;31:*.tbz=01;31:*.tbz2=01;31:*.tz=01;31:*.deb=01;31:*.rpm=01;31:*.jar=01;31:*.war=01;31:*.ear=01;31:*.sar=01;31:*.rar=01;31:*.alz=01;31:*.ace=01;31:*.zoo=01;31:*.cpio=01;31:*.7z=01;31:*.rz=01;31:*.cab=01;31:*.wim=01;31:*.swm=01;31:*.dwm=01;31:*.esd=01;31:*.avif=01;35:*.jpg=01;35:*.jpeg=01;35:*.mjpg=01;35:*.mjpeg=01;35:*.gif=01;35:*.bmp=01;35:*.pbm=01;35:*.pgm=01;35:*.ppm=01;35:*.tga=01;35:*.xbm=01;35:*.xpm=01;35:*.tif=01;35:*.tiff=01;35:*.png=01;35:*.svg=01;35:*.svgz=01;35:*.mng=01;35:*.pcx=01;35:*.mov=01;35:*.mpg=01;35:*.mpeg=01;35:*.m2v=01;35:*.mkv=01;35:*.webm=01;35:*.webp=01;35:*.ogm=01;35:*.mp4=01;35:*.m4v=01;35:*.mp4v=01;35:*.vob=01;35:*.qt=01;35:*.nuv=01;35:*.wmv=01;35:*.asf=01;35:*.rm=01;35:*.rmvb=01;35:*.flc=01;35:*.avi=01;35:*.fli=01;35:*.flv=01;35:*.gl=01;35:*.dl=01;35:*.xcf=01;35:*.xwd=01;35:*.yuv=01;35:*.cgm=01;35:*.emf=01;35:*.ogv=01;35:*.ogx=01;35:*.aac=00;36:*.au=00;36:*.flac=00;36:*.m4a=00;36:*.mid=00;36:*.midi=00;36:*.mka=00;36:*.mp3=00;36:*.mpc=00;36:*.ogg=00;36:*.ra=00;36:*.wav=00;36:*.oga=00;36:*.opus=00;36:*.spx=00;36:*.xspf=00;36:*~=00;90:*#=00;90:*.bak=00;90:*.crdownload=00;90:*.dpkg-dist=00;90:*.dpkg-new=00;90:*.dpkg-old=00;90:*.dpkg-tmp=00;90:*.old=00;90:*.orig=00;90:*.part=00;90:*.rej=00;90:*.rpmnew=00;90:*.rpmorig=00;90:*.rpmsave=00;90:*.swp=00;90:*.tmp=00;90:*.ucf-dist=00;90:*.ucf-new=00;90:*.ucf-old=00;90:', 'GNOME_TERMINAL_SERVICE': ':1.101', 'SSH_AUTH_SOCK': '/run/user/1000/keyring/ssh', 'ROS_DOMAIN_ID': '3', 'AMENT_PREFIX_PATH': '/home/seeno04/inno_ws/install/sllidar_ros2:/opt/ros/jazzy', 'SHELL': '/bin/bash', 'LC_NAME': 'ko_KR.UTF-8', 'QT_ACCESSIBILITY': '1', 'GDMSESSION': 'ubuntu', 'LESSCLOSE': '/usr/bin/lesspipe %s %s', 'LC_MEASUREMENT': 'ko_KR.UTF-8', 'LC_IDENTIFICATION': 'ko_KR.UTF-8', 'ROS_AUTOMATIC_DISCOVERY_RANGE': 'SUBNET', 'QT_IM_MODULE': 'ibus', 'PWD': '/home/seeno04/camera_ws/build/camera_ros', 'LC_ALL': 'ko_KR.UTF-8', 'XDG_CONFIG_DIRS': '/etc/xdg/xdg-ubuntu:/etc/xdg', 'XDG_DATA_DIRS': '/usr/share/ubuntu:/usr/share/gnome:/usr/local/share/:/usr/share/:/var/lib/snapd/desktop', 'PYTHONPATH': '/opt/ros/jazzy/lib/python3.12/site-packages', 'LC_NUMERIC': 'ko_KR.UTF-8', 'LC_PAPER': 'ko_KR.UTF-8', 'COLCON': '1', 'MEMORY_PRESSURE_WRITE': 'c29tZSAyMDAwMDAgMjAwMDAwMAA=', 'VTE_VERSION': '7600', 'CMAKE_PREFIX_PATH': '/home/seeno04/inno_ws/install/sllidar_ros2:/opt/ros/jazzy/opt/gz_math_vendor:/opt/ros/jazzy/opt/gz_utils_vendor:/opt/ros/jazzy/opt/gz_cmake_vendor:/opt/ros/jazzy'}), 'shell': False}
[448.940300] (camera_ros) StdoutLine: {'line': b'-- Install configuration: ""\n'}
[448.940630] (camera_ros) StdoutLine: {'line': b'-- Installing: /home/seeno04/camera_ws/install/camera_ros/lib/camera_ros/camera_node\n'}
[448.942446] (camera_ros) StdoutLine: {'line': b'-- Set non-toolchain portion of runtime path of "/home/seeno04/camera_ws/install/camera_ros/lib/camera_ros/camera_node" to ""\n'}
[448.942800] (camera_ros) StdoutLine: {'line': b'-- Installing: /home/seeno04/camera_ws/install/camera_ros/share/camera_ros/environment/library_path.sh\n'}
[448.943038] (camera_ros) StdoutLine: {'line': b'-- Installing: /home/seeno04/camera_ws/install/camera_ros/share/camera_ros/environment/library_path.dsv\n'}
[448.943371] (camera_ros) StdoutLine: {'line': b'-- Installing: /home/seeno04/camera_ws/install/camera_ros/lib/libcamera_component.so\n'}
[448.958888] (camera_ros) StdoutLine: {'line': b'-- Set non-toolchain portion of runtime path of "/home/seeno04/camera_ws/install/camera_ros/lib/libcamera_component.so" to ""\n'}
[448.959232] (camera_ros) StdoutLine: {'line': b'-- Installing: /home/seeno04/camera_ws/install/camera_ros/share/camera_ros//launch\n'}
[448.959361] (camera_ros) StdoutLine: {'line': b'-- Installing: /home/seeno04/camera_ws/install/camera_ros/share/camera_ros//launch/camera.launch.py\n'}
[448.959498] (camera_ros) StdoutLine: {'line': b'-- Installing: /home/seeno04/camera_ws/install/camera_ros/share/ament_index/resource_index/package_run_dependencies/camera_ros\n'}
[448.959679] (camera_ros) StdoutLine: {'line': b'-- Installing: /home/seeno04/camera_ws/install/camera_ros/share/ament_index/resource_index/parent_prefix_path/camera_ros\n'}
[448.959850] (camera_ros) StdoutLine: {'line': b'-- Installing: /home/seeno04/camera_ws/install/camera_ros/share/camera_ros/environment/ament_prefix_path.sh\n'}
[448.960010] (camera_ros) StdoutLine: {'line': b'-- Installing: /home/seeno04/camera_ws/install/camera_ros/share/camera_ros/environment/ament_prefix_path.dsv\n'}
[448.960183] (camera_ros) StdoutLine: {'line': b'-- Installing: /home/seeno04/camera_ws/install/camera_ros/share/camera_ros/environment/path.sh\n'}
[448.960366] (camera_ros) StdoutLine: {'line': b'-- Installing: /home/seeno04/camera_ws/install/camera_ros/share/camera_ros/environment/path.dsv\n'}
[448.960543] (camera_ros) StdoutLine: {'line': b'-- Installing: /home/seeno04/camera_ws/install/camera_ros/share/camera_ros/local_setup.bash\n'}
[448.960714] (camera_ros) StdoutLine: {'line': b'-- Installing: /home/seeno04/camera_ws/install/camera_ros/share/camera_ros/local_setup.sh\n'}
[448.960887] (camera_ros) StdoutLine: {'line': b'-- Installing: /home/seeno04/camera_ws/install/camera_ros/share/camera_ros/local_setup.zsh\n'}
[448.960981] (-) TimerEvent: {}
[448.961121] (camera_ros) StdoutLine: {'line': b'-- Installing: /home/seeno04/camera_ws/install/camera_ros/share/camera_ros/local_setup.dsv\n'}
[448.961303] (camera_ros) StdoutLine: {'line': b'-- Installing: /home/seeno04/camera_ws/install/camera_ros/share/camera_ros/package.dsv\n'}
[448.961500] (camera_ros) StdoutLine: {'line': b'-- Installing: /home/seeno04/camera_ws/install/camera_ros/share/ament_index/resource_index/packages/camera_ros\n'}
[448.961721] (camera_ros) StdoutLine: {'line': b'-- Installing: /home/seeno04/camera_ws/install/camera_ros/share/ament_index/resource_index/rclcpp_components/camera_ros\n'}
[448.961970] (camera_ros) StdoutLine: {'line': b'-- Installing: /home/seeno04/camera_ws/install/camera_ros/share/camera_ros/cmake/camera_componentTargetsExport.cmake\n'}
[448.962167] (camera_ros) StdoutLine: {'line': b'-- Installing: /home/seeno04/camera_ws/install/camera_ros/share/camera_ros/cmake/camera_componentTargetsExport-noconfig.cmake\n'}
[448.962344] (camera_ros) StdoutLine: {'line': b'-- Installing: /home/seeno04/camera_ws/install/camera_ros/share/camera_ros/cmake/ament_cmake_export_targets-extras.cmake\n'}
[448.962517] (camera_ros) StdoutLine: {'line': b'-- Installing: /home/seeno04/camera_ws/install/camera_ros/share/camera_ros/cmake/ament_cmake_export_dependencies-extras.cmake\n'}
[448.962697] (camera_ros) StdoutLine: {'line': b'-- Installing: /home/seeno04/camera_ws/install/camera_ros/share/camera_ros/cmake/camera_rosConfig.cmake\n'}
[448.962867] (camera_ros) StdoutLine: {'line': b'-- Installing: /home/seeno04/camera_ws/install/camera_ros/share/camera_ros/cmake/camera_rosConfig-version.cmake\n'}
[448.963043] (camera_ros) StdoutLine: {'line': b'-- Installing: /home/seeno04/camera_ws/install/camera_ros/share/camera_ros/package.xml\n'}
[448.965862] (camera_ros) CommandEnded: {'returncode': 0}
[448.992331] (camera_ros) JobEnded: {'identifier': 'camera_ros', 'rc': 0}
[448.993387] (-) EventReactorShutdown: {}
